label,pred,prob
1,1,0.9998517
1,1,0.9988575
1,1,0.9999187
1,1,0.9984692
1,1,0.984516
1,1,0.88587856
1,1,0.99990654
1,1,0.9998969
1,1,0.95540243
1,1,0.9704086
1,1,0.9999329
1,1,0.90320885
1,1,0.9976172
1,1,0.9999945
1,1,0.99812883
1,1,0.99979657
1,1,0.999972
1,1,0.999129
1,1,0.9050709
1,0,0.17518501
1,1,0.9982658
1,1,0.9999629
1,1,0.98922324
1,1,0.87784374
1,1,0.9335521
1,1,0.9978802
1,1,0.99998415
1,1,0.99903595
1,1,0.9921841
1,1,0.8829839
1,1,0.99772614
1,1,0.99998796
1,1,0.99963164
1,1,0.9991272
1,1,0.99992967
1,1,0.97881407
1,1,0.9999826
1,1,0.9996692
1,1,0.99994564
1,0,0.01894171
1,1,0.9999505
1,1,0.9998111
1,1,0.99888617
1,1,0.99916553
1,1,0.9992834
1,1,0.99960333
1,1,0.98934746
1,1,0.9999443
1,1,0.79645085
1,1,0.9998634
1,1,0.99964297
1,1,0.99998176
1,1,0.99998975
1,1,0.9756698
1,1,0.99992156
1,1,0.9953994
1,1,0.9961755
1,1,0.9772842
1,1,0.9601375
1,1,0.98955137
1,1,0.99930537
1,1,0.99995387
1,1,0.9986033
1,1,0.99871826
1,1,0.97344345
1,1,0.96498734
1,1,0.6173973
1,1,0.9999851
1,1,0.9974541
1,1,0.9988098
1,1,0.98801583
1,1,0.9976404
1,1,0.9955835
1,1,0.9846495
1,1,0.9996288
1,1,0.9996935
1,1,0.99856746
1,1,0.9567152
1,1,0.97953105
1,1,0.7611836
1,1,0.999941
1,1,0.9996892
1,0,0.43065608
1,1,0.9998198
1,1,0.9998859
1,1,0.9999938
1,1,0.9972045
1,1,0.9999534
1,1,0.9993068
1,1,0.9999851
1,1,0.9605466
1,1,0.93686515
1,1,0.9970822
1,1,0.9996666
1,1,0.99842995
1,0,0.31431356
1,1,0.9989392
1,1,0.9826576
1,1,0.9985562
1,1,0.99807703
1,1,0.99998856
1,1,0.9999473
1,1,0.9999932
1,1,0.9993228
1,0,0.020410309
1,1,0.9996561
1,1,0.9978594
1,1,0.99984884
1,1,0.999879
1,1,0.9986541
1,1,0.9999324
1,1,0.99997866
1,1,0.87043214
1,1,0.9999968
1,1,0.99963236
1,0,0.040162586
1,1,0.99633574
1,1,0.9986223
1,1,0.87768656
1,1,0.6022955
1,1,0.9964342
1,1,0.99830914
1,1,0.99871576
1,1,0.99937373
1,1,0.9999225
1,1,0.9981828
1,1,0.99993896
1,1,0.9986853
1,1,0.9947391
1,1,0.999892
1,1,0.9996444
1,1,0.99908185
1,1,0.9997527
1,1,0.99998116
1,1,0.8221891
1,1,0.9994611
1,1,0.9985814
1,1,0.9583042
1,1,0.9716986
1,1,0.9999008
1,1,0.99948174
1,0,0.37379012
1,1,0.99973255
1,1,0.99492985
1,1,0.9992778
1,0,0.012870749
1,1,0.99961334
1,0,0.022457054
1,1,0.9995272
1,1,0.9563089
1,1,0.9708264
1,1,0.80193585
1,1,0.9981104
1,1,0.9995035
1,1,0.9997546
1,1,0.97151
1,1,0.9957848
1,0,0.012576347
1,1,0.9997613
1,0,0.49674037
1,1,0.9942697
1,1,0.9998332
1,1,0.99946946
1,1,0.998862
1,1,0.99792516
1,0,0.20665379
1,1,0.99776995
1,1,0.9938788
1,1,0.9816127
1,1,0.6645403
1,0,0.2055353
1,1,0.9995956
1,1,0.9997942
1,1,0.7896396
1,0,0.0032666994
1,1,0.99998546
1,1,0.99771726
1,1,0.9463493
1,1,0.9999763
1,1,0.9975799
1,1,0.6365226
1,1,0.9930559
1,1,0.95589906
1,1,0.9998104
1,1,0.9953181
1,1,0.9999454
1,0,0.09041373
1,1,0.74400586
1,1,0.9999949
1,1,0.99877685
1,1,0.9956091
1,1,0.8672045
1,1,0.99993134
1,1,0.99566
1,0,0.1810459
1,1,0.99944717
1,1,0.77415675
1,1,0.9998591
1,1,0.99393785
1,1,0.9946878
1,1,0.99903214
1,1,0.99953353
1,1,0.9991736
1,1,0.9640178
1,1,0.9993255
1,1,0.94649786
1,1,0.99165195
1,1,0.9932811
1,1,0.9890343
1,1,0.9999572
1,1,0.99986064
1,1,0.99469805
1,1,0.997851
1,0,0.00044335198
1,1,0.9998585
1,1,0.97984195
1,1,0.94699025
1,1,0.99990606
1,1,0.9950659
1,1,0.9993475
1,1,0.9978802
1,0,0.4886685
1,0,0.026230346
1,1,0.99997497
1,1,0.99998736
1,1,0.9494823
1,1,0.99998784
1,1,0.997537
1,1,0.9857729
1,1,0.99993956
1,1,0.99469805
1,0,0.045268096
1,1,0.9998981
1,1,0.9859364
1,1,0.9999621
1,1,0.9901211
1,1,0.95995015
1,1,0.98899186
1,1,0.99938095
1,1,0.9814534
1,1,0.9708817
1,1,0.9991848
1,1,0.92482364
1,1,0.9957104
1,1,0.9260366
1,1,0.99966466
1,1,0.99876
1,1,0.99999714
1,1,0.9994418
1,1,0.90657043
1,1,0.9789554
1,1,0.9997731
1,1,0.9999162
1,1,0.93952614
1,1,0.9998634
1,1,0.96538115
1,1,0.74330777
1,1,0.9999027
1,1,0.996183
1,1,0.9988373
1,1,0.99916387
1,1,0.66763544
1,1,0.9576358
1,1,0.9997631
1,1,0.9260366
1,1,0.9999237
1,1,0.9934738
1,0,0.40736285
1,1,0.8986776
1,1,0.9993487
1,0,0.008830246
1,1,0.9626028
1,1,0.9936241
1,1,0.99879575
1,1,0.99736834
1,1,0.9103862
1,1,0.996597
1,1,0.98625773
1,1,0.9992342
1,1,0.6897238
1,0,0.10608712
1,1,0.9984988
1,1,0.99998856
1,1,0.93738294
1,1,0.9890554
1,1,0.5550132
1,0,0.017259333
1,1,0.9999502
1,1,0.6424605
1,1,0.99988675
1,1,0.99994373
1,0,0.33706713
1,1,0.9994429
1,1,0.9996673
1,1,0.9982351
1,1,0.98672616
1,1,0.95846003
1,1,0.9997273
1,1,0.9997843
1,1,0.9946568
1,1,0.51006943
1,1,0.99989283
1,1,0.9992206
1,1,0.9966168
1,1,0.9670076
1,1,0.98922324
1,1,0.6019446
1,1,0.90217954
1,1,0.97212505
1,1,0.99977034
1,1,0.9507779
1,0,0.21329524
1,1,0.9993449
1,1,0.99996364
1,1,0.9999889
1,0,0.025982061
1,0,0.06785488
1,1,0.9886464
1,1,0.9999598
1,1,0.8516446
1,1,0.7084144
1,1,0.96448904
1,1,0.9992387
1,1,0.896614
1,1,0.999984
1,1,0.99525404
1,1,0.82615143
1,1,0.9965233
1,1,0.9719925
1,1,0.99792105
1,1,0.999423
1,1,0.93738294
1,1,0.91359943
1,1,0.9396923
1,1,0.9999442
1,1,0.99999523
1,1,0.9999181
1,1,0.864825
1,1,0.99946636
1,0,0.005060332
1,1,0.53457075
1,1,0.99779594
1,0,0.4861428
1,1,0.99554896
1,1,0.9997851
1,1,0.9996111
1,1,0.99996865
1,1,0.9995963
1,0,0.0058539603
1,1,0.9994837
1,1,0.9991736
1,1,0.9881309
1,1,0.9996352
1,1,0.98046875
1,1,0.7308665
1,1,0.87488115
1,1,0.99553156
1,1,0.9116528
1,1,0.99998856
1,1,0.99996734
1,1,0.99903595
1,1,0.9995073
1,1,0.99999654
1,1,0.9818579
1,0,0.023893602
1,1,0.9994363
1,1,0.9965436
1,1,0.99951494
1,1,0.99712163
1,1,0.9946568
1,1,0.99978346
1,1,0.99997306
1,0,0.087720014
1,1,0.9976265
1,1,0.9841241
1,1,0.99987173
1,1,0.8695485
1,1,0.9999497
1,1,0.9951041
1,1,0.9998722
1,1,0.99937975
1,1,0.99990165
1,0,0.037256766
1,1,0.99912554
1,1,0.9959771
1,1,0.99941623
1,1,0.99981624
1,1,0.61607003
1,1,0.631225
1,1,0.9999528
1,1,0.9950755
1,0,0.23926046
1,1,0.9992505
1,1,0.86613256
1,1,0.99999523
1,1,0.97386926
1,1,0.99883956
1,1,0.51597816
1,1,0.99895966
1,1,0.99398476
1,1,0.9899671
1,1,0.99967754
1,1,0.998784
1,1,0.9950563
1,1,0.9978636
1,1,0.8286616
1,1,0.9998596
1,1,0.9912039
1,0,0.17745423
1,1,0.9744591
1,1,0.95447797
1,1,0.9838005
1,1,0.98571813
1,1,0.6287779
1,1,0.79645085
1,0,0.01042845
1,1,0.99966204
1,1,0.99528164
1,1,0.9837225
1,0,0.1284158
1,1,0.998784
1,1,0.9998666
1,1,0.85269034
1,1,0.9451974
1,1,0.9986033
1,1,0.99985516
1,1,0.9987306
1,1,0.99994993
1,1,0.99983263
1,1,0.99885535
1,1,0.9967269
1,1,0.999941
1,1,0.87359273
1,0,0.009376237
1,1,0.99966204
1,1,0.9986142
1,1,0.97966766
1,1,0.99605453
1,1,0.99999714
1,0,0.094594024
1,1,0.99996305
1,1,0.99850756
1,1,0.7192358
1,1,0.8731607
1,1,0.9994967
1,1,0.99002504
1,1,0.9998863
1,1,0.88656783
1,1,0.99490017
1,0,0.41715276
1,1,0.9979849
1,1,0.98871195
1,1,0.99968255
1,1,0.99908006
1,1,0.9995566
1,1,0.9999392
1,1,0.99954176
1,1,0.99947566
1,1,0.9987331
1,0,0.20914644
1,1,0.9948803
1,1,0.99968004
1,1,0.99784267
1,1,0.9999939
1,1,0.99959236
1,1,0.98846966
1,1,0.99776995
1,1,0.9999751
1,1,0.99995553
1,1,0.98237246
1,0,0.08232769
1,1,0.9494823
1,1,0.98544043
1,1,0.8098782
1,1,0.9091839
1,1,0.9998579
1,0,0.13161905
1,1,0.9993917
1,1,0.9995609
1,1,0.9592307
1,0,0.35131106
1,1,0.97272736
1,1,0.99945897
1,1,0.9998511
1,1,0.80448276
1,1,0.99979097
1,0,0.4792828
1,1,0.92729753
1,1,0.99994504
1,0,0.029284457
1,1,0.96814114
1,1,0.99999833
1,1,0.99917847
1,1,0.9887988
1,1,0.96378
1,1,0.9716986
1,1,0.99999154
1,1,0.5796384
1,1,0.99910825
1,1,0.9857729
1,1,0.9964134
1,1,0.9992679
1,1,0.99924755
1,1,0.9995827
1,1,0.9986462
1,1,0.99941623
1,1,0.99980813
1,1,0.9998067
1,1,0.99880517
1,1,0.99996054
1,1,0.99812144
1,0,0.15450352
1,1,0.99564314
1,1,0.9014011
1,1,0.9953815
1,1,0.9959849
1,1,0.9999702
1,1,0.99997747
1,1,0.8101036
1,1,0.9999963
1,1,0.9997631
1,1,0.99954176
1,1,0.9859093
1,0,0.47567955
1,1,0.9729338
1,1,0.9250271
1,1,0.99995816
1,1,0.9972584
1,1,0.9985896
1,1,0.9995652
1,1,0.57621413
1,1,0.9998981
1,1,0.99986064
1,1,0.9965436
1,1,0.99999595
1,1,0.9980392
1,0,0.0009830883
1,1,0.9987005
1,1,0.9999535
1,0,0.0074173803
1,1,0.9994547
1,1,0.943086
1,1,0.9938548
1,1,0.99213856
1,1,0.99986446
1,1,0.99496907
1,1,0.9999031
1,1,0.9996493
1,1,0.7669051
1,1,0.9992749
1,0,0.05921025
1,0,0.36656138
1,1,0.9999155
1,1,0.98197925
1,1,0.9994867
1,1,0.9835338
1,1,0.9474783
1,1,0.8527516
1,1,0.99995303
1,1,0.9326989
1,1,0.99911004
1,1,0.9991991
1,0,0.20866227
1,1,0.98761624
1,0,0.47241727
1,1,0.9878528
1,0,0.03803509
1,1,0.5462238
1,1,0.9997677
1,1,0.9943909
1,0,0.07004896
1,1,0.9912548
1,1,0.9970536
1,1,0.99984026
1,1,0.96900314
1,1,0.8507789
1,1,0.99906737
1,1,0.99988365
1,1,0.9996965
1,0,0.3104853
1,1,0.9991374
1,1,0.98544043
1,1,0.99901116
1,1,0.99262565
1,1,0.999879
1,1,0.5160622
1,1,0.9990545
1,1,0.99894124
1,1,0.9583042
1,1,0.9776499
1,0,0.030243218
1,1,0.80821866
1,0,0.006641113
1,1,0.9976172
1,1,0.98574555
1,1,0.99758923
1,1,0.999892
1,1,0.9981756
1,1,0.9999652
1,1,0.90473473
1,1,0.72335833
1,1,0.9994012
1,1,0.99958676
1,1,0.99090964
1,1,0.979784
1,1,0.9998155
1,1,0.9989287
1,0,0.0055119344
1,1,0.9888204
1,1,0.99970406
1,1,0.9997677
1,1,0.9218515
1,1,0.9407897
1,1,0.9997154
1,1,0.9951609
1,1,0.9992161
1,1,0.999688
1,1,0.9103862
1,1,0.9999945
1,0,0.086400524
1,1,0.969469
1,1,0.99880517
1,1,0.9986142
1,0,0.022243667
1,1,0.9998859
1,1,0.9983834
1,1,0.99780875
1,0,0.09619517
1,1,0.9985758
1,1,0.99791294
1,1,0.9999672
1,1,0.56520873
1,1,0.99914575
1,1,0.9999101
1,1,0.6370872
1,1,0.9894091
1,1,0.9993513
1,1,0.9999777
1,1,0.9999342
1,1,0.9999645
1,1,0.99854493
1,1,0.94957596
1,1,0.9998332
1,1,0.99958676
1,1,0.9999913
1,1,0.616907
1,1,0.9986878
1,1,0.99998903
1,1,0.99991965
1,0,0.38914022
1,1,0.99989367
1,1,0.99219924
1,1,0.9998134
1,1,0.9989857
1,1,0.999134
1,1,0.997981
1,1,0.8522605
1,1,0.99956006
1,1,0.5630176
1,1,0.9701835
1,0,0.007135252
1,1,0.9979572
1,1,0.9931229
1,1,0.99987566
1,1,0.9997998
1,1,0.9952448
1,1,0.99957937
1,1,0.99995995
1,0,0.31584147
1,1,0.9999546
1,1,0.8838389
1,1,0.78637683
1,1,0.99998736
1,1,0.86408126
1,0,0.17002513
1,1,0.9946878
1,1,0.9998771
1,1,0.9933975
1,1,0.9999318
1,1,0.99085677
1,1,0.9992175
1,1,0.9992889
1,0,0.0930168
1,1,0.7604728
1,1,0.99999416
1,1,0.54152626
1,1,0.9979771
1,0,0.010209056
1,1,0.99999416
1,1,0.999894
1,1,0.9993563
1,1,0.9583042
1,1,0.99960417
1,1,0.9860174
1,0,0.35605475
1,1,0.9999237
1,1,0.99917525
1,1,0.99929726
1,1,0.6402986
1,1,0.9007046
1,1,0.9998629
1,1,0.8943289
1,1,0.99983203
1,1,0.99995637
1,1,0.9789755
1,1,0.99955493
1,1,0.9999454
1,1,0.99952066
1,1,0.9635062
1,1,0.9998184
1,1,0.9981141
1,1,0.9999949
1,1,0.97889495
1,1,0.99977916
1,1,0.9993345
1,1,0.9983354
1,1,0.9998981
1,1,0.9926967
1,1,0.9957437
1,1,0.9992022
1,1,0.9995883
1,1,0.99297464
1,1,0.961171
1,1,0.99999285
1,1,0.9912548
1,1,0.9964688
1,1,0.91730267
1,1,0.9935743
1,1,0.98971164
1,1,0.9935369
1,0,0.31284216
1,1,0.92043275
1,1,0.99867237
1,1,0.8479048
1,1,0.99678373
1,1,0.9997508
1,1,0.99991214
1,1,0.9137535
1,1,0.9818926
1,1,0.99999595
1,0,0.14657521
1,1,0.9978002
1,1,0.99941504
1,1,0.999905
1,1,0.9418684
1,1,0.9879695
1,1,0.99931884
1,1,0.99993217
1,0,0.45900035
1,1,0.9795506
1,1,0.94980925
1,1,0.99304235
1,0,0.16899407
1,1,0.9957767
1,1,0.7151754
1,1,0.9998306
1,1,0.99995756
1,1,0.98569053
1,0,0.011777842
1,1,0.9998876
1,1,0.9990283
1,1,0.9999249
1,1,0.99976856
1,1,0.9946672
1,1,0.9973218
1,1,0.99996924
1,1,0.9997998
1,1,0.9998785
1,1,0.93108755
1,1,0.99995387
1,1,0.88543355
1,1,0.99834836
1,1,0.9979412
1,1,0.9928092
1,1,0.99584997
1,1,0.9972262
1,1,0.9986802
1,1,0.9999888
1,1,0.96777767
1,1,0.99998724
1,1,0.9998067
1,1,0.98677725
1,0,0.10511864
1,1,0.9996526
1,1,0.9998697
1,1,0.9997063
1,0,0.35365137
1,1,0.99106663
1,1,0.9999912
1,1,0.9301416
1,0,0.36353388
1,1,0.9996594
1,1,0.992062
1,1,0.99688244
1,1,0.78931487
1,1,0.9991186
1,1,0.9999956
1,1,0.9999335
1,1,0.9990245
1,1,0.99679
1,0,0.31769082
1,1,0.9892855
1,1,0.99998724
1,1,0.99993527
1,0,0.3170561
1,1,0.99671423
1,1,0.99806195
1,1,0.9673178
1,1,0.9998568
1,0,0.19467384
1,1,0.9978002
1,1,0.9999403
1,1,0.99942744
1,1,0.9997818
1,1,0.9988643
1,1,0.99543506
1,1,0.9896718
1,1,0.9999727
1,1,0.9991817
1,1,0.9969066
1,1,0.99884856
1,1,0.9979572
1,1,0.99982125
1,1,0.840521
1,1,0.9965166
1,0,0.15974104
1,1,0.9999012
1,1,0.86425316
1,1,0.98215127
1,1,0.99306935
1,1,0.99021614
1,0,0.018211821
1,1,0.9999683
1,1,0.9869795
1,1,0.97104686
1,1,0.99827254
1,1,0.995793
1,0,0.012845959
1,1,0.9896318
1,1,0.99832565
1,1,0.9848401
1,1,0.99895155
1,1,0.81967694
1,1,0.99857855
1,1,0.9999505
1,1,0.92482364
1,1,0.5987229
1,1,0.6490227
1,1,0.9964342
1,0,0.0065642493
1,1,0.95577544
1,1,0.99997604
1,1,0.99604684
1,1,0.78727776
1,1,0.9999578
1,1,0.99812144
1,1,0.9989956
1,1,0.994146
1,1,0.9864938
1,1,0.99994993
1,1,0.9997142
1,1,0.99554896
1,1,0.9942139
1,1,0.99958915
1,1,0.99984944
1,1,0.99693066
1,1,0.99861693
1,0,0.004876887
1,0,0.032283258
1,1,0.99968433
1,1,0.9998977
1,1,0.61482775
1,1,0.99993527
1,1,0.8864204
1,1,0.998147
1,1,0.99936754
1,1,0.9999311
1,1,0.99903023
1,1,0.9997731
1,1,0.9116528
1,0,0.0808641
1,1,0.9994715
1,1,0.99926203
1,1,0.96835136
1,1,0.99913067
1,1,0.9994374
1,1,0.95239735
1,0,0.18227993
1,0,0.48151478
1,1,0.9570375
1,1,0.9999453
1,0,0.4509185
1,1,0.7382447
1,1,0.9984452
1,1,0.99945575
1,1,0.81316423
1,1,0.9985562
1,0,0.020119479
1,1,0.9996574
1,1,0.93985814
1,0,0.0415011
1,1,0.92696756
1,1,0.9978594
1,1,0.9978884
1,1,0.9857729
1,1,0.997783
1,1,0.9999087
1,1,0.9539232
1,1,0.99968684
1,1,0.9999869
1,1,0.9996686
1,1,0.90320885
1,1,0.87525487
1,1,0.9972154
1,1,0.9334308
1,1,0.9999417
1,1,0.99986184
1,1,0.99389064
1,1,0.9972154
1,1,0.99434716
1,1,0.8373541
1,1,0.999658
1,0,0.37244815
1,1,0.95861524
1,1,0.87997437
1,1,0.9990638
1,1,0.9988752
1,1,0.7832433
1,1,0.99990535
1,1,0.99993646
1,1,0.9417078
1,1,0.99678373
1,1,0.9995819
1,1,0.9524416
1,0,0.11491369
1,0,0.12956785
1,1,0.9994241
1,1,0.99998796
1,1,0.9961903
1,1,0.75640255
1,1,0.9999919
1,1,0.9326989
1,1,0.9999796
1,1,0.99219924
1,1,0.9981141
1,1,0.9989225
1,1,0.9962999
1,1,0.99929726
1,1,0.9901782
1,1,0.9915052
1,1,0.9753666
1,1,0.9357587
1,1,0.99981767
1,1,0.99971205
1,1,0.7922233
1,1,0.99999607
1,1,0.9998727
1,1,0.99718815
1,1,0.89872205
1,1,0.99987805
1,1,0.9946255
1,1,0.5742008
1,1,0.9986462
1,0,0.3508105
1,1,0.9997565
1,1,0.9918121
1,1,0.9999118
1,1,0.9166335
1,1,0.99193794
1,1,0.99967754
1,1,0.9478657
1,1,0.9993905
1,1,0.9999937
1,1,0.99832886
1,0,0.036356665
1,1,0.91359943
1,1,0.87450653
1,0,0.46278408
1,1,0.77424216
1,1,0.8753081
1,1,0.9942139
1,0,0.22380088
1,1,0.99637836
1,1,0.98840266
1,1,0.9996898
1,1,0.99996173
1,1,0.9999403
1,1,0.997783
1,1,0.9924521
1,1,0.9890343
1,1,0.9998416
1,1,0.99957937
1,1,0.9998634
1,1,0.99995255
1,1,0.9993881
1,1,0.99956435
1,1,0.86459655
1,1,0.99746394
1,0,0.2875177
1,1,0.9963994
1,1,0.9274948
1,1,0.9991491
1,1,0.9997739
1,1,0.9984022
1,1,0.943608
1,1,0.99901307
1,1,0.79310596
1,1,0.9915052
1,1,0.92296976
1,1,0.8253083
1,1,0.98680264
1,1,0.9979966
1,1,0.9997613
1,0,0.05276519
1,1,0.7276853
1,1,0.65981627
1,1,0.990892
1,1,0.99939406
1,1,0.9991736
1,1,0.9971161
1,1,0.9674411
1,1,0.9990073
1,1,0.9929061
1,1,0.985663
1,0,0.1036125
1,1,0.9971495
1,1,0.9982317
1,1,0.9891606
1,1,0.9998702
1,1,0.9967078
1,1,0.999908
1,1,0.9953815
1,0,0.3637034
1,1,0.9749169
1,1,0.98780584
1,1,0.9982926
1,1,0.99656373
1,1,0.9999039
1,1,0.99995494
1,0,0.0245397
1,1,0.999956
1,1,0.99324185
1,0,0.008299687
1,1,0.9327602
1,1,0.9998579
1,1,0.995523
1,1,0.9997942
1,1,0.99965334
1,0,6.976471e-05
1,1,0.9745077
1,1,0.9998932
1,1,0.9992706
1,1,0.9792749
1,1,0.9961004
1,1,0.99293363
1,1,0.99999464
1,1,0.9925827
1,1,0.98024315
1,1,0.99971086
1,1,0.9996947
1,1,0.99268264
1,1,0.99992514
1,0,0.079638734
1,1,0.9998902
1,1,0.9882449
1,1,0.9796482
1,1,0.99999416
1,1,0.9996338
1,1,0.9582651
1,0,0.28492406
1,0,0.3448846
1,0,0.21791948
1,1,0.99999213
1,1,0.9999565
1,1,0.75283116
1,1,0.9996711
1,1,0.9941347
1,1,0.99705935
1,1,0.6315375
1,1,0.9992848
1,1,0.9928231
1,1,0.9997631
1,1,0.8127931
1,1,0.9922144
1,1,0.99977213
1,1,0.9999114
1,1,0.99992514
1,1,0.99766773
1,1,0.97708833
1,1,0.9982827
1,1,0.99624926
1,1,0.99999595
1,1,0.94224155
1,0,0.45998567
1,1,0.99995613
1,1,0.9996125
1,1,0.9987056
1,1,0.99757034
1,1,0.9999269
1,1,0.98667485
1,1,0.9999335
1,1,0.99989605
1,1,0.99407744
1,1,0.9998977
1,1,0.9958175
1,1,0.99983263
1,1,0.9995122
1,1,0.999608
1,1,0.8899121
1,1,0.8692713
1,1,0.9704086
1,1,0.9878996
1,1,0.86402386
1,1,0.99936503
1,1,0.9994611
1,1,0.9934738
1,1,0.99839586
1,0,0.2773751
1,1,0.9432954
1,1,0.99469805
1,1,0.9993881
1,1,0.99964786
1,1,0.9986356
1,1,0.6462928
1,0,0.25813892
1,1,0.99253935
1,1,0.99999297
1,1,0.9822708
1,1,0.99989605
1,0,0.07878401
1,1,0.99400806
1,1,0.96028674
1,1,0.9998585
1,0,0.3551037
1,1,0.99997365
1,1,0.9999094
1,1,0.9999918
1,1,0.99998915
1,1,0.9860443
1,1,0.9998535
1,1,0.9936733
1,1,0.9981433
1,1,0.9996424
1,1,0.99992514
1,1,0.96360916
1,1,0.95589906
1,0,0.37270495
1,1,0.98365986
1,0,0.0012113065
1,1,0.9429811
1,1,0.9921537
1,0,0.0109234555
1,1,0.9999937
1,1,0.9743861
1,1,0.99928623
1,1,0.828523
1,1,0.98327893
1,0,0.34637544
1,1,0.9999877
1,1,0.924347
1,1,0.99997044
1,1,0.99927634
1,1,0.8688268
1,1,0.99955755
1,1,0.99983907
1,1,0.84702116
1,1,0.99919754
1,1,0.99937004
1,1,0.9933589
1,1,0.80232334
1,1,0.9999926
1,1,0.9989034
1,1,0.99989486
1,1,0.9896318
1,1,0.9988575
1,1,0.99999344
1,0,0.21675667
1,1,0.9923934
1,1,0.99038494
1,1,0.9462501
1,1,0.7096735
1,1,0.999949
1,1,0.99986815
1,1,0.999866
1,1,0.9559813
1,1,0.98264104
1,1,0.99984944
1,1,0.9972584
1,1,0.99847525
1,1,0.50992835
1,1,0.95995015
1,1,0.90665317
1,1,0.9998771
1,1,0.9913892
1,1,0.8882267
1,1,0.9993081
1,1,0.99862766
1,1,0.99942744
1,1,0.98475236
1,1,0.99973875
1,1,0.93985814
1,0,0.033684738
1,1,0.99950826
1,1,0.99981695
1,1,0.9972691
1,1,0.99637127
1,1,0.8755211
1,1,0.69123685
1,1,0.99111825
1,1,0.93622667
1,1,0.9997942
1,0,0.005533388
1,1,0.7777222
1,1,0.99909246
1,1,0.99996877
1,1,0.99970055
1,0,0.18432663
1,1,0.9977083
1,1,0.9999975
1,1,0.9346938
1,1,0.9992649
1,1,0.99852496
1,1,0.99988127
1,0,0.20157737
1,1,0.99932945
1,1,0.9999311
1,1,0.8215457
1,1,0.99564314
1,1,0.96448904
1,1,0.60515755
1,1,0.9998111
1,1,0.99851626
1,1,0.99968064
1,1,0.99950254
1,1,0.99693066
1,1,0.9997942
1,1,0.9996737
1,1,0.99996686
1,0,0.40966353
1,0,0.40431637
1,1,0.9999342
1,1,0.92847365
1,1,0.96415305
1,1,0.98651993
1,1,0.9942251
1,1,0.9765577
1,1,0.9971771
1,0,0.46837357
1,1,0.9999478
1,1,0.99989104
1,1,0.99980205
1,1,0.9207184
1,1,0.9998859
1,1,0.97958976
1,1,0.9911011
1,1,0.6998189
1,1,0.9979048
1,0,0.06103112
1,0,0.18750434
1,1,0.9996711
1,1,0.998698
1,1,0.9999633
1,0,0.024821788
1,1,0.98871195
1,1,0.999905
1,0,0.018546565
1,1,0.9582651
1,1,0.9985104
1,0,0.054298937
1,1,0.9999249
1,1,0.9998184
1,1,0.9798034
1,1,0.99998105
1,1,0.99849
1,1,0.7310586
1,1,0.9845011
1,1,0.99935
1,1,0.9601375
1,1,0.982524
1,1,0.99832565
1,1,0.99929726
1,1,0.9982893
1,1,0.82664186
1,1,0.9992237
1,1,0.9999752
1,1,0.85299677
1,1,0.9981756
1,1,0.99682117
1,1,0.99999595
1,1,0.7657247
1,0,0.13195425
1,1,0.9994797
1,1,0.99968565
1,1,0.9995197
1,1,0.99939764
1,1,0.9636434
1,1,0.999688
1,0,0.15507847
1,1,0.6547292
1,1,0.9735694
1,1,0.99656373
1,1,0.99997354
1,1,0.8695485
1,1,0.99031025
1,1,0.60859406
1,1,0.9999292
1,1,0.9924959
1,1,0.99984336
1,1,0.99632865
1,1,0.99994993
1,1,0.9954261
1,1,0.8881297
1,1,0.99994814
1,1,0.99911517
1,1,0.8494724
1,1,0.94610083
1,1,0.99986494
1,1,0.937726
1,1,0.99820733
1,1,0.9585377
1,1,0.8952483
1,1,0.96900314
1,1,0.99995863
1,1,0.7036004
1,1,0.9723622
1,1,0.99751294
1,1,0.98667485
1,1,0.9993081
1,1,0.92563426
1,1,0.9997843
1,1,0.9992312
1,0,0.09568694
1,1,0.9839091
1,1,0.99719906
1,1,0.80509645
1,1,0.9994684
1,1,0.9622852
1,1,0.9989434
1,1,0.9997739
1,0,0.3782581
1,1,0.83134854
1,1,0.9986853
1,1,0.99917525
1,1,0.99565166
1,1,0.99971646
1,1,0.9976586
1,1,0.99568534
1,1,0.99988675
1,0,0.4471283
1,1,0.9998198
1,1,0.9997818
1,1,0.99999464
1,1,0.93985814
1,1,0.99980587
1,1,0.9890976
1,1,0.99989104
1,1,0.97999567
1,1,0.99794525
1,1,0.99908006
1,1,0.9992735
1,1,0.9996768
1,1,0.99963164
1,1,0.99985456
1,1,0.99829596
1,0,0.3438924
1,1,0.9999813
1,1,0.9997063
1,1,0.9930962
1,1,0.9922144
1,1,0.71158123
1,1,0.9982317
1,1,0.99990654
1,1,0.99944824
1,1,0.9172285
1,1,0.91006696
1,1,0.9980392
1,1,0.9991424
1,1,0.993807
1,1,0.9992099
1,1,0.99879575
1,0,0.034553625
1,1,0.9999927
1,1,0.9998155
1,1,0.99952257
1,0,0.07892589
1,1,0.99808073
1,1,0.99996746
1,1,0.9732915
1,1,0.99993443
1,1,0.99731654
1,1,0.99729556
1,1,0.9999862
1,1,0.9996486
1,1,0.86350673
1,1,0.9913726
1,1,0.921499
1,1,0.7440989
1,1,0.54389304
1,1,0.9964688
1,1,0.9998074
1,1,0.99999213
1,0,0.28616926
1,1,0.99974185
1,1,0.9890765
1,1,0.9999541
1,1,0.93312675
1,0,0.43931133
1,1,0.99980897
1,1,0.9992679
1,1,0.99977213
1,1,0.98926485
1,1,0.9953904
1,1,0.9999496
1,1,0.9938548
1,1,0.9944343
1,1,0.9998697
1,1,0.9999329
1,1,0.9973477
1,1,0.81047887
1,1,0.9994797
1,1,0.9999552
1,1,0.998912
1,1,0.99525404
1,1,0.76268935
1,1,0.9999888
1,1,0.8707622
1,1,0.996123
1,1,0.9881765
1,1,0.9959378
1,1,0.97587764
1,1,0.99688244
1,1,0.9913726
1,1,0.99860877
1,1,0.9970879
1,1,0.9870046
1,1,0.9984421
1,1,0.9983059
1,1,0.9961681
1,1,0.9961755
1,1,0.99991846
1,1,0.9701835
1,1,0.99031025
1,1,0.9365757
1,1,0.99962664
1,1,0.9545204
1,1,0.9626381
1,1,0.99999595
1,1,0.9987864
1,1,0.97737074
1,1,0.7523766
1,1,0.8932163
1,1,0.86402386
1,1,0.6991517
1,1,0.9943581
1,1,0.96989965
1,0,0.35069928
1,1,0.9972045
1,1,0.9999114
1,1,0.9995678
1,1,0.99957365
1,1,0.99910307
1,1,0.99892044
1,1,0.9999114
1,1,0.99877685
1,1,0.9965771
1,1,0.99997306
1,1,0.99318933
1,1,0.9993449
1,1,0.99860066
1,1,0.9993475
1,1,0.9990434
1,1,0.9941347
1,1,0.9971384
1,1,0.99942636
1,1,0.99991107
1,1,0.9987625
1,1,0.9867005
1,1,0.9790157
1,1,0.99854773
1,1,0.99758446
1,1,0.99832565
1,1,0.9999858
1,1,0.9995479
1,1,0.999423
1,1,0.9998634
1,1,0.9969066
1,0,0.4773819
1,1,0.9993475
1,1,0.9999094
1,1,0.94218844
1,1,0.99812514
1,1,0.8555497
1,1,0.9891187
1,1,0.99903595
1,1,0.9983158
1,1,0.9999875
1,0,0.064065434
1,0,0.17147702
1,1,0.99101454
1,1,0.9890343
1,0,4.8137244e-05
1,0,0.05728198
1,1,0.9973425
1,1,0.98123896
1,1,0.9977482
1,1,0.9984145
1,1,0.99411184
1,1,0.9929472
1,1,0.9997713
1,1,0.950411
1,1,0.99877924
1,1,0.99984646
1,1,0.99683964
1,1,0.99924016
1,0,0.14841712
1,1,0.9979966
1,1,0.9999652
1,1,0.9939143
1,0,0.07416429
1,1,0.9998741
1,0,0.11676401
1,1,0.9966036
1,1,0.9983026
1,1,0.9999087
1,1,0.99997604
1,1,0.88247854
1,1,0.97788346
1,1,0.9971439
1,1,0.9998141
1,1,0.99890125
1,1,0.99992657
1,1,0.9997187
1,1,0.997065
1,1,0.9997378
1,1,0.99346113
1,1,0.9996402
1,1,0.9981067
1,1,0.96637875
1,1,0.9991013
1,1,0.95961094
1,1,0.99111825
1,1,0.99803144
1,1,0.7278304
1,0,0.3233801
1,1,0.9997347
1,1,0.9411153
1,1,0.9777139
1,1,0.99993134
1,1,0.9972045
1,1,0.9704086
1,1,0.99972683
1,1,0.99879336
1,1,0.9999567
1,1,0.99897385
1,1,0.9999893
1,1,0.9992778
1,1,0.99997187
1,1,0.9981067
1,1,0.9997603
1,1,0.99961925
1,1,0.9996513
1,1,0.9999467
1,1,0.9980957
1,1,0.99690056
1,1,0.99988127
1,1,0.99998605
1,1,0.9977525
1,1,0.59241605
1,0,0.13580412
1,1,0.88656783
1,1,0.99732697
1,1,0.98680264
1,1,0.99975747
1,1,0.998844
1,1,0.99820733
1,1,0.99053264
1,1,0.99970406
1,1,0.9997198
1,1,0.9991541
1,1,0.938124
1,1,0.9999964
1,1,0.9554855
1,1,0.9978719
1,1,0.98617804
1,1,0.8316222
1,1,0.99949265
1,1,0.99990904
1,1,0.9985979
1,1,0.99844813
1,1,0.999617
1,0,0.30151626
1,1,0.9971661
1,1,0.9999914
1,1,0.9990452
1,1,0.8986776
1,1,0.99085677
1,1,0.99932015
1,1,0.99971205
1,1,0.9991623
1,1,0.95643115
1,1,0.99999166
1,1,0.99995244
1,1,0.5715275
1,1,0.9999168
1,1,0.998784
1,1,0.65417707
1,1,0.9989818
1,1,0.99996614
1,1,0.9999118
1,0,0.095771484
1,1,0.99975175
1,1,0.99991906
1,1,0.9998118
1,1,0.98365986
1,1,0.9999212
1,1,0.99986553
1,1,0.99963665
1,1,0.99317604
1,1,0.9997428
1,1,0.99953806
1,1,0.99796116
1,1,0.9636434
1,1,0.98965186
1,1,0.9984603
1,1,0.9859634
1,1,0.9988508
1,1,0.9883128
1,1,0.9999907
1,1,0.99995935
1,0,0.03825006
1,1,0.9998267
1,1,0.9954791
1,1,0.9940428
1,1,0.94544977
1,1,0.999723
1,1,0.99962366
1,1,0.9982893
1,1,0.77089626
1,1,0.9979292
1,1,0.999892
1,1,0.99922967
1,1,0.99997866
1,1,0.9998104
1,1,0.9961903
1,0,0.07126734
1,1,0.98871195
1,1,0.9993358
1,1,0.99788433
1,1,0.5153608
1,1,0.99881446
1,1,0.95803016
1,1,0.9930962
1,1,0.9999763
1,1,0.9991221
1,1,0.97494066
1,1,0.999617
1,1,0.9999896
1,1,0.9996692
1,1,0.996183
1,1,0.99329424
1,0,0.028194217
1,1,0.9996737
1,1,0.9999869
1,1,0.9999957
1,1,0.9991048
1,0,0.002019014
1,1,0.99996364
1,1,0.9999764
1,1,0.9999664
1,0,0.34900558
1,1,0.62457985
1,1,0.98803884
1,1,0.996123
1,1,0.9962782
1,1,0.9957353
1,1,0.6693667
1,1,0.9997603
1,1,0.97311324
1,1,0.99963164
1,1,0.9997613
1,1,0.9998945
1,1,0.5730215
1,1,0.99517965
1,1,0.9999931
1,1,0.997813
1,1,0.999943
1,1,0.999892
1,1,0.9999335
1,1,0.9890343
1,1,0.8368881
1,1,0.99731654
1,1,0.9984053
1,1,0.9997198
1,1,0.99998856
1,1,0.958654
1,1,0.9999367
1,1,0.96882665
1,1,0.9991943
1,1,0.99929726
1,1,0.9999877
1,1,0.9999633
1,1,0.99918324
1,1,0.9986142
1,1,0.8892406
1,0,0.1728689
1,1,0.98159516
1,1,0.99982256
1,1,0.99053264
1,1,0.99940467
1,1,0.99993944
1,1,0.9986249
1,1,0.9064049
1,1,0.9811849
1,1,0.77063745
1,1,0.97850823
1,1,0.9999652
1,1,0.99984527
1,1,0.9615699
1,1,0.9879462
1,1,0.5503771
1,1,0.99993944
1,0,0.023043232
1,1,0.921499
1,1,0.8684367
1,1,0.9999944
1,1,0.99922514
1,1,0.999966
1,1,0.99532723
1,1,0.9881765
1,1,0.99968624
1,1,0.883236
1,1,0.9991704
1,1,0.99995124
1,1,0.73587894
1,1,0.99980587
1,1,0.99977833
1,1,0.99954695
1,1,0.9996424
1,1,0.99900347
1,1,0.9913892
1,1,0.9984723
1,1,0.99939644
1,1,0.99349916
1,1,0.9983321
1,1,0.9988991
1,1,0.81316423
1,0,0.045310315
1,1,0.99999046
1,1,0.9946464
1,1,0.85145944
1,0,0.26416847
1,1,0.97947216
1,1,0.98646784
1,1,0.9999945
1,1,0.9396923
1,0,0.062103122
1,0,0.1633787
1,1,0.9820483
1,1,0.9948902
1,1,0.99930537
1,0,0.4838523
1,1,0.93257624
1,1,0.99983525
1,1,0.99529076
1,1,0.96903247
1,1,0.99722075
1,1,0.99973255
1,1,0.99979097
1,1,0.83011264
1,0,0.4074218
1,1,0.99987066
1,1,0.99343574
1,1,0.99961627
1,1,0.99998856
1,1,0.9998591
1,1,0.9877351
1,1,0.9983897
1,1,0.9272316
1,1,0.99994147
1,1,0.99987805
1,1,0.99993443
1,1,0.985129
1,0,0.16317856
1,1,0.99991715
1,1,0.9735694
1,1,0.9954261
1,1,0.99975556
1,1,0.99999
1,1,0.98279023
1,1,0.5575442
1,1,0.99996006
1,1,0.9999598
1,1,0.99971753
1,1,0.9775858
1,1,0.9994579
1,1,0.9857729
1,1,0.9999827
1,1,0.9967206
1,1,0.7189892
1,1,0.99829596
1,0,0.00013342002
1,1,0.9952632
1,1,0.73805594
1,1,0.9999329
1,0,0.32707697
1,1,0.9843062
1,1,0.99861693
1,1,0.88338697
1,1,0.9982351
1,1,0.9628831
1,1,0.99988365
1,1,0.99866724
1,1,0.5510906
1,1,0.9999008
1,1,0.9994547
1,1,0.84221536
1,1,0.7644523
1,1,0.99991417
1,1,0.9999043
1,0,0.42334253
1,1,0.9999919
1,1,0.9596487
1,1,0.9997565
1,1,0.99959
1,1,0.99998236
1,0,0.0120770605
1,1,0.99491996
1,0,0.22499062
1,1,0.9990619
1,1,0.99968565
1,1,0.9997142
1,1,0.9998741
1,1,0.9951514
1,1,0.9998771
1,1,0.9996911
1,1,0.9942697
1,1,0.9627432
1,0,0.19868536
1,0,0.37524846
1,1,0.9998746
1,1,0.99090964
1,1,0.8244619
1,1,0.9997868
1,1,0.9830526
1,1,0.9963924
1,1,0.99879575
1,1,0.75319445
1,1,0.9999138
1,1,0.9987649
1,1,0.9689444
1,1,0.99966204
1,1,0.995793
1,1,0.5660035
1,0,0.09518112
1,1,0.9999895
1,1,0.9911355
1,1,0.9985896
1,1,0.99727964
1,1,0.999159
1,1,0.9864157
1,1,0.99987805
1,1,0.99957615
1,1,0.99823856
1,1,0.9980045
1,1,0.99867755
1,1,0.999159
1,1,0.99821436
1,1,0.99341017
1,1,0.9990471
1,1,0.9999795
1,1,0.99978596
1,1,0.9999522
1,1,0.9995443
1,1,0.998862
1,1,0.5659436
1,1,0.9991541
1,1,0.9987888
1,1,0.958654
1,1,0.9619649
1,1,0.99946004
1,1,0.99887305
1,1,0.9980957
1,1,0.92696756
1,1,0.99980134
1,1,0.9999862
1,1,0.87191176
1,1,0.99999523
1,1,0.98087597
1,1,0.9999945
1,0,0.080574244
1,1,0.99979097
1,1,0.9988927
1,1,0.9993228
1,0,0.18765317
1,1,0.99984026
1,1,0.999355
1,1,0.9797065
1,0,0.47170612
1,1,0.9999515
1,1,0.9869292
1,1,0.9809856
1,1,0.9746045
1,1,0.9999517
1,1,0.9996917
1,1,0.99968433
1,0,0.41235268
1,1,0.5574689
1,0,0.03608394
1,1,0.89368117
1,1,0.9633687
1,0,0.46739632
1,0,0.15694295
1,1,0.9999274
1,1,0.9985506
1,1,0.99978596
1,1,0.9900828
1,1,0.5832256
1,1,0.5222821
1,1,0.99961853
1,1,0.9992563
1,1,0.99984884
1,1,0.91321325
1,1,0.9814356
1,1,0.99987066
1,1,0.79565805
1,1,0.99916065
1,1,0.9996402
1,1,0.9332485
1,1,0.99789256
1,1,0.9993724
1,1,0.9993255
1,1,0.99456257
1,1,0.9998529
1,0,0.044722572
1,1,0.9906238
1,1,0.9926542
1,1,0.9999894
1,0,0.022243667
1,1,0.9993917
1,1,0.99999034
1,1,0.9999838
1,1,0.9996679
1,0,0.12463858
1,1,0.99773055
1,1,0.9999907
1,1,0.99964166
1,1,0.9967524
1,0,0.13998318
1,1,0.9816127
1,0,0.10631887
1,1,0.8535469
1,1,0.9991689
1,1,0.9999552
1,1,0.99968684
1,1,0.9996244
1,1,0.84376645
1,1,0.96765566
1,1,0.9636776
1,1,0.53668475
1,1,0.99953353
1,1,0.9992505
1,1,0.9813286
1,1,0.9999168
1,0,0.1579794
1,1,0.9999614
1,1,0.81779283
1,1,0.99792105
1,1,0.9999968
1,1,0.91086304
1,1,0.99997306
1,1,0.9935494
1,0,0.0005614787
1,1,0.999956
1,1,0.9997241
1,1,0.8996516
1,1,0.9990073
1,1,0.9997998
1,1,0.9757624
1,1,0.9976859
1,1,0.85269034
1,1,0.9999125
1,1,0.99977654
1,1,0.9997209
1,1,0.9853279
1,1,0.9998579
1,1,0.9986594
1,0,0.0020111583
1,1,0.99999666
1,1,0.9999889
1,1,0.5303467
1,1,0.99998856
1,1,0.50815606
1,1,0.9999902
1,1,0.9979691
1,1,0.958187
1,0,0.033907957
1,1,0.9946672
1,1,0.93611
1,1,0.99855906
1,0,0.41253015
1,1,0.81323844
1,1,0.9791557
1,0,0.24598956
1,1,0.9998233
1,1,0.9986356
1,1,0.99950826
1,1,0.74525934
1,1,0.9998579
1,1,0.98617804
1,1,0.99989927
1,0,0.36542836
1,1,0.9915052
1,1,0.81242126
1,1,0.9999759
1,1,0.9549004
1,1,0.87348485
1,1,0.99991584
1,1,0.999529
1,1,0.9984421
1,1,0.5048521
1,1,0.9953725
1,1,0.968441
1,1,0.99966204
1,1,0.5904988
1,1,0.99668854
1,1,0.9996288
1,1,0.99594563
1,1,0.9920312
1,1,0.9996526
1,0,0.15348572
1,1,0.9957437
1,1,0.9990415
1,1,0.67672676
1,0,0.06620602
1,1,0.9983707
1,1,0.92879725
1,1,0.99694854
1,1,0.99994755
1,1,0.99945146
1,0,0.06136776
1,1,0.9959927
1,1,0.99444515
1,1,0.95814794
1,1,0.99939764
1,1,0.9280836
1,1,0.6071683
1,1,0.98398626
1,1,0.99928194
1,1,0.99955755
1,1,0.99909604
1,1,0.99779594
1,1,0.9993905
1,0,0.38708195
1,1,0.99746895
1,1,0.83134854
1,1,0.99632156
1,1,0.9696707
1,1,0.9978884
1,1,0.99486035
1,1,0.99984026
1,1,0.93611
1,0,0.2726535
1,1,0.88100195
1,1,0.9958901
1,1,0.9992931
1,1,0.9999838
1,1,0.9999838
1,1,0.99999344
1,1,0.9999814
1,1,0.9986142
1,1,0.95803016
1,1,0.9960622
1,0,0.068102375
1,1,0.99997354
1,1,0.9998977
1,1,0.98331094
1,1,0.9999615
1,1,0.9999701
1,1,0.9997029
1,1,0.9996965
1,1,0.99999404
1,1,0.99304235
1,1,0.9872773
1,1,0.9998629
1,1,0.99589807
1,1,0.98761624
1,1,0.9998969
1,1,0.99892455
1,1,0.9904406
1,1,0.9988575
1,1,0.9979652
1,1,0.97246706
1,1,0.99998903
1,1,0.9999801
1,1,0.98178816
1,1,0.9996338
1,1,0.9700135
1,1,0.98588216
1,1,0.99394965
1,1,0.9997358
1,1,0.9999938
1,1,0.9947391
1,1,0.9954791
1,0,0.20809844
1,1,0.9891187
1,1,0.99956864
1,1,0.9998517
1,1,0.89460546
1,1,0.99999547
1,1,0.99997723
1,1,0.9998141
1,0,0.20087102
1,1,0.8600169
1,1,0.9595731
1,0,0.01627746
1,1,0.8746137
1,0,0.35661468
1,1,0.98067343
1,1,0.99987173
1,1,0.9999349
1,0,0.05320621
1,1,0.9998969
1,1,0.9994536
1,1,0.88018054
1,1,0.5300132
1,1,0.99633574
1,1,0.996271
1,1,0.9999902
1,1,0.98501414
1,1,0.99977213
1,1,0.99989235
1,0,0.17363824
1,1,0.99999344
1,0,0.4012185
1,1,0.7852262
1,1,0.97254544
1,1,0.99004436
1,1,0.99995697
1,1,0.99999034
1,0,0.2656899
1,0,0.20220678
1,1,0.99961334
1,1,0.99984026
1,1,0.9892855
1,1,0.98287266
1,1,0.9961606
1,1,0.99854773
1,1,0.99656373
1,1,0.99888176
1,1,0.9998579
1,1,0.97628796
1,1,0.999995
1,1,0.99992776
1,1,0.7235049
1,1,0.99317604
1,1,0.9668201
1,1,0.98427594
1,1,0.9871044
1,1,0.70765734
1,1,0.9890765
1,1,0.88885534
1,1,0.98749614
1,1,0.79198194
1,1,0.9994504
1,1,0.9978636
1,1,0.9999851
1,1,0.9931229
1,1,0.994729
1,1,0.92064714
1,1,0.99700147
1,0,0.39510503
1,1,0.817283
1,1,0.9994116
1,1,0.9800913
1,1,0.9992099
1,1,0.99993646
1,1,0.97803074
1,1,0.99918
1,1,0.9988305
1,1,0.9997273
1,1,0.99996936
1,1,0.98521465
1,1,0.9997209
1,0,0.023984876
1,1,0.9049869
1,1,0.9970073
1,0,0.016882466
1,1,0.98644173
1,1,0.99974483
1,1,0.9986356
1,0,0.38969168
1,1,0.9973425
1,1,0.99937856
1,0,0.23497671
1,1,0.98157746
1,1,0.9972904
1,1,0.99993527
1,1,0.9908213
1,1,0.56862545
1,1,0.7621587
1,1,0.96669465
1,1,0.9924521
1,1,0.98557997
1,1,0.9989267
1,1,0.99369794
1,1,0.77415675
1,1,0.9997818
1,1,0.9956937
1,1,0.99948066
1,1,0.99619776
1,1,0.99982256
1,1,0.9993773
1,1,0.997065
1,1,0.9589241
1,0,0.00036686257
1,0,0.11676401
1,1,0.9998776
1,1,0.9999422
1,1,0.95257413
1,1,0.99963665
1,0,0.13753249
1,1,0.6412539
1,1,0.9997131
1,1,0.99986017
1,1,0.9591543
1,1,0.99648935
1,1,0.99369794
1,1,0.9930153
1,1,0.99987805
1,1,0.9999577
1,1,0.99999166
1,1,0.63360864
1,1,0.9999342
1,1,0.99881446
1,1,0.9835022
1,1,0.97334224
1,1,0.9995073
1,1,0.9998727
1,0,0.10762492
1,0,0.38153636
1,1,0.9843364
1,1,0.99895763
1,1,0.9998118
1,1,0.99866986
1,1,0.9841241
1,1,0.99946004
1,0,0.008898884
1,1,0.9991135
1,1,0.9982893
1,1,0.81323844
1,1,0.9695556
1,1,0.99984705
1,0,0.48174334
1,0,0.03722176
1,1,0.99992216
1,1,0.5082771
1,1,0.9116528
1,1,0.9977349
1,1,0.6945099
1,1,0.9999372
1,1,0.9989617
1,1,0.9999831
1,1,0.99939644
1,1,0.99992514
1,1,0.94192183
1,0,0.11328497
1,1,0.9999145
1,1,0.99153805
1,1,0.99949956
1,1,0.7364006
1,1,0.9774139
1,1,0.99712163
1,0,0.42883128
1,1,0.958187
1,0,0.3422417
1,1,0.992597
1,1,0.9983612
1,1,0.99740905
1,1,0.8889517
1,1,0.9977743
1,1,0.99894947
1,1,0.98469365
1,0,0.482993
1,1,0.99938095
1,1,0.99060565
1,1,0.8916225
1,0,0.3094409
1,1,0.99992037
1,1,0.9655439
1,1,0.9999349
1,1,0.9959299
1,1,0.9976495
1,0,0.043895528
1,1,0.99895966
1,1,0.99996936
1,1,0.9996983
1,1,0.9944343
1,1,0.9998981
1,1,0.9999914
1,1,0.9989778
1,1,0.9976404
1,1,0.98387814
1,1,0.9244834
1,1,0.9999497
1,1,0.99933976
1,1,0.99952435
1,1,0.9970073
1,1,0.9998666
1,1,0.61048245
1,1,0.9995627
1,1,0.9999101
1,1,0.99543506
1,1,0.999962
1,1,0.98934746
1,1,0.9996444
1,0,0.4267247
1,1,0.99804294
1,1,0.99474937
1,1,0.99955493
1,0,0.31784958
1,0,0.09990845
1,1,0.71696234
1,1,0.99980134
1,1,0.9999311
1,1,0.99924314
1,1,0.9999949
1,1,0.99999475
1,1,0.99454135
1,1,0.7760294
1,1,0.9999782
1,1,0.7106283
1,1,0.985129
1,1,0.980053
1,1,0.9977349
1,1,0.96691406
1,1,0.9990169
1,1,0.980034
1,1,0.99908185
1,1,0.99989724
1,1,0.9985018
1,1,0.9997069
1,1,0.99932814
1,1,0.9405718
1,1,0.99804676
1,1,0.9982993
1,1,0.87174803
1,1,0.9929061
1,1,0.9999187
1,1,0.953188
1,1,0.9993845
1,1,0.9999825
1,1,0.99922514
1,1,0.996597
1,1,0.97259754
1,0,0.00079162966
1,0,0.36184096
1,1,0.99784267
1,1,0.9995479
1,1,0.997981
1,1,0.9872528
1,1,0.99987364
1,1,0.9997757
1,0,0.034391105
1,1,0.914977
1,1,0.99980205
1,1,0.6783802
1,1,0.8308688
1,1,0.7273465
1,1,0.9488225
1,1,0.99025387
1,1,0.99995995
1,1,0.99999046
1,1,0.98771137
1,0,0.0018458483
1,1,0.98045003
1,1,0.9999963
1,1,0.9997757
1,1,0.9989718
1,1,0.6937324
1,1,0.9969663
1,1,0.86748546
1,1,0.9994766
1,1,0.9995778
1,0,0.3757924
1,1,0.9992461
1,0,0.10356716
1,1,0.9998332
1,1,0.78530854
1,1,0.9999194
1,0,0.15514246
1,1,0.99951494
1,1,0.9995652
1,1,0.950457
1,0,0.0028063876
1,1,0.65068924
1,1,0.9999784
1,1,0.98178816
1,1,0.9998585
1,1,0.9999665
1,0,0.0020348171
1,1,0.99997437
1,1,0.92324704
1,1,0.9992505
1,1,0.9999713
1,1,0.99997234
1,0,0.006679879
1,1,0.99983907
1,1,0.9997478
1,1,0.99890554
1,1,0.6075759
1,1,0.9999672
1,1,0.87997437
1,1,0.99880743
1,1,0.9492005
1,0,0.2507293
1,1,0.9997198
1,1,0.9995915
1,1,0.999673
1,1,0.9998752
1,1,0.99847823
1,1,0.9996983
1,1,0.9928786
1,1,0.9996345
1,1,0.99985576
1,1,0.9990207
1,1,0.9995372
1,1,0.99302894
1,1,0.9361684
1,1,0.96073127
1,1,0.99993694
1,1,0.6208515
1,1,0.9999677
1,1,0.99960023
1,1,0.988514
1,1,0.99942744
1,1,0.99920064
1,1,0.9980506
1,1,0.9638481
1,1,0.9979888
1,1,0.8949732
1,1,0.9999938
1,1,0.605799
1,1,0.9791955
1,1,0.9960083
1,1,0.9999578
1,1,0.95305705
1,1,0.9867005
1,1,0.99921143
1,1,0.9999893
1,1,0.9999852
1,1,0.9993333
1,0,0.30002728
1,1,0.99909604
1,1,0.99004436
1,1,0.9999578
1,1,0.93721074
1,1,0.9994967
1,1,0.9987696
1,1,0.9994568
1,1,0.99990356
1,0,0.023109281
1,1,0.99951315
1,1,0.9825408
1,1,0.84990895
1,0,0.35142234
1,1,0.99433607
1,1,0.9691495
1,1,0.99808073
1,0,0.24862541
1,1,0.99302894
1,1,0.99737346
1,1,0.9878996
1,1,0.99812883
1,0,0.01756003
1,1,0.99686414
1,1,0.9999832
1,1,0.99945575
1,1,0.9999802
1,1,0.99855906
1,1,0.998662
1,1,0.9996437
1,1,0.98546845
1,0,0.024053553
1,1,0.9992986
1,1,0.992725
1,1,0.99997115
1,1,0.99983716
1,1,0.96672606
1,1,0.9891816
1,1,0.54051465
1,1,0.99828595
1,1,0.9979888
1,1,0.99665606
1,1,0.9999392
1,1,0.99998724
1,1,0.9999076
1,1,0.99861693
1,1,0.99984217
1,1,0.8606622
1,1,0.99984336
1,1,0.9998499
1,1,0.9964134
1,1,0.99961627
1,1,0.9996743
1,1,0.9968945
1,1,0.9997187
1,1,0.99522626
1,1,0.9056566
1,1,0.99720997
1,1,0.98947024
1,1,0.99942964
1,1,0.99306935
1,1,0.9777564
1,1,0.6991004
1,1,0.9970765
1,1,0.9976495
1,1,0.9996613
1,1,0.9835022
1,1,0.99940693
1,1,0.99997914
1,1,0.99960726
1,1,0.9999969
1,1,0.9987864
1,1,0.9997086
1,0,0.05439932
1,1,0.93651766
1,1,0.9996762
1,1,0.9744348
1,1,0.9997843
1,1,0.9986853
1,1,0.8180837
1,1,0.99996364
1,1,0.9334308
1,1,0.98421544
1,0,0.23616374
1,1,0.9997459
1,1,0.9999912
1,1,0.99986553
1,1,0.9938788
1,1,0.99956864
1,1,0.99984276
1,1,0.98410887
1,1,0.9997284
1,1,0.9623913
1,1,0.7210562
1,1,0.99343574
1,1,0.9999467
1,1,0.99917847
1,1,0.9952448
1,1,0.99950635
1,1,0.9996692
1,1,0.86798984
1,1,0.99695444
1,1,0.99936503
1,1,0.99930537
1,1,0.99992
1,1,0.98657167
1,1,0.99158704
1,1,0.99989486
1,1,0.9998766
1,1,0.9967206
1,1,0.97562337
1,1,0.9998568
1,1,0.9993563
1,1,0.999824
1,1,0.9384068
1,1,0.98646784
1,1,0.99832565
1,1,0.99849
1,0,0.034716886
1,1,0.99981767
1,1,0.9909972
1,1,0.9749646
1,1,0.7902877
1,1,0.9946568
1,1,0.99732697
1,1,0.9998104
1,1,0.90894175
1,1,0.999866
1,1,0.9999522
1,1,0.9737197
1,1,0.96768624
1,1,0.99984884
1,1,0.9966168
1,1,0.9889705
1,1,0.9468429
1,1,0.9938788
1,1,0.9974291
1,1,0.99992156
1,1,0.99963164
1,1,0.9993845
1,1,0.99890125
1,1,0.9986142
1,1,0.98518616
1,1,0.9828068
1,1,0.9999076
1,1,0.99971086
1,0,0.20426252
1,1,0.85919183
1,1,0.9999577
1,1,0.99966526
1,1,0.88671505
1,1,0.9987888
1,1,0.95460516
1,1,0.9896918
1,1,0.9992749
1,1,0.99999547
1,1,0.99780446
1,1,0.9603984
1,1,0.9999392
1,1,0.99940467
1,1,0.9999181
1,1,0.9997063
1,1,0.7440989
1,1,0.99999297
1,1,0.9967333
1,1,0.99762183
1,1,0.992349
1,1,0.9773492
1,1,0.99783
1,1,0.98965186
1,1,0.9992834
1,1,0.7851439
1,1,0.9994967
1,0,0.31515604
1,1,0.9951984
1,1,0.99980897
1,1,0.9993881
1,1,0.9748691
1,1,0.99764496
1,1,0.98039377
1,1,0.99989843
1,1,0.9998293
1,1,0.9878528
1,1,0.9996526
1,0,0.31426096
1,1,0.99993813
1,0,0.3765658
1,1,0.99664307
1,1,0.9998253
1,1,0.9411694
1,1,0.8943289
1,1,0.99961334
1,1,0.9990471
1,1,0.99992514
1,1,0.999213
1,1,0.99964714
1,1,0.9997868
1,1,0.9999932
1,0,0.002238721
1,1,0.99808455
1,1,0.9950755
1,1,0.9995308
1,1,0.9996381
1,1,0.99964714
1,1,0.9999585
1,1,0.99999464
1,0,0.42423308
1,1,0.99911004
1,1,0.9764905
1,1,0.7043636
1,1,0.9997075
1,1,0.9999887
1,1,0.97180575
1,1,0.9999745
1,1,0.9998233
1,1,0.99679
1,1,0.9293122
1,1,0.9988004
1,1,0.9983026
1,1,0.99993575
1,1,0.98625773
1,1,0.99557483
1,1,0.8671483
1,1,0.99938095
1,0,0.17016296
1,0,0.016308766
1,1,0.9748691
1,1,0.9911868
1,1,0.99897975
1,1,0.995906
1,1,0.99992514
1,1,0.9999107
1,1,0.99973875
1,1,0.999765
1,0,0.29762304
1,0,0.009020279
1,0,0.00019716944
1,1,0.99966
1,0,0.09203287
1,1,0.9924521
1,1,0.99998677
1,0,0.30167055
1,1,0.98089427
1,1,0.9993436
1,1,0.999824
1,1,0.99971086
1,0,0.43759817
1,1,0.95787287
1,1,0.9968945
1,1,0.99977833
1,1,0.9970708
1,1,0.9365757
1,1,0.999652
1,1,0.9284088
1,1,0.9943581
1,1,0.99948466
1,1,0.9994
1,1,0.9774139
1,1,0.99998784
1,1,0.9764232
1,1,0.99419135
1,1,0.97769254
1,1,0.9996087
1,1,0.9985392
1,1,0.99990463
1,1,0.999539
1,1,0.9689444
1,1,0.9995073
1,0,0.039011665
1,1,0.9999833
1,0,0.0019723356
1,1,0.99992096
1,1,0.6808786
1,1,0.99398476
1,1,0.9796482
1,1,0.9997358
1,1,0.99922514
1,1,0.99273914
1,1,0.9975561
1,1,0.9999912
1,1,0.9405172
1,1,0.8117507
1,1,0.9957767
1,1,0.9492005
1,0,0.42835295
1,1,0.988514
1,1,0.99762183
1,1,0.9978173
1,1,0.9999937
1,1,0.9990283
1,0,0.30105373
1,1,0.9999603
1,1,0.9999902
1,1,0.96580297
1,1,0.6307418
1,1,0.9990996
1,1,0.99999285
1,1,0.99941623
1,1,0.99953175
1,1,0.9995479
1,1,0.9994867
1,1,0.99985623
1,1,0.99992394
1,1,0.98651993
1,1,0.99668854
1,1,0.99696034
1,1,0.99750805
1,1,0.9893063
1,1,0.999841
1,1,0.99971753
1,1,0.9966299
1,1,0.9971495
1,1,0.99957365
1,1,0.999445
1,1,0.8892406
1,1,0.9896318
1,1,0.99855906
1,1,0.9999869
1,1,0.83169055
1,1,0.99986124
1,1,0.99984646
1,1,0.9992161
1,1,0.99302894
1,1,0.9998074
1,1,0.9998111
1,1,0.84990895
1,1,0.9163345
1,1,0.9999951
1,1,0.99945897
1,1,0.81420064
1,1,0.99954695
1,1,0.99783
1,1,0.998884
1,1,0.99943405
1,1,0.7256972
1,1,0.98625773
1,1,0.996503
1,1,0.61346817
1,1,0.9993475
1,1,0.9963642
1,1,0.99956185
1,1,0.9024378
1,1,0.9905509
1,1,0.9606575
1,1,0.9989975
1,1,0.9997868
1,1,0.99871576
1,1,0.9988643
1,1,0.99527246
1,0,0.08670937
1,1,0.9908744
1,1,0.9981541
1,1,0.9998671
1,0,0.36209467
1,1,0.99979895
1,1,0.9706322
1,1,0.99938333
1,1,0.9956176
1,1,0.9985221
1,1,0.99187535
1,0,0.43623173
1,1,0.9998505
1,1,0.87065226
1,1,0.93071055
1,1,0.9999012
1,1,0.99994564
1,1,0.99971086
1,1,0.98651993
1,1,0.9981792
1,1,0.95589906
1,1,0.97288233
1,1,0.9996178
1,1,0.99903595
1,1,0.9999801
1,1,0.9982993
1,1,0.967194
1,1,0.999015
1,1,0.9948303
1,1,0.9971328
1,1,0.99985576
1,1,0.9992022
1,1,0.999943
1,1,0.9932811
1,1,0.95715785
1,1,0.994615
1,1,0.99031025
1,1,0.9092645
1,1,0.9999738
1,1,0.9999372
1,1,0.9977569
1,1,0.9985018
1,1,0.99849594
1,1,0.9999471
1,1,0.9999888
1,1,0.7604728
1,1,0.88161486
1,1,0.98552436
1,1,0.99867237
1,1,0.99948776
1,1,0.99933714
1,1,0.9982522
1,1,0.9962999
1,1,0.9986802
1,1,0.94644845
1,1,0.98871195
1,1,0.99994755
1,1,0.99925774
1,0,0.27401128
1,1,0.94728357
1,1,0.97396845
1,1,0.9998981
1,1,0.9991374
1,1,0.9996338
1,1,0.99946636
1,1,0.9998517
1,1,0.9999759
1,1,0.98282325
1,1,0.9576754
1,1,0.9999809
1,1,0.9993436
1,1,0.7665559
1,1,0.999984
1,1,0.99608517
1,1,0.98213416
1,1,0.99783844
1,0,0.34466398
1,1,0.9999918
1,1,0.99420255
1,1,0.999944
1,1,0.78874594
1,1,0.99971753
1,1,0.9950563
1,1,0.99986863
1,1,0.9925538
1,1,0.9508236
1,1,0.9768908
1,1,0.99994457
1,1,0.99572706
1,1,0.98421544
1,1,0.99961334
1,1,0.98427594
1,1,0.99972945
1,1,0.99966
1,0,0.2374875
1,1,0.99999464
1,1,0.99596137
1,1,0.5398021
1,1,0.96333414
1,1,0.999826
1,1,0.99974483
1,1,0.99783
1,1,0.99969935
1,1,0.9999286
1,1,0.9621432
1,1,0.9887771
1,0,0.014364656
1,1,0.99683964
1,1,0.96395
1,1,0.99912554
1,1,0.99952626
1,1,0.6773673
1,1,0.99931216
1,1,0.99988127
1,1,0.9749884
1,1,0.9999558
1,1,0.99895966
1,1,0.9811849
1,1,0.9862046
1,1,0.99984705
1,1,0.99955136
1,1,0.6223159
1,1,0.9912548
1,1,0.99984276
1,1,0.99966073
1,1,0.99987614
1,1,0.99948174
1,1,0.99995756
1,0,0.18476751
1,0,0.003422935
1,1,0.9239362
1,1,0.52984166
1,1,0.9935993
1,1,0.99894124
1,1,0.9992489
1,1,0.9997893
1,1,0.99999726
1,1,0.9994937
1,1,0.99788433
1,1,0.7165658
1,1,0.85989916
1,1,0.9996087
1,1,0.9989267
1,1,0.9982109
1,1,0.99736834
1,1,0.9981505
1,1,0.9890343
1,1,0.9999069
1,1,0.9898499
1,1,0.5067058
1,1,0.9992693
1,0,0.00012436225
1,1,0.9946672
1,1,0.97262347
1,1,0.9506406
1,1,0.99978846
1,1,0.99989927
1,1,0.9999471
1,1,0.99997294
1,1,0.9939261
1,1,0.99779594
1,1,0.97869223
1,1,0.8050198
1,1,0.99990726
1,1,0.5039762
1,1,0.9994012
1,1,0.6359293
1,1,0.99985456
1,1,0.9378969
1,1,0.9199307
1,1,0.99899167
1,1,0.9737945
1,1,0.9988004
1,1,0.5500032
1,1,0.99784267
1,1,0.999936
1,1,0.99946004
1,1,0.99988365
1,1,0.9994093
1,1,0.99995863
1,1,0.99849296
1,1,0.9998036
1,1,0.9962782
1,1,0.9999509
1,1,0.5272709
1,1,0.98168314
1,1,0.91006696
1,0,0.4100621
1,1,0.999949
1,0,0.49942398
1,1,0.9946672
1,0,0.24662407
1,1,0.941493
1,1,0.99803144
1,1,0.9995363
1,1,0.81323844
1,1,0.999966
1,1,0.9996395
1,1,0.96521765
1,0,0.12533277
1,0,0.4368022
1,1,0.99961627
1,0,0.2549725
1,1,0.9994363
1,1,0.99871063
1,1,0.99372226
1,1,0.99984527
1,1,0.9977482
1,1,0.9995703
1,1,0.99987614
1,1,0.9999027
1,1,0.9967206
1,1,0.99544394
1,1,0.99476975
1,1,0.9680205
1,1,0.9857729
1,1,0.99783
1,1,0.99372226
1,1,0.9422947
1,1,0.81405276
1,1,0.96360916
1,1,0.99906737
1,0,0.004331502
1,1,0.9993869
1,1,0.9351691
1,1,0.9997358
1,1,0.99958354
1,1,0.9995584
1,1,0.99994755
1,1,0.95447797
1,1,0.99998605
1,1,0.9968945
1,0,0.08709683
1,1,0.9923638
1,1,0.9867005
1,1,0.98501414
1,1,0.99999547
1,1,0.9994735
1,1,0.9543506
1,0,0.26521388
1,1,0.99459416
1,1,0.95715785
1,0,0.00020027377
1,1,0.9996352
1,1,0.9990169
1,1,0.99996626
1,0,0.33753103
1,1,0.99582565
1,1,0.9999342
1,1,0.97494066
1,1,0.9985952
1,1,0.9915052
1,0,0.13483286
1,1,0.9988028
1,1,0.99929166
1,1,0.99792105
1,1,0.9999963
1,1,0.9993268
1,1,0.9056566
1,1,0.99995685
1,1,0.9999479
1,1,0.7876047
1,1,0.99953353
1,1,0.9999769
1,1,0.9999565
1,1,0.8588962
1,1,0.9999467
1,1,0.9988463
1,1,0.9999721
1,1,0.9974541
1,1,0.9993081
1,1,0.99847525
1,1,0.99827254
1,1,0.99980444
1,1,0.98953116
1,1,0.99090964
1,1,0.9999825
1,1,0.99854773
1,1,0.9952632
1,1,0.9936365
1,1,0.93195957
1,1,0.9991048
1,1,0.99977833
1,1,0.9999039
1,1,0.6573185
1,1,0.9998671
1,1,0.9472348
1,1,0.99832886
1,1,0.99600047
1,1,0.9944666
1,1,0.9787127
1,1,0.99858415
1,1,0.9981828
1,1,0.9999926
1,1,0.80821866
1,0,0.1696809
1,1,0.9999149
1,1,0.9953725
1,1,0.9998629
1,1,0.8588962
1,1,0.9996692
1,1,0.698278
1,1,0.59927994
1,1,0.9965301
1,1,0.99997425
1,1,0.9991186
1,1,0.99549675
1,1,0.99002504
1,1,0.98986953
1,1,0.99890125
1,0,0.0020911063
1,1,0.9997023
1,1,0.998345
1,1,0.90958625
1,1,0.99968255
1,1,0.98819935
1,1,0.9999335
1,1,0.6370308
1,1,0.94694114
1,1,0.999134
1,1,0.9999912
1,1,0.96612406
1,1,0.98481095
1,1,0.9997594
1,1,0.99986184
1,1,0.99984884
1,1,0.9999757
1,1,0.953665
1,0,0.14737102
1,1,0.9973374
1,1,0.9868787
1,1,0.99852777
1,1,0.99918956
1,1,0.9038049
1,1,0.9999875
1,1,0.9992944
1,1,0.999962
1,1,0.999982
1,1,0.9999671
1,1,0.9998952
1,0,0.087954745
1,0,0.49964905
1,1,0.94825053
1,1,0.9997695
1,1,0.98899186
1,0,0.20442131
1,1,0.95400894
1,1,0.9950563
1,1,0.99998724
1,1,0.95806944
1,1,0.934455
1,1,0.97624266
1,1,0.99995124
1,0,0.46031922
1,1,0.86865973
1,1,0.5142431
1,1,0.98582757
1,1,0.9999243
1,1,0.9990908
1,1,0.9979493
1,0,0.49018988
1,1,0.9809491
1,1,0.99458355
1,1,0.9938548
1,1,0.99268264
1,0,0.10475175
1,1,0.9978002
1,1,0.9724409
1,1,0.9999788
1,1,0.9069832
1,1,0.97510713
1,1,0.99540824
1,1,0.9269014
1,1,0.98527133
1,1,0.9993068
1,1,0.975249
1,1,0.89423656
1,1,0.60302633
1,1,0.99916553
1,1,0.9986853
1,1,0.9969663
1,1,0.9998273
1,1,0.9992461
1,1,0.99995375
1,1,0.9997154
1,1,0.99978846
1,1,0.96829146
1,1,0.554003
1,1,0.99967945
1,1,0.998912
1,1,0.997414
1,1,0.8911024
1,1,0.99973255
1,1,0.54679227
1,1,0.67313796
1,1,0.9995197
1,1,0.9642878
1,1,0.9933201
1,1,0.99411184
1,1,0.7127823
1,1,0.99977916
1,1,0.9984633
1,1,0.9954615
1,1,0.7973202
1,1,0.8085212
1,1,0.6450361
1,1,0.96192914
1,1,0.9999039
1,0,0.23775285
1,1,0.9994956
1,1,0.9908035
1,1,0.9944343
1,1,0.9971607
1,1,0.999554
1,1,0.6800292
1,0,0.3051794
1,0,0.030100338
1,1,0.9114165
1,1,0.9991573
1,1,0.9998523
1,1,0.9998957
1,1,0.99990726
1,1,0.9883128
1,1,0.99313617
1,0,0.32944566
1,1,0.57651216
1,1,0.9999825
1,1,0.92827886
1,1,0.99999106
1,1,0.99209267
1,1,0.91796696
1,1,0.9999145
1,1,0.9995216
1,1,0.99985516
1,1,0.7612724
1,1,0.94468933
1,1,0.9892441
1,1,0.8831352
1,1,0.99981695
1,1,0.99947864
1,1,0.9999225
1,1,0.98735064
1,1,0.9999372
1,1,0.99993074
1,1,0.9916196
1,1,0.99968684
1,1,0.9987625
1,1,0.99995446
1,0,0.48434198
1,1,0.99963236
1,1,0.9995566
1,1,0.9984723
1,1,0.99959713
1,1,0.99978846
1,1,0.92359227
1,1,0.9999957
1,1,0.99978596
1,1,0.9771756
1,1,0.99950826
1,1,0.9146726
1,1,0.5112005
1,1,0.9996929
1,1,0.9987649
1,1,0.6302299
1,1,0.99861956
1,1,0.99960417
1,1,0.99776125
1,1,0.934813
1,1,0.9998596
1,0,0.48807847
1,1,0.99995565
1,1,0.9996057
1,1,0.98442644
1,1,0.9999902
1,0,0.17497346
1,1,0.998092
1,0,0.046205748
1,1,0.99991107
1,1,0.96964204
1,1,0.9672869
1,0,0.20890425
1,1,0.9979888
1,0,0.18308187
1,1,0.9857729
1,1,0.9996513
1,1,0.9941801
1,1,0.9999087
1,1,0.9997851
1,1,0.9812749
1,1,0.95426536
1,1,0.9996587
1,1,0.9145963
1,1,0.54440784
1,1,0.99822825
1,1,0.9884919
1,1,0.98866826
1,1,0.9996295
1,1,0.9996259
1,1,0.99396133
1,1,0.99447733
1,1,0.99992716
1,1,0.95565146
1,1,0.9999914
1,1,0.99966073
1,1,0.9988098
1,1,0.9941233
1,1,0.9985702
1,1,0.99373454
1,1,0.999926
1,1,0.99954873
1,1,0.9997998
1,1,0.9979412
1,1,0.9988373
1,1,0.99415743
1,1,0.998835
1,1,0.9993148
1,1,0.798344
1,1,0.9999702
1,1,0.95880854
1,1,0.9956262
1,1,0.9997198
1,1,0.99980134
1,1,0.9974788
1,1,0.9993538
1,1,0.99871576
1,1,0.91398406
1,1,0.9999465
1,1,0.9961306
1,1,0.99697804
1,1,0.98609793
1,1,0.9923044
1,1,0.9993424
1,1,0.9994622
1,1,0.99939525
1,1,0.5245945
1,1,0.9599126
1,0,0.11172486
1,0,0.05915588
1,1,0.9890343
1,1,0.9985869
1,1,0.9992372
1,0,0.19938591
1,1,0.99985623
1,1,0.94877505
1,1,0.9998505
1,1,0.8613634
1,1,0.99991584
1,1,0.999445
1,0,0.0006386796
1,1,0.9832145
1,1,0.98623115
1,1,0.993255
1,1,0.99961406
1,1,0.9826576
1,1,0.9999138
1,1,0.9954615
1,1,0.99952257
1,1,0.9881765
1,1,0.99783844
1,1,0.98401695
1,1,0.99911004
1,0,0.019456575
1,1,0.99187535
1,1,0.99992657
1,1,0.98768765
1,0,0.060584944
1,1,0.99959785
1,1,0.9463493
1,0,0.085327424
1,1,0.9947901
1,1,0.996852
1,1,0.99981695
1,1,0.9999938
1,1,0.99971086
1,1,0.97953105
1,1,0.969985
1,0,0.005565725
1,1,0.93686515
1,1,0.8117507
1,1,0.99193794
1,1,0.9999633
1,1,0.6607199
1,1,0.9997826
1,0,0.0343263
1,1,0.99361163
1,1,0.95976204
1,1,0.99903214
1,1,0.9999968
1,1,0.9991491
1,1,0.99881446
1,1,0.9940428
1,1,0.99923575
1,1,0.9908213
1,1,0.8821236
1,1,0.55084896
1,1,0.9991721
1,1,0.985663
1,1,0.9998233
1,0,0.26246357
1,1,0.9997631
1,1,0.7559524
1,1,0.9998752
1,1,0.99991584
1,1,0.9992649
1,1,0.9545628
1,1,0.9997284
1,1,0.9997613
1,1,0.99816495
1,1,0.99182796
1,1,0.99946004
1,1,0.9990564
1,1,0.99974984
1,1,0.9993881
1,1,0.99253935
1,1,0.99906915
1,1,0.7807461
1,1,0.99999475
1,1,0.9997075
1,1,0.9990638
1,1,0.9996983
1,1,0.99433607
1,1,0.99973255
1,1,0.76401234
1,1,0.9953904
1,1,0.99632865
1,1,0.9998253
1,1,0.9997198
1,1,0.99724233
1,1,0.9998952
1,1,0.99995255
1,1,0.953188
1,1,0.99933976
1,1,0.99995184
1,1,0.91204524
1,1,0.94994867
1,0,0.26067168
1,1,0.9994967
1,1,0.9825575
1,0,0.31800842
1,1,0.73478615
1,0,0.41658893
1,1,0.98168314
1,1,0.99994874
1,1,0.999423
1,1,0.99979013
1,1,0.6721165
1,1,0.99999535
1,1,0.99025387
1,1,0.999824
1,1,0.9995345
1,1,0.9240733
1,0,0.4861428
1,0,0.30069423
1,1,0.99564314
1,1,0.9893885
1,1,0.900267
1,1,0.99586606
1,1,0.89228123
1,0,0.15902139
1,1,0.9999963
1,1,0.9999887
1,1,0.99384296
1,1,0.99936754
1,1,0.9993
1,1,0.9960622
1,1,0.9983059
1,1,0.99991846
1,1,0.9492005
1,1,0.9998155
1,1,0.9868787
1,1,0.99993527
1,1,0.99378294
1,0,0.14396822
1,1,0.99977213
1,1,0.99960107
1,1,0.9998385
1,1,0.99780875
1,1,0.9874721
1,1,0.9946359
1,1,0.9999478
1,1,0.98609793
1,1,0.999828
1,0,0.21958843
1,1,0.99998355
1,1,0.9999541
1,1,0.99973255
1,1,0.9922294
1,1,0.98761624
1,1,0.9998568
1,0,0.4108154
1,1,0.97737074
1,1,0.70947224
1,1,0.99894744
1,1,0.9993905
1,1,0.90681833
1,0,0.0019229825
1,1,0.5709295
1,1,0.99998176
1,1,0.9998579
1,1,0.99895966
1,1,0.9904959
1,1,0.9992706
1,1,0.9988004
1,1,0.9994493
1,1,0.8778961
1,1,0.9999678
1,1,0.9961004
1,1,0.9998385
1,1,0.9998005
1,1,0.9995461
1,1,0.99982256
1,0,0.09687654
1,1,0.5984882
1,1,0.9999845
1,1,0.9617859
1,1,0.99983966
1,1,0.99997485
1,1,0.9992563
1,1,0.97331697
1,1,0.99993265
1,1,0.99773055
1,1,0.97754294
1,1,0.97943294
1,1,0.99977833
1,1,0.5507282
1,1,0.98965186
1,1,0.89606965
1,1,0.9161846
1,1,0.9994611
1,1,0.9999964
1,1,0.9997478
1,1,0.9765354
1,1,0.54667765
1,1,0.999795
1,1,0.9997843
1,1,0.95888567
1,1,0.98735064
1,1,0.99796116
1,1,0.9997478
1,1,0.98398626
1,1,0.9999212
1,0,0.00024923251
1,0,0.15405756
1,1,0.99989605
1,1,0.9980276
1,1,0.9999968
1,1,0.9997658
1,0,0.39918202
1,1,0.99178034
1,1,0.9999882
1,1,0.99682117
1,1,0.9993462
1,1,0.9999471
1,0,0.19744444
1,1,0.9990073
1,1,0.90821165
1,1,0.99783427
1,1,0.99975175
1,1,0.99920374
1,1,0.99996173
1,1,0.9523088
1,1,0.95938325
1,1,0.99240804
1,1,0.9999162
1,1,0.9056566
1,0,0.40341994
1,1,0.6987408
1,1,0.9999342
1,1,0.9994536
1,1,0.98860246
1,1,0.9526182
1,1,0.9999914
1,1,0.9146726
1,1,0.99952626
1,0,0.027954401
1,1,0.9993988
1,0,0.0012113065
1,1,0.94891727
1,1,0.99913234
1,1,0.9994093
1,1,0.9997631
1,1,0.9890554
1,1,0.99619776
1,1,0.9859093
1,1,0.7985012
1,1,0.99622726
1,1,0.98054343
1,1,0.99764496
1,1,0.988108
1,1,0.999995
1,0,0.2048982
1,1,0.9946255
1,1,0.9999132
1,1,0.9993761
1,1,0.99989283
1,1,0.9433476
1,1,0.99108386
1,1,0.99974686
1,1,0.9032942
1,1,0.9180404
1,1,0.999213
1,1,0.99955577
1,1,0.98947024
1,1,0.99925333
1,0,0.01745923
1,1,0.9998702
1,1,0.9530133
1,1,0.9992693
1,1,0.99896777
1,0,0.004609572
1,1,0.99991345
1,1,0.856092
1,1,0.9872528
1,1,0.9999821
1,1,0.99827254
1,1,0.95154905
1,1,0.99346113
1,0,0.0021447653
1,1,0.99930406
1,1,0.9643886
1,1,0.91928095
1,1,0.9911698
1,1,0.9183339
1,1,0.9998148
1,1,0.9934865
1,1,0.99998593
1,1,0.9045662
1,1,0.61048245
1,1,0.8451773
1,1,0.97517824
1,0,0.3253598
1,1,0.99991214
1,0,0.25571522
1,1,0.9955835
1,1,0.9999838
1,1,0.99992394
1,1,0.99974185
1,1,0.6547844
1,1,0.96641046
1,1,0.99970573
1,1,0.9997142
1,1,0.9966691
1,1,0.9987864
1,1,0.99990046
1,1,0.9999517
1,1,0.96295285
1,1,0.999828
1,1,0.8794059
1,1,0.8782099
1,1,0.9974837
1,1,0.5835149
1,1,0.9996215
1,1,0.9907678
1,0,0.28467542
1,1,0.99992454
1,1,0.9990619
1,1,0.97826034
1,1,0.9998574
1,1,0.9998332
1,1,0.9984084
1,1,0.8879841
1,1,0.9935243
1,1,0.9966365
1,1,0.99982256
1,0,0.12738101
1,1,0.7483523
1,1,0.9914556
1,1,0.9999521
1,1,0.99996436
1,0,0.011266297
1,1,0.999688
1,1,0.99999166
1,1,0.52487797
1,1,0.99950635
1,1,0.9958418
1,1,0.99929035
1,0,0.05997644
1,1,0.91125864
1,1,0.9678082
1,1,0.99420255
1,1,0.99897975
1,1,0.9999541
1,1,0.9542227
1,1,0.985129
1,1,0.99977916
1,1,0.87800074
1,1,0.97529614
1,1,0.99802387
1,1,0.99948573
1,1,0.98235554
1,1,0.9927672
1,1,0.9835654
1,1,0.9997981
1,1,0.99695444
1,1,0.9974491
1,1,0.99903786
1,1,0.9700135
1,1,0.59969026
1,1,0.9164094
1,1,0.999949
1,1,0.99565166
1,1,0.9835022
1,1,0.99999154
1,1,0.9992563
1,1,0.96882665
1,1,0.99998903
1,1,0.99984026
1,1,0.99929583
1,1,0.9748452
1,0,0.024869107
1,1,0.9961606
1,1,0.8893368
1,1,0.9998722
1,1,0.99664307
1,1,0.9966036
1,1,0.9875444
1,1,0.9999187
1,1,0.9988708
1,1,0.99828595
1,1,0.8045595
1,1,0.988425
1,1,0.99949074
1,1,0.9899282
1,1,0.99946314
1,1,0.99992514
1,1,0.99993527
1,1,0.8418907
1,1,0.99871314
1,1,0.9551939
1,1,0.9970708
1,1,0.97142875
1,1,0.9985221
1,0,0.18854798
1,1,0.9998722
1,1,0.896614
1,1,0.999723
1,1,0.9939731
1,1,0.9999938
1,1,0.99866986
1,1,0.99978095
1,1,0.99532723
1,1,0.99106663
1,0,0.050705362
1,1,0.99999595
1,1,0.9954615
1,1,0.9999107
1,1,0.9984176
1,1,0.99972516
1,1,0.99993134
1,1,0.99985516
1,1,0.99442345
1,1,0.9957684
1,1,0.99991906
1,1,0.9995678
1,1,0.99896777
1,1,0.8992984
1,1,0.99998295
1,1,0.99998534
1,1,0.9999565
1,1,0.9759923
1,1,0.9736447
1,1,0.9971161
1,1,0.9976404
1,1,0.9996049
1,1,0.98056203
1,1,0.9983059
1,1,0.9858004
1,0,0.39776295
1,1,0.997537
1,1,0.99196917
1,1,0.9999764
1,1,0.99812883
1,0,0.23868324
1,1,0.9957684
1,1,0.9995443
1,1,0.970771
1,1,0.9994579
1,1,0.94208187
1,1,0.9993905
1,1,0.9416005
1,1,0.99953544
1,1,0.84318626
1,1,0.99968123
1,1,0.9999709
1,1,0.9885361
1,1,0.99921143
1,1,0.9999664
1,1,0.9906961
1,1,0.9650863
1,0,0.036769465
1,1,0.9992206
1,1,0.9997851
1,1,0.9996886
1,1,0.99799275
1,1,0.9993881
1,1,0.99997795
1,1,0.99968004
1,1,0.95783347
1,1,0.9913223
1,1,0.83514774
1,1,0.9640178
1,1,0.99988496
1,1,0.9982317
1,1,0.54425645
1,0,0.13494682
1,1,0.98782945
1,0,0.0034296038
1,1,0.9969663
1,1,0.99400806
1,1,0.99945253
1,1,0.99656373
1,0,0.03410043
1,1,0.80201334
1,1,0.99891615
1,1,0.9998005
1,0,0.026006784
1,1,0.9920157
1,1,0.999824
1,1,0.9980544
1,1,0.98920244
1,1,0.72758853
1,1,0.999864
1,1,0.99932015
1,1,0.9993487
1,1,0.98873377
1,0,0.15253651
1,1,0.99977654
1,1,0.99984026
1,0,0.19798662
1,1,0.999049
1,1,0.99394965
1,1,0.9896718
1,1,0.9830851
1,1,0.9835338
1,1,0.9976814
1,1,0.9973322
1,1,0.99991417
1,1,0.999964
1,1,0.9992237
1,1,0.99980134
1,1,0.96864927
1,1,0.9744834
1,1,0.9675945
1,1,0.9715909
1,1,0.9999485
1,1,0.99947864
1,1,0.99942076
1,1,0.9912039
1,1,0.98220253
1,1,0.9907678
1,1,0.99956006
1,1,0.999866
1,1,0.9999362
1,1,0.99308276
1,1,0.97889495
1,1,0.9329437
1,1,0.95594025
1,1,0.9989536
1,1,0.9991943
1,0,0.18690997
1,1,0.99999475
1,1,0.9996892
1,0,0.37490508
1,1,0.9287327
1,1,0.9722571
1,1,0.99890983
1,1,0.99948263
1,1,0.99876726
1,1,0.999577
1,0,0.45324674
1,1,0.9999912
1,1,0.9950563
1,1,0.9997063
1,1,0.9998634
1,1,0.9975274
1,0,0.0019418169
1,1,0.98986953
1,1,0.8448575
1,0,0.06903793
1,1,0.98400164
1,1,0.99939764
1,1,0.97110176
1,1,0.9807103
1,1,0.99835473
1,0,0.23170114
1,0,0.22380088
1,1,0.99959236
1,0,0.15720153
1,0,0.00028462242
1,1,0.9999442
1,0,0.0038393948
1,1,0.8221891
1,1,0.98302
1,1,0.999841
1,1,0.7348813
1,1,0.9784671
1,1,0.99460465
1,1,0.9992489
1,1,0.9997069
1,1,0.9999578
1,1,0.97436166
1,1,0.9938548
1,0,0.48498794
1,1,0.9997398
1,1,0.97836393
1,1,0.98835784
1,1,0.9995703
1,1,0.9952077
1,1,0.99997354
1,1,0.99980515
1,1,0.9941233
1,0,0.31515604
1,1,0.9999738
1,1,0.9700703
1,1,0.9966234
1,1,0.9913054
1,1,0.9983354
1,1,0.9994081
1,1,0.99994755
1,1,0.99836427
1,1,0.9998845
1,1,0.99983907
1,1,0.999129
1,1,0.9996295
1,1,0.9998981
1,1,0.99918324
1,1,0.9955835
1,1,0.9996118
1,1,0.99675864
1,1,0.9780936
1,1,0.9996087
1,1,0.9891606
1,1,0.9994887
1,1,0.96448904
1,1,0.99591404
1,0,0.034553625
1,1,0.99985516
1,1,0.9998863
1,1,0.9999225
1,0,0.012264914
1,1,0.99995315
1,1,0.99995685
1,1,0.9982893
1,1,0.99980587
1,1,0.97869223
1,1,0.9965837
1,1,0.98934746
1,1,0.9992161
1,1,0.7474317
1,1,0.9997478
1,1,0.8278978
1,1,0.999723
1,0,0.03330537
1,1,0.99637836
1,1,0.9883128
1,1,0.99390244
1,1,0.94287604
1,1,0.99856466
1,1,0.99892044
1,1,0.9992563
1,1,0.99995613
1,1,0.9825575
1,1,0.85299677
1,1,0.9997843
1,1,0.99719906
1,1,0.99111825
1,1,0.99785525
1,1,0.98617804
1,1,0.99987113
1,1,0.97923523
1,1,0.9981141
1,1,0.9993845
1,1,0.9942363
1,1,0.99999356
1,1,0.99908006
1,1,0.99997497
1,1,0.9997942
1,1,0.9994374
1,1,0.999608
1,1,0.99999094
1,1,0.9999387
1,1,0.9997305
1,1,0.91274774
1,0,0.4780339
1,1,0.96560895
1,1,0.9786107
1,1,0.9978884
1,1,0.99866986
1,1,0.9526182
1,0,0.047425874
1,1,0.9988752
1,1,0.8329173
1,1,0.9869544
1,1,0.999984
1,1,0.9606575
1,1,0.9987527
1,1,0.9996499
1,1,0.98096734
1,1,0.998147
1,1,0.98886347
1,1,0.998698
1,1,0.99935883
1,1,0.9990471
1,1,0.99991584
1,1,0.9285385
1,1,0.99996805
1,1,0.99987805
1,1,0.9992792
1,1,0.8957965
1,1,0.9969663
1,1,0.9997851
1,1,0.99853635
1,1,0.6305712
1,1,0.9983386
1,1,0.95540243
1,1,0.9994746
1,1,0.9920466
1,1,0.99918646
1,1,0.9999944
1,1,0.999905
1,1,0.9474297
1,1,0.99789256
1,1,0.9791955
1,1,0.9938309
1,1,0.9999745
1,1,0.99951494
1,1,0.999964
1,1,0.9943691
1,1,0.982524
1,1,0.99998903
1,1,0.9964619
1,1,0.962356
1,1,0.99980205
1,1,0.9999168
1,1,0.998784
1,1,0.99486035
1,1,0.98862445
1,1,0.9999949
1,1,0.9791357
1,1,0.99992573
1,1,0.9994684
1,1,0.9983158
1,1,0.97458035
1,1,0.99968493
1,1,0.9994319
1,1,0.9997125
1,1,0.9999485
1,0,0.22618484
1,1,0.980053
1,1,0.9722835
1,1,0.99958676
1,1,0.99987566
1,1,0.9718326
1,1,0.9649544
1,0,0.0012136718
1,1,0.99975175
1,1,0.98617804
1,1,0.99324185
1,1,0.99396133
1,1,0.99990726
1,1,0.99731135
1,1,0.92703366
1,1,0.9422947
1,0,0.20946968
1,1,0.9197147
1,1,0.9997527
1,1,0.99987113
1,1,0.9986249
1,1,0.99695444
1,1,0.9991424
1,0,0.14276887
1,1,0.8438308
1,1,0.9657061
1,1,0.9720986
1,1,0.9998148
1,1,0.9996686
1,1,0.79454446
1,1,0.9996613
1,1,0.77424216
1,0,0.0362883
1,1,0.9933589
1,1,0.9924374
1,1,0.9990601
1,1,0.9989837
1,1,0.9878528
1,1,0.99980515
1,1,0.9938788
1,0,0.19475038
1,1,0.98588216
1,1,0.9689444
1,1,0.9981104
1,1,0.999445
1,1,0.99975175
1,0,0.040275678
1,1,0.99974185
1,1,0.999984
1,0,0.2752758
1,1,0.99553156
1,1,0.99671423
1,1,0.9212869
1,1,0.8587186
1,1,0.9993749
1,1,0.99620515
1,1,0.99773055
1,1,0.9940659
1,1,0.99444515
1,1,0.6064984
1,1,0.9999511
1,1,0.99996865
1,1,0.9987649
1,1,0.99895763
1,1,0.99844813
1,1,0.99855906
1,1,0.64918953
1,1,0.995488
1,1,0.9497627
1,1,0.9994547
1,1,0.73540413
1,1,0.97275317
1,1,0.9989837
1,1,0.9971661
1,1,0.9998771
1,1,0.99959713
1,1,0.9939964
1,1,0.9986646
1,1,0.99632865
1,1,0.9990054
1,1,0.99962294
1,1,0.85512674
1,1,0.9998727
1,1,0.99997914
1,1,0.9798227
1,1,0.9790558
1,1,0.9996929
1,1,0.9999634
1,1,0.9999422
1,1,0.9996147
1,1,0.9999149
1,1,0.99998546
1,1,0.9649213
1,1,0.99993527
1,0,0.25036255
1,1,0.999529
1,1,0.9984542
1,1,0.9915216
1,1,0.99453074
1,1,0.7927853
1,1,0.98840266
1,1,0.99994004
1,0,0.004015092
1,1,0.9912039
1,1,0.5595383
1,1,0.99979264
1,1,0.9983865
1,1,0.97583157
1,1,0.9999387
1,1,0.99917525
1,1,0.96741027
1,1,0.9999443
1,1,0.65320987
1,1,0.90174776
1,1,0.9998499
1,1,0.89796406
1,1,0.8296301
1,1,0.99997973
1,1,0.99991715
1,1,0.99995124
1,1,0.5954044
1,1,0.9961004
1,1,0.99984646
1,1,0.9942363
1,1,0.9999956
1,1,0.9983158
1,1,0.9990054
1,1,0.9807842
1,1,0.99572706
1,1,0.61745495
1,1,0.5649387
1,1,0.997917
1,1,0.99987316
1,0,0.068288535
1,1,0.9998074
1,1,0.99979585
1,1,0.6199891
1,0,0.0016613906
1,1,0.99634284
1,0,0.3233801
1,1,0.9309621
1,1,0.997358
1,1,0.99153805
1,1,0.9991204
1,1,0.999129
1,1,0.9999944
1,1,0.9999422
1,1,0.98549646
1,1,0.999864
1,1,0.9999403
1,1,0.99999106
1,1,0.993255
1,1,0.99986815
1,1,0.98272413
1,1,0.546481
1,1,0.9952077
1,1,0.99861956
1,1,0.5990454
1,0,0.30105373
1,1,0.9983059
1,1,0.9999845
1,1,0.56916434
1,1,0.99586606
1,1,0.9982827
1,1,0.99297464
1,1,0.94218844
1,1,0.80555576
1,1,0.9999882
1,1,0.9967775
1,1,0.9875683
1,1,0.5503506
1,1,0.98313373
1,1,0.9999403
1,1,0.99942744
1,1,0.99945897
1,1,0.9999614
1,0,0.0020547444
1,1,0.99476975
1,1,0.97539
1,1,0.9998697
1,1,0.9986142
1,1,0.99998987
1,1,0.9999168
1,1,0.9571178
1,0,0.3261641
1,1,0.9998499
1,1,0.9987576
1,1,0.9991441
1,1,0.99988365
1,1,0.9999869
1,1,0.99697804
1,1,0.9994611
1,1,0.9931096
1,1,0.9975177
1,1,0.99896574
1,1,0.99668854
1,1,0.99829596
1,1,0.99977833
1,0,0.0003089472
1,1,0.82523793
1,1,0.9995995
1,1,0.99992883
1,1,0.6984323
1,1,0.90894175
1,0,0.0017274586
1,1,0.9983802
1,1,0.7351666
1,1,0.99982053
1,1,0.99344844
1,1,0.9005298
1,1,0.99393785
1,1,0.83867973
1,1,0.99999547
1,1,0.99279517
1,1,0.53458214
1,1,0.99988806
1,1,0.9999505
1,1,0.99522626
1,1,0.9838005
1,1,0.9968702
1,1,0.99943966
1,1,0.9978594
1,1,0.998835
1,1,0.98215127
1,1,0.99630713
1,1,0.9994241
1,1,0.9999101
1,1,0.9988373
1,1,0.9924374
1,1,0.9985134
1,1,0.999539
1,0,0.06412401
1,1,0.9999083
1,1,0.74022126
1,1,0.812198
1,1,0.999355
1,1,0.99864095
1,1,0.9979412
1,1,0.99939644
1,1,0.94509614
1,1,0.99999607
1,1,0.9947084
1,0,0.24283351
1,1,0.9990601
1,1,0.9999471
1,1,0.7277821
1,1,0.99983716
1,1,0.9959693
1,1,0.9872528
1,1,0.99986756
1,1,0.9999522
1,1,0.9995652
1,1,0.90958625
1,1,0.9935868
1,1,0.9710193
1,1,0.9965301
1,1,0.99839276
1,1,0.9967269
1,1,0.9998416
1,1,0.99955136
1,1,0.9991928
1,1,0.9073123
1,1,0.99986064
1,1,0.9999751
1,1,0.9801293
1,1,0.9970247
1,1,0.91781974
1,1,0.9995908
1,1,0.99997926
1,0,0.25362986
1,1,0.9994766
1,1,0.9974541
1,0,0.0047552
1,1,0.9992944
1,1,0.9835338
1,1,0.9999552
1,1,0.99999213
1,1,0.97769254
1,1,0.99174845
1,1,0.99993646
1,1,0.9775858
1,1,0.99999344
1,1,0.97093683
1,0,0.23458192
1,1,0.8709269
1,1,0.92359227
1,1,0.99871314
1,1,0.9659639
1,1,0.995142
1,1,0.99998474
1,1,0.99936384
1,0,0.0946777
1,1,0.998698
1,1,0.9792749
1,1,0.99928623
1,1,0.9930153
1,1,0.9896718
1,1,0.9761519
1,1,0.9116528
1,1,0.99936503
1,1,0.9997367
1,1,0.9986541
1,1,0.9965904
1,1,0.988108
1,1,0.9875923
1,0,0.102664
1,1,0.57191604
1,1,0.99945575
1,1,0.980375
1,1,0.99343574
1,0,0.28881976
1,1,0.9573974
1,0,0.2797793
1,1,0.98672616
1,1,0.7067473
1,1,0.9998859
1,1,0.99193794
1,0,0.25795195
1,0,0.36721355
1,1,0.9774355
1,1,0.99993527
1,1,0.99910825
1,1,0.99996614
1,1,0.9977743
1,1,0.9351691
1,1,0.9858549
1,1,0.9995408
1,1,0.99968433
1,1,0.9996971
1,1,0.9989141
1,1,0.99951315
1,1,0.9901211
1,1,0.99998975
1,1,0.9995987
1,1,0.9994418
1,1,0.96958447
1,1,0.6996137
1,1,0.5687901
1,1,0.9998785
1,1,0.9996424
1,1,0.999213
1,1,0.884489
1,1,0.9791557
1,1,0.9953994
1,0,0.14767806
1,1,0.9999385
1,1,0.99788433
1,1,0.99989724
1,1,0.99999404
1,1,0.9999145
1,1,0.9999825
1,0,0.36772424
1,1,0.9998568
1,1,0.99940693
1,1,0.98549646
1,1,0.9946255
1,1,0.99971086
1,1,0.99740905
1,1,0.9997273
1,1,0.9652504
1,1,0.99956006
1,1,0.9999708
1,1,0.9992461
1,1,0.99894124
1,1,0.5706903
1,0,0.44768664
1,1,0.9727014
1,1,0.99996114
1,1,0.99966526
1,0,0.19261527
1,0,0.0002341358
1,1,0.9982351
1,1,0.9999329
1,1,0.99999166
1,1,0.9995802
1,1,0.99998176
1,1,0.9016612
1,1,0.9258357
1,1,0.9999918
1,1,0.9987207
1,1,0.9999114
1,1,0.93558234
1,1,0.9998332
1,1,0.9997209
1,1,0.9971827
1,1,0.98920244
1,1,0.70115066
1,0,0.0013617034
1,0,0.009615036
1,1,0.943086
1,1,0.9724148
1,1,0.9998623
1,1,0.9965436
1,1,0.99850756
1,1,0.5024662
1,1,0.99966335
1,1,0.99907637
1,1,0.99852777
1,1,0.99951494
1,1,0.99999726
1,1,0.99926347
1,1,0.9535353
1,1,0.9971717
1,1,0.99999356
1,0,0.05942822
1,1,0.9997749
1,1,0.97786224
1,1,0.9988575
1,1,0.99999714
1,1,0.9990582
1,1,0.98138225
1,1,0.99976856
1,1,0.99984527
1,1,0.99928194
1,1,0.9997757
1,0,0.21675667
1,1,0.9998029
1,1,0.9927672
1,1,0.974701
1,1,0.9999738
1,1,0.9999795
1,1,0.99993527
1,0,0.48276013
1,1,0.99779165
1,1,0.9986646
1,1,0.9985979
1,1,0.9689444
1,1,0.9739932
1,1,0.9988463
1,1,0.6573185
1,1,0.9983026
1,1,0.9991672
1,0,0.21149825
1,1,0.9967206
1,1,0.9878762
1,1,0.97943294
1,1,0.99987614
1,1,0.9986436
1,1,0.99922967
1,1,0.9995272
1,1,0.99984455
1,1,0.8945133
1,1,0.97298527
1,1,0.98024315
1,1,0.9999896
1,0,0.3072021
1,1,0.996852
1,1,0.9957021
1,1,0.99758446
1,1,0.9998727
1,1,0.99998474
1,1,0.99849
1,1,0.99860877
1,1,0.9919224
1,1,0.9954615
1,1,0.9990264
1,1,0.999987
1,0,0.0047459654
1,1,0.9779888
1,1,0.9947391
1,1,0.98498523
1,1,0.9997818
1,1,0.99999547
1,1,0.9596866
1,1,0.9999894
1,1,0.7366375
1,1,0.994292
1,1,0.99984276
1,1,0.99824536
1,1,0.99968255
1,1,0.9754135
1,1,0.9988373
1,1,0.99977034
1,1,0.7899638
1,1,0.99938333
1,1,0.9425596
1,1,0.9999405
1,1,0.99999166
1,1,0.999554
1,1,0.9992549
1,1,0.9246196
1,1,0.9877351
1,1,0.99984586
1,1,0.9951325
1,1,0.9997063
1,1,0.9995778
1,1,0.9987331
1,1,0.9999697
1,1,0.9887988
1,0,0.20769641
1,1,0.9595352
1,1,0.9999896
1,1,0.99518895
1,1,0.9972638
1,1,0.9965301
1,1,0.97957015
1,1,0.937783
1,1,0.99993265
1,1,0.9964688
1,0,0.026180506
1,1,0.9977743
1,1,0.64074826
1,1,0.9342753
1,1,0.99961334
1,1,0.99988675
1,1,0.99971205
1,1,0.6520753
1,1,0.9999629
1,1,0.9994429
1,0,0.28110948
1,1,0.9993411
1,1,0.9997011
1,1,0.9644556
1,1,0.89199936
1,1,0.9998863
1,1,0.8924688
1,1,0.9627082
1,1,0.9999896
1,1,0.9981141
1,1,0.99949074
1,1,0.9955403
1,1,0.9994967
1,1,0.9991817
1,0,0.025107034
1,1,0.9995443
1,0,0.16878843
1,1,0.9907141
1,1,0.98327893
1,1,0.99998057
1,1,0.9969957
1,1,0.9941004
1,1,0.9999937
1,1,0.9991541
1,1,0.9743861
1,1,0.99302894
1,1,0.9998511
1,0,0.062617026
1,1,0.9996207
1,1,0.99968565
1,1,0.99999344
1,1,0.99914575
1,1,0.99949956
1,1,0.99987113
1,1,0.99972516
1,1,0.98892784
1,1,0.92663634
1,1,0.99675864
1,1,0.9996692
1,1,0.9992649
1,1,0.99990356
1,1,0.9999821
1,1,0.999866
1,1,0.99384296
1,1,0.99954695
1,1,0.9799382
1,1,0.9996458
1,1,0.99522626
1,0,0.46020934
1,1,0.9893063
1,1,0.9998111
1,1,0.9780727
1,1,0.99975556
1,1,0.99778724
1,1,0.9999316
1,1,0.99400806
1,1,0.92944044
1,1,0.99883276
1,0,0.0018895386
1,1,0.99880743
1,1,0.9888419
1,1,0.9851003
1,1,0.9999385
1,1,0.9605466
1,0,0.1884733
1,1,0.99861956
1,1,0.9975418
1,1,0.87726665
1,1,0.99896777
1,1,0.9738444
1,1,0.97462875
1,1,0.90320885
1,1,0.9946878
1,1,0.98475236
1,1,0.99999225
1,1,0.9976357
1,1,0.9972904
1,1,0.99983203
1,0,0.41886032
1,1,0.9839091
1,1,0.8329853
1,1,0.99711037
1,1,0.9920466
1,1,0.9969426
1,1,0.9987031
1,1,0.99746394
1,1,0.9995584
1,1,0.9610615
1,1,0.9999596
1,1,0.9991817
1,1,0.9999801
1,1,0.998147
1,1,0.9999958
1,1,0.93891287
1,0,0.050004896
1,1,0.9999138
1,1,0.9989956
1,1,0.99863297
1,0,0.0818861
1,1,0.9992931
1,1,0.9432954
1,0,0.030967515
1,1,0.99993396
1,1,0.5352275
1,0,0.46643168
1,1,0.99942183
1,1,0.99997056
1,1,0.99882597
1,1,0.91046584
1,1,0.9995035
1,1,0.9825575
1,1,0.9998771
1,1,0.99094474
1,1,0.99843913
1,1,0.91700584
1,1,0.9998596
1,1,0.9300146
1,1,0.9997063
1,1,0.99985516
1,1,0.99993956
1,1,0.99968374
1,1,0.97889495
1,1,0.888372
1,0,0.25376853
1,0,0.00010270019
1,1,0.99995697
1,1,0.9997439
1,1,0.96826136
1,1,0.9999101
1,1,0.9999931
1,1,0.99525404
1,1,0.83648777
1,1,0.9997868
1,1,0.9999385
1,1,0.9832949
1,1,0.9999927
1,1,0.9384068
1,1,0.99953175
1,1,0.9961306
1,1,0.99990606
1,0,0.4733225
1,1,0.99996364
1,1,0.99888617
1,1,0.7278304
1,1,0.99925333
1,1,0.99941385
1,1,0.99888617
1,1,0.995037
1,1,0.994615
1,1,0.8705973
1,1,0.99153805
1,1,0.99532723
1,0,0.013584394
1,1,0.6820975
1,1,0.99999285
1,1,0.9997241
1,0,0.015936993
1,1,0.9990207
1,1,0.99703634
1,1,0.7994423
1,1,0.9967333
1,1,0.99910307
1,1,0.9689444
1,1,0.9904959
1,1,0.9999069
1,1,0.9995092
1,0,0.14749376
1,1,0.9996222
1,1,0.94479126
1,1,0.9996673
1,0,0.0017140384
1,1,0.9990545
1,1,0.7232117
1,1,0.9967649
1,1,0.99852777
1,1,0.99592197
1,1,0.9999894
1,1,0.999826
1,1,0.9999231
1,1,0.9989309
1,1,0.95976204
1,1,0.97737074
1,1,0.98574555
1,1,0.99997187
1,1,0.9942139
1,1,0.9901211
1,0,0.05276519
1,1,0.5897902
1,1,0.9998247
1,1,0.9506406
1,1,0.9975656
1,1,0.99851626
1,1,0.999908
1,1,0.9999901
1,1,0.9456007
1,1,0.9970131
1,1,0.8595459
1,1,0.9996395
1,1,0.9842457
1,1,0.99999285
1,1,0.51003516
1,1,0.9999212
1,1,0.9998097
1,1,0.9999664
1,1,0.99984825
1,1,0.9998574
1,1,0.9996087
1,0,0.15335888
1,1,0.67800725
1,1,0.995142
1,1,0.99187535
1,1,0.9919224
1,1,0.9993081
1,0,0.3328523
1,1,0.9985814
1,1,0.9988373
1,1,0.9970131
1,1,0.94796216
1,1,0.957715
1,1,0.99989927
1,1,0.9997358
1,1,0.99890125
1,1,0.93127525
1,1,0.96458924
1,1,0.9992387
1,1,0.9997011
1,0,0.013096004
1,1,0.97957015
1,1,0.9983026
1,0,0.20793757
1,1,0.9960238
1,1,0.98279023
1,1,0.9999945
1,1,0.9032942
1,1,0.99482024
1,1,0.99407744
1,1,0.9382373
1,1,0.9996892
1,1,0.9985421
1,1,0.9999943
1,1,0.9999664
1,1,0.99351174
1,1,0.9995753
1,1,0.9994611
1,1,0.99594563
1,1,0.9875923
1,1,0.99806577
1,1,0.9994536
1,1,0.99997723
1,1,0.99997747
1,0,0.048541084
1,1,0.99373454
1,1,0.9994286
1,1,0.99996984
1,1,0.97708833
1,1,0.952882
1,1,0.9978594
1,1,0.9990508
1,1,0.9999962
1,1,0.99932146
1,1,0.7777222
1,0,0.09285216
1,1,0.9993845
1,0,0.12522575
1,1,0.9979493
1,1,0.9995159
1,1,0.9872528
1,1,0.99398476
1,1,0.998345
1,0,0.0963651
1,1,0.8773192
1,1,0.9563089
1,1,0.9996222
1,1,0.8585408
1,0,0.40556642
1,0,0.091382116
1,1,0.999864
1,1,0.998092
1,1,0.9993268
1,1,0.97142875
1,1,0.67672676
1,1,0.5971969
1,1,0.99903214
1,1,0.9368073
1,1,0.9819447
1,1,0.99996555
1,1,0.99985397
1,1,0.9999895
1,1,0.9872528
1,1,0.999673
1,1,0.9981324
1,1,0.9781146
1,1,0.94791394
1,1,0.9973008
1,1,0.99995446
1,1,0.880797
1,1,0.8045595
1,1,0.9999292
1,1,0.9985979
1,1,0.9930153
1,0,0.026430637
1,1,0.98395544
1,1,0.7353091
1,1,0.9997546
1,1,0.99988675
1,0,0.01335085
1,1,0.999015
1,1,0.98478174
1,1,0.9999957
1,1,0.94544977
1,1,0.99949765
1,1,0.6699608
1,1,0.9999473
1,1,0.99949074
1,1,0.9996338
1,1,0.99988365
1,1,0.99630713
1,1,0.99942964
1,1,0.631225
1,1,0.9999609
1,1,0.95145893
1,1,0.9987331
1,1,0.9999832
1,1,0.6796041
1,1,0.99923575
1,1,0.86601925
1,1,0.9975177
1,1,0.99975365
1,1,0.95226437
1,1,0.9712385
1,1,0.9997584
1,1,0.9996743
1,1,0.9996983
1,1,0.99999285
1,0,0.17370832
1,1,0.99369794
1,1,0.8626991
1,1,0.9999083
1,1,0.97730595
1,1,0.6246943
1,1,0.9941233
1,1,0.9999043
1,1,0.99666256
1,1,0.8611883
1,1,0.9998977
1,1,0.99792516
1,1,0.9540518
1,1,0.7397516
1,1,0.9998332
1,1,0.9727791
1,1,0.7381975
1,1,0.9064877
1,1,0.99349916
1,1,0.9928231
1,1,0.99966526
1,1,0.9993013
1,1,0.99991107
1,1,0.9995728
1,1,0.8856809
1,1,0.78141403
1,1,0.9975656
1,1,0.99858415
1,1,0.9987503
1,1,0.9996111
1,1,0.99698395
1,1,0.9981067
1,1,0.99816495
1,1,0.992597
1,1,0.99988174
1,1,0.9973888
1,1,0.8478418
1,1,0.94068086
1,1,0.96160597
1,1,0.9995652
1,1,0.9829055
1,1,0.99971586
1,1,0.999129
1,1,0.8631611
1,1,0.8247444
1,1,0.9965837
1,1,0.99988806
1,1,0.9873262
1,1,0.95814794
1,1,0.99936134
1,1,0.6335803
1,1,0.7472472
1,1,0.998844
1,1,0.9969246
1,1,0.999979
1,1,0.98975134
1,1,0.9878996
1,1,0.8244619
1,1,0.9999589
1,1,0.9989698
1,1,0.9982109
1,1,0.95995015
1,1,0.9988708
1,1,0.9853843
1,1,0.8957053
1,1,0.9983354
1,1,0.99253935
1,1,0.6988949
1,1,0.9527942
1,1,0.85482407
1,1,0.958654
1,1,0.98623115
1,1,0.99999356
1,1,0.9999963
1,1,0.9999422
1,1,0.9990545
1,1,0.99424744
1,1,0.99933845
1,1,0.9991541
1,1,0.9739189
1,1,0.8853344
1,1,0.9999584
1,1,0.921499
1,1,0.9712657
1,1,0.9970765
1,1,0.9994493
1,1,0.9983834
1,1,0.996108
1,1,0.9959299
1,1,0.7927853
1,1,0.9972584
1,1,0.9997527
1,1,0.99966073
1,1,0.9923638
1,1,0.99554896
1,1,0.99998224
1,1,0.9859904
1,1,0.9014011
1,1,0.9973425
1,1,0.97702265
1,1,0.99991417
1,1,0.9992944
1,1,0.9916196
1,1,0.999824
1,1,0.9997358
1,1,0.9928647
1,1,0.87283593
1,1,0.91157407
1,1,0.99683964
1,1,0.999892
1,1,0.99735296
1,1,0.997399
1,1,0.99592197
1,1,0.9999728
1,1,0.98022413
1,0,0.16728666
1,1,0.9757624
1,1,0.9979412
1,1,0.51404583
1,1,0.99995697
1,0,0.010860332
1,1,0.99999213
1,1,0.9982003
1,1,0.9871788
1,1,0.99978095
1,1,0.9998529
1,1,0.8674293
1,1,0.9994887
1,1,0.99950826
1,1,0.9997209
1,1,0.991032
1,1,0.9985134
1,1,0.9951984
1,1,0.84019345
1,0,0.03305475
1,1,0.9958175
1,1,0.99987066
1,1,0.9920157
1,1,0.9284088
1,1,0.99975365
1,0,0.034293946
1,0,0.15616924
1,1,0.999445
1,1,0.8844391
1,1,0.99983585
1,1,0.99989605
1,1,0.99939406
1,0,0.007710576
1,1,0.9996983
1,1,0.99992514
1,1,0.9551939
1,1,0.9969066
1,1,0.9975514
1,1,0.9993094
1,1,0.97068775
1,1,0.99997807
1,1,0.9995859
1,1,0.9999316
1,1,0.998698
1,1,0.9946359
1,1,0.90295243
1,1,0.9984114
1,1,0.9877351
1,1,0.99776995
1,1,0.9998596
1,1,0.9991672
1,0,0.0019723356
1,1,0.9253649
1,0,0.049267832
1,1,0.9994374
1,1,0.9957437
1,1,0.999566
1,1,0.999926
1,1,0.9267028
1,1,0.62202895
1,1,0.6248374
1,1,0.5090913
1,1,0.99549675
1,1,0.999962
1,1,0.9999087
1,1,0.9999572
1,1,0.9943691
1,1,0.99990463
1,1,0.9747251
1,1,0.9995827
1,1,0.9993175
1,1,0.9075583
1,1,0.99967563
1,1,0.9992237
1,1,0.99999094
1,1,0.99941623
1,1,0.99978
1,1,0.99996936
1,1,0.9984988
1,1,0.9080487
1,1,0.9987281
1,1,0.99998546
1,1,0.99805814
1,1,0.99995077
1,1,0.99999166
1,1,0.9999299
1,1,0.99992156
1,1,0.9988028
1,1,0.9999114
1,1,0.99993813
1,1,0.9974738
1,1,0.97249323
1,1,0.9998198
1,1,0.9964688
1,1,0.95751673
1,1,0.99998975
1,0,0.1203871
1,1,0.945248
1,1,0.99949765
1,1,0.9981933
1,0,0.32611045
1,1,0.6472131
1,1,0.99995995
1,1,0.9995363
1,1,0.876423
1,0,0.0024201944
1,1,0.99496907
1,1,0.99688846
1,1,0.9370958
1,1,0.9987005
1,1,0.9970131
1,1,0.9999349
1,1,0.5298222
1,1,0.9997876
1,0,0.005945599
1,1,0.9999212
1,1,0.9999914
1,1,0.98922324
1,1,0.9997408
1,1,0.9998902
1,1,0.99950254
1,1,0.99407744
1,1,0.9887554
1,1,0.99972194
1,1,0.99680245
1,1,0.992725
1,1,0.99996424
1,1,0.9896318
1,1,0.99972516
1,1,0.98735064
1,1,0.99877197
1,1,0.97510713
1,1,0.9994715
1,0,0.23118001
1,1,0.9973061
1,1,0.9989267
1,1,0.9999497
1,1,0.99999595
1,1,0.9650203
1,1,0.99995124
1,1,0.9948403
1,1,0.999992
1,1,0.9993475
1,1,0.85318035
1,1,0.99966395
1,1,0.99787605
1,1,0.9999907
1,1,0.9955142
1,1,0.99458355
1,0,0.05227922
1,0,0.13324594
1,1,0.99582565
1,1,0.9999125
1,1,0.9968702
1,1,0.958654
1,1,0.9998505
1,0,0.1203354
1,1,0.99647564
1,1,0.9993135
1,1,0.9999931
1,1,0.99847525
1,1,0.99978596
1,1,0.945349
1,1,0.9975274
1,1,0.98557997
1,1,0.99776125
1,1,0.9326989
1,0,0.09178834
1,1,0.9999752
1,1,0.99935
1,1,0.9879462
1,1,0.991032
1,1,0.9990471
1,1,0.93263763
1,1,0.5278566
1,1,0.9990564
1,1,0.9998523
1,1,0.9994547
1,0,0.000578162
1,1,0.99999404
1,1,0.9986142
1,1,0.9998191
1,1,0.9444336
1,0,0.3544331
1,1,0.9574373
1,1,0.9994735
1,1,0.9996499
1,1,0.90523857
1,1,0.9992206
1,1,0.98481095
1,1,0.9987649
1,1,0.95506835
1,1,0.9998727
1,1,0.9949886
1,1,0.99995804
1,1,0.99970406
1,1,0.999213
1,1,0.99837697
1,1,0.8177201
1,1,0.9829547
1,1,0.9994461
1,1,0.9914225
1,1,0.9966365
1,1,0.9451974
1,1,0.99992096
1,1,0.9998585
1,1,0.99998415
1,1,0.99961853
1,1,0.998698
1,1,0.99864894
1,1,0.97369474
1,1,0.7353567
1,1,0.9997378
1,1,0.98501414
1,1,0.9997336
1,1,0.96753323
1,1,0.9941347
1,0,0.31515604
1,1,0.99349916
1,1,0.9999721
1,0,0.32279277
1,1,0.80278754
1,1,0.9999951
1,0,0.3485343
1,1,0.93403506
1,1,0.9890976
1,1,0.9617859
1,0,0.29941237
1,1,0.9986646
1,1,0.9924959
1,1,0.99997246
1,1,0.9994684
1,1,0.99998474
1,1,0.9999919
1,1,0.99666256
1,1,0.95136863
1,1,0.98965186
1,1,0.85139763
1,1,0.99999046
1,1,0.91550726
1,1,0.99957615
1,0,0.0068107313
1,1,0.9996692
1,1,0.99987614
1,1,0.95296955
1,1,0.93463415
1,1,0.99966395
1,1,0.99854493
1,1,0.7777222
1,1,0.99986064
1,0,0.27923846
1,0,0.060975183
1,1,0.98403233
1,1,0.8272706
1,1,0.9998191
1,1,0.99951494
1,1,0.8807458
1,1,0.99999464
1,1,0.7689067
1,1,0.9955142
1,1,0.9724409
1,1,0.99860877
1,1,0.9964342
1,0,0.11651246
1,1,0.99982184
1,1,0.99792105
1,1,0.99999356
1,1,0.99979013
1,1,0.9999094
1,1,0.75770473
1,1,0.9999473
1,0,0.40538985
1,1,0.9605466
1,1,0.9973888
1,1,0.9997358
1,1,0.98187524
1,1,0.9927812
1,0,0.0043653254
1,1,0.9999479
1,1,0.9984114
1,1,0.9985702
1,1,0.9992889
1,1,0.99979013
1,1,0.9999585
1,1,0.99964094
1,1,0.9997546
1,1,0.99797314
1,1,0.9997603
1,1,0.998884
1,1,0.9989454
1,1,0.9998727
1,1,0.9996444
1,1,0.9999682
1,1,0.953188
1,1,0.60859406
1,1,0.9999764
1,1,0.99998546
1,1,0.9999912
1,1,0.976513
1,1,0.99999523
1,1,0.8255897
1,1,0.9927532
1,1,0.9998752
1,1,0.9432431
1,1,0.99936503
1,1,0.9996444
1,1,0.9987649
1,1,0.98096734
1,1,0.99992514
1,1,0.9998134
1,1,0.9999012
1,1,0.9999577
1,1,0.9999918
1,1,0.9983802
1,1,0.9999778
1,1,0.9865458
1,1,0.9993333
1,1,0.9997818
1,1,0.99228936
1,1,0.59544843
1,1,0.9967078
1,0,0.033972
1,1,0.9999206
1,1,0.6517983
1,1,0.9439706
1,1,0.9987888
1,1,0.9980732
1,1,0.99948263
1,1,0.99998784
1,1,0.9998996
1,0,0.14841712
1,1,0.9997713
1,1,0.99957937
1,1,0.8962514
1,1,0.9999764
1,1,0.6781671
1,1,0.99995124
1,1,0.99978
1,1,0.9957188
1,0,0.0050407024
1,1,0.99271095
1,1,0.97826034
1,1,0.99966526
1,1,0.9994363
1,0,0.1710612
1,0,0.4814843
1,1,0.999928
1,0,0.23872763
1,1,0.9979007
1,1,0.9829874
1,1,0.99984217
1,1,0.9991441
1,1,0.9962565
1,1,0.9999505
1,1,0.91398406
1,1,0.9997974
1,1,0.99903405
1,1,0.97624266
1,1,0.99442345
1,1,0.99886644
1,1,0.99993646
1,1,0.97828114
1,1,0.9944988
1,1,0.99942964
1,1,0.57246137
1,1,0.999941
1,1,0.78850174
1,1,0.9975177
1,1,0.999984
1,1,0.9891816
1,1,0.9993575
1,1,0.99984276
1,1,0.99999213
1,1,0.98089427
1,1,0.9997826
1,1,0.9999875
1,1,0.95379424
1,1,0.992062
1,1,0.9753431
1,1,0.9998306
1,1,0.99928755
1,1,0.9999125
1,1,0.84032446
1,1,0.8850863
1,1,0.7299531
1,1,0.99994457
1,1,0.9969066
1,1,0.9967013
1,0,0.42554554
1,1,0.99843913
1,1,0.99925774
1,1,0.99999475
1,1,0.9988643
1,1,0.99053264
1,0,0.062731765
1,1,0.91964257
1,1,0.9988796
1,1,0.99591404
1,1,0.99944717
1,1,0.8489722
1,1,0.9999478
1,1,0.99351174
1,1,0.9997086
1,1,0.9920312
1,1,0.99995255
1,1,0.9993857
1,1,0.9976404
1,1,0.9899087
1,1,0.99978846
1,1,0.9999882
1,1,0.991891
1,1,0.98039377
1,0,0.17335817
1,1,0.9888849
1,1,0.9954704
1,1,0.9152803
1,1,0.9996935
1,1,0.99881446
1,1,0.99928623
1,1,0.9990434
1,1,0.9987816
1,1,0.99437994
1,1,0.9998832
1,1,0.9999422
1,1,0.9997508
1,1,0.9975799
1,1,0.9934865
1,1,0.9999795
1,1,0.9716717
1,1,0.9997241
1,1,0.99932945
1,1,0.9968149
1,0,0.0003275843
1,1,0.99955314
1,1,0.74761593
1,1,0.9999263
1,1,0.9999659
1,1,0.9996295
1,1,0.9972691
1,1,0.96498734
1,1,0.9570375
1,1,0.9988373
1,1,0.9997459
1,1,0.99971753
1,1,0.8180837
1,1,0.9996244
1,0,0.3278297
1,1,0.99821776
1,1,0.9998191
1,1,0.9988991
1,1,0.9852997
1,1,0.9868281
1,1,0.99933076
1,1,0.9970765
1,1,0.99887747
1,1,0.99999154
1,1,0.99633574
1,1,0.9995234
1,1,0.9995159
1,1,0.98735064
1,1,0.9494823
1,1,0.99108386
1,1,0.9944126
1,1,0.99342304
1,1,0.99621993
1,1,0.9887771
1,1,0.9916681
1,1,0.992597
1,1,0.9973322
1,1,0.9999926
1,1,0.9019207
1,1,0.9995932
1,1,0.9729081
1,1,0.9811669
1,1,0.9967333
1,1,0.9999505
1,1,0.9995141
1,1,0.99979657
1,0,0.15739572
1,1,0.999969
1,1,0.99896574
1,1,0.9926542
1,1,0.99974483
1,1,0.9480585
1,1,0.9995915
1,1,0.9990582
1,1,0.99990904
1,1,0.9961456
1,0,0.2190868
1,1,0.9999231
1,1,0.99999213
1,1,0.9996309
1,1,0.99994004
1,1,0.9999677
1,1,0.9951609
1,1,0.884489
1,1,0.99469805
1,1,0.9342753
1,1,0.99993527
1,1,0.99974877
1,1,0.996852
1,1,0.9999403
1,1,0.999577
1,1,0.9859093
1,1,0.9996898
1,0,0.015573562
1,1,0.9534054
1,1,0.61468315
1,1,0.99996936
1,1,0.99999094
1,1,0.99844813
1,0,0.16579561
1,1,0.6220577
1,1,0.99835795
1,1,0.9997527
1,1,0.99682117
1,1,0.98282325
1,1,0.99984646
1,1,0.9999535
1,0,0.13403744
1,1,0.9967775
1,1,0.69113266
1,1,0.9999802
1,1,0.9983865
1,1,0.9998574
1,1,0.9992461
1,1,0.9999893
1,1,0.9614615
1,1,0.9966102
1,1,0.75346667
1,1,0.997981
1,1,0.99998355
1,1,0.99624926
1,1,0.9999666
1,1,0.9999949
1,1,0.99273914
1,1,0.99990356
1,1,0.9999896
1,0,0.45979756
1,1,0.9999206
1,1,0.9996309
1,1,0.9960622
1,0,0.29920757
1,1,0.9999839
1,1,0.9995103
1,1,0.9933072
1,1,0.9997546
1,1,0.6700148
1,1,0.6244367
1,1,0.9992267
1,1,0.998743
1,1,0.99876726
1,1,0.9868281
1,1,0.99993265
1,0,0.2770327
1,1,0.99368566
1,1,0.95585793
1,1,0.96580297
1,1,0.9994622
1,1,0.99832886
1,1,0.99987614
1,1,0.97792566
1,1,0.9997198
1,1,0.89010334
1,1,0.9997241
1,1,0.91957027
1,1,0.98157746
1,1,0.9999665
1,0,0.07290027
1,1,0.7725307
1,1,0.99971026
1,1,0.84032446
1,1,0.9992446
1,1,0.9993175
1,1,0.99979097
1,1,0.999423
1,1,0.99962735
1,1,0.9999585
1,1,0.9998332
1,1,0.9975751
1,1,0.99977833
1,1,0.9999831
1,1,0.9999069
1,0,0.33693072
1,1,0.9995216
1,1,0.99993265
1,1,0.9055731
1,1,0.99182796
1,1,0.9930153
1,0,0.10941996
1,0,0.004248079
1,0,0.29335386
1,1,0.9998104
1,1,0.8200375
1,1,0.9950755
1,1,0.9667575
1,1,0.99951875
1,1,0.9997192
1,1,0.9987527
1,1,0.99966395
1,1,0.5033111
1,1,0.997917
1,1,0.99979013
1,1,0.99956685
1,1,0.9982003
1,1,0.99971646
1,0,0.31210786
1,1,0.943919
1,1,0.92879725
1,1,0.9897315
1,1,0.99108386
1,1,0.99936634
1,0,0.08351589
1,1,0.9658996
1,1,0.99898964
1,1,0.9948102
1,1,0.99762183
1,1,0.9755769
1,1,0.9996388
1,1,0.98481095
1,1,0.9970421
1,1,0.99837387
1,1,0.9884919
1,1,0.90540594
1,0,0.13951358
1,1,0.99963737
1,1,0.78340906
1,1,0.9998872
1,1,0.9774139
1,1,0.9997739
1,1,0.9998996
1,1,0.9997749
1,1,0.9612802
1,1,0.9929061
1,1,0.9996087
1,1,0.9997398
1,1,0.9981756
1,1,0.99888176
1,1,0.89796406
1,0,0.039527465
1,1,0.9998036
1,1,0.75851065
1,0,0.010631946
1,0,0.0017580388
1,1,0.9998511
1,1,0.9957767
1,1,0.99975365
1,1,0.99647564
1,1,0.99832886
1,1,0.9776285
1,1,0.9997658
1,1,0.6661168
1,1,0.9622497
1,1,0.99991906
1,1,0.99986756
1,1,0.9967524
1,1,0.93874466
1,0,0.1431278
1,1,0.99994636
1,1,0.9744348
1,0,0.21891975
1,1,0.97513086
1,1,0.9658352
1,1,0.6001005
1,0,0.017644463
1,1,0.99992096
1,1,0.9994887
1,0,0.3681785
1,1,0.9999646
1,1,0.99415743
1,1,0.9998671
1,1,0.99349916
1,1,0.9693242
1,1,0.984516
1,0,0.06447655
1,0,0.12624557
1,1,0.99910307
1,1,0.9999937
1,1,0.99700147
1,1,0.99986017
1,1,0.9999628
1,1,0.9992417
1,1,0.5498068
1,1,0.97737074
1,1,0.8833366
1,1,0.9997868
1,1,0.99108386
1,1,0.9924666
1,1,0.9998809
1,1,0.9999794
1,1,0.9693822
1,1,0.99991417
1,1,0.99173236
1,1,0.99999
1,1,0.9999721
1,1,0.9994
1,1,0.99961406
1,1,0.9978173
1,1,0.99967754
1,1,0.9933975
1,1,0.9998585
1,1,0.99983263
1,1,0.6292052
1,1,0.99936134
1,1,0.9952077
1,0,0.16277891
1,1,0.99920064
1,1,0.9998989
0,0,0.0056200363
0,0,0.00015967865
0,0,1.568955e-05
0,0,0.010368156
0,0,0.0005112579
0,0,0.0025311115
0,0,0.08858347
0,0,0.0022783307
0,0,0.039490405
0,0,0.03821415
0,0,0.0015761828
0,0,0.0034564096
0,0,0.0068771075
0,0,0.00063001254
0,0,0.00014710471
0,0,4.2315598e-05
0,0,4.0853844e-05
0,0,0.00016799536
0,0,0.07786754
0,0,5.124167e-05
0,0,0.029090757
0,0,0.39691523
0,0,0.0017375926
0,1,0.86373675
0,0,7.602479e-05
0,0,1.6378393e-05
0,0,0.00014596009
0,0,0.0051797125
0,0,2.4535582e-06
0,1,0.5928434
0,0,0.025492331
0,0,0.33274388
0,0,0.0019570168
0,0,4.298194e-05
0,0,0.0021322616
0,0,0.11920291
0,0,0.0034096357
0,0,0.29716393
0,1,0.99778724
0,0,0.007360082
0,0,7.7221914e-05
0,0,0.29138398
0,0,0.009467379
0,0,0.0005792917
0,0,4.2315598e-05
0,0,0.007846238
0,0,0.0060152626
0,0,0.08694165
0,0,1.2705822e-05
0,0,0.0034296038
0,0,1.4285517e-05
0,0,0.00038521324
0,0,0.008219693
0,0,0.006463138
0,0,0.00018450376
0,0,0.00048311835
0,0,0.00014768039
0,0,0.0027737827
0,0,2.8797263e-06
0,1,0.9759464
0,0,0.039268754
0,0,0.00045297577
0,1,0.9584989
0,0,1.5628384e-05
0,0,0.0640069
0,0,0.0028560124
0,1,0.72154707
0,0,0.29088014
0,0,0.0030753699
0,0,0.0043823365
0,0,7.967302e-05
0,0,0.0004100472
0,0,0.01572399
0,0,0.0094125895
0,0,0.0003433
0,0,0.002969445
0,0,0.006666932
0,0,0.091463216
0,0,0.007907292
0,0,7.572843e-05
0,0,0.060584944
0,0,8.284656e-05
0,0,1.9602307e-05
0,0,9.7997676e-05
0,0,0.00015967865
0,0,1.6766788e-05
0,0,8.284656e-05
0,0,0.008077626
0,1,0.86810166
0,0,1.2705822e-05
0,1,0.9915052
0,0,8.284656e-05
0,1,0.98892784
0,1,0.9546897
0,0,4.417339e-05
0,0,1.32119585e-05
0,0,0.020586777
0,1,0.9584989
0,0,0.0074751205
0,1,0.8133867
0,0,5.7837668e-05
0,0,9.7997676e-05
0,0,0.0003144242
0,0,0.0021827165
0,0,0.14223188
0,0,3.5494624e-05
0,0,8.974685e-06
0,0,0.0010546242
0,0,0.01102947
0,0,0.0005941797
0,0,0.00015967865
0,1,0.66077465
0,0,5.1643543e-05
0,0,0.0015700475
0,0,0.0018137436
0,0,0.00081673806
0,1,0.98749614
0,0,0.00091640017
0,1,0.8515212
0,0,0.058830604
0,0,0.00075540564
0,0,0.0019684948
0,0,3.9135655e-05
0,0,0.008985428
0,0,0.0015548134
0,0,0.00039977106
0,0,0.052862894
0,0,0.00058955856
0,0,0.3270232
0,0,0.018334452
0,0,0.05449988
0,0,1.2705822e-05
0,0,6.278188e-05
0,0,0.000100714
0,0,9.87662e-05
0,0,3.975193e-05
0,1,0.96182173
0,0,8.481104e-05
0,0,0.00017197855
0,0,0.0014522278
0,0,0.0006811711
0,0,0.103205055
0,0,0.0012545943
0,1,0.9881765
0,0,0.003831932
0,0,0.007011795
0,1,0.85747
0,0,0.0109234555
0,0,0.040237945
0,0,0.044431433
0,0,0.35111636
0,0,7.998482e-05
0,0,0.00019411318
0,0,0.0006023541
0,0,0.012624948
0,0,8.220189e-05
0,0,0.04831607
0,0,0.057387535
0,0,0.008577485
0,0,0.21518576
0,0,0.0018530595
0,0,0.005364056
0,0,0.00029308183
0,0,0.029367855
0,0,0.00021909605
0,0,5.486134e-06
0,0,0.0009678616
0,1,0.99589807
0,0,0.042048376
0,1,0.83775276
0,1,0.5927992
0,1,0.9526623
0,0,0.01883313
0,0,0.011179602
0,1,0.99304235
0,0,0.10922978
0,0,0.0017996542
0,0,0.0012018913
0,0,0.18698418
0,0,3.6194666e-05
0,0,0.15134111
0,0,8.716188e-05
0,0,0.040883996
0,0,0.0011972112
0,0,4.832564e-05
0,0,0.1432476
0,0,0.00026842885
0,0,0.00024251152
0,0,0.02371207
0,0,5.874842e-05
0,0,0.00026017232
0,0,0.0013327986
0,0,1.1936026e-05
0,0,0.0012231792
0,1,0.99808455
0,0,0.010388218
0,0,0.44608748
0,1,0.72365135
0,1,0.9207184
0,0,0.003750789
0,0,7.602479e-05
0,0,0.3278297
0,0,8.698566e-06
0,0,1.2705822e-05
0,0,0.036493763
0,0,0.0002994447
0,0,0.0011247573
0,0,0.090896755
0,1,0.98342276
0,0,0.00038446192
0,0,0.075721376
0,0,0.017309094
0,1,0.9997075
0,0,0.29716393
0,0,0.0017752607
0,0,0.0010944521
0,0,0.19613242
0,0,0.005332886
0,0,0.0033897832
0,0,0.21493848
0,0,0.023153413
0,0,0.20134169
0,0,0.042802144
0,0,0.00050530455
0,0,0.0008899655
0,0,0.00069595367
0,1,0.7909343
0,0,6.402007e-05
0,0,0.0036713579
0,0,0.0007568814
0,0,0.00037191084
0,0,0.02578508
0,0,2.6633118e-06
0,0,0.00012387747
0,0,0.00818791
0,0,0.24725968
0,0,0.0004036926
0,0,0.000118205375
0,1,0.89077026
0,0,0.014871003
0,1,0.98975134
0,0,0.00013982208
0,0,4.593298e-05
0,0,0.00030238242
0,0,0.105210535
0,0,0.023734689
0,0,0.33491567
0,0,0.0034429808
0,1,0.96835136
0,0,0.0014409429
0,0,5.7945103e-06
0,0,7.058701e-05
0,0,8.284656e-05
0,0,0.004281255
0,0,5.6382146e-06
0,0,0.014813886
0,0,0.017526364
0,0,5.6941026e-05
0,0,0.17030093
0,0,0.09543373
0,0,0.46857783
0,0,0.03378023
0,0,0.44464013
0,0,1.2171439e-05
0,1,0.96253246
0,0,0.0006512682
0,0,0.024099445
0,0,0.0037580945
0,0,0.0033244372
0,0,4.4346274e-05
0,1,0.68789214
0,0,0.0035518843
0,0,1.2705822e-05
0,0,0.023464657
0,1,0.992062
0,0,0.0015548134
0,1,0.9747251
0,0,0.35639066
0,0,0.00038371203
0,0,0.303061
0,0,0.0002586527
0,1,0.9218515
0,0,0.000113234375
0,0,0.015365342
0,0,0.0013121625
0,0,0.0085443305
0,0,0.050190788
0,0,0.00019260288
0,1,0.9982317
0,0,0.0014103585
0,0,0.0014048679
0,0,0.0009584648
0,0,0.21444455
0,0,0.0013617034
0,0,0.0077555366
0,0,3.1446623e-05
0,0,0.025130948
0,0,0.2249055
0,0,0.0012893283
0,1,0.8516446
0,0,6.841543e-05
0,0,0.00015416334
0,0,0.0013993984
0,0,0.0048297215
0,0,0.38271806
0,0,1.6378393e-05
0,0,0.0016517006
0,0,0.002601094
0,1,0.6771539
0,0,0.025540898
0,0,0.005374487
0,0,7.706509e-06
0,0,0.0013966716
0,1,0.99723166
0,0,0.004239825
0,0,0.0015337331
0,0,0.08858347
0,0,0.022414217
0,0,1.3109143e-05
0,0,0.00015476662
0,0,0.00048595612
0,0,0.0023322338
0,0,1.1936026e-05
0,0,0.0024296434
0,0,0.00075984147
0,0,6.631065e-05
0,0,0.0006263342
0,0,0.010388218
0,0,0.00059650384
0,0,0.00027803096
0,0,0.0007321813
0,0,0.022032265
0,0,0.0077555366
0,0,2.9426257e-05
0,0,0.0029810332
0,0,0.0004503306
0,0,0.00035006859
0,1,0.9920157
0,0,0.06064055
0,0,8.664653e-06
0,0,0.000107208805
0,0,0.003607617
0,0,7.602479e-05
0,1,0.81257004
0,0,0.00044770085
0,0,0.00198004
0,0,0.24283351
0,0,0.006463138
0,1,0.9390248
0,0,0.006576998
0,0,0.011619772
0,1,0.97085404
0,0,0.000107208805
0,1,0.99442345
0,0,0.00072224624
0,0,0.021864558
0,1,0.8305941
0,0,0.005070175
0,0,0.0021827165
0,0,0.0017173839
0,0,6.631065e-05
0,0,0.03207038
0,1,0.9863105
0,0,0.000107208805
0,0,0.00048785715
0,0,0.13095081
0,0,3.7052967e-05
0,0,0.006930672
0,0,0.002199798
0,0,0.0017580388
0,0,0.00055062474
0,0,0.017644463
0,0,0.0006798429
0,1,0.9999696
0,0,0.035344075
0,0,0.0027900375
0,0,0.00039666123
0,0,0.00036901768
0,0,0.031410124
0,0,0.00026530237
0,0,0.0016974094
0,0,0.0018458483
0,0,0.012870749
0,0,0.00012387747
0,0,0.2736229
0,0,0.00016410438
0,0,0.003503823
0,0,0.03680407
0,0,1.4285517e-05
0,0,0.008779109
0,0,5.486134e-06
0,1,0.9144437
0,0,0.0014409429
0,1,0.8508408
0,0,3.3869266e-05
0,0,0.0002415663
0,0,0.00024536948
0,1,0.9622852
0,0,4.7762653e-05
0,0,2.72149e-05
0,0,1.2705822e-05
0,0,0.00033015275
0,0,4.417339e-05
0,0,0.0008934456
0,0,1.2123987e-05
0,1,0.67986983
0,0,0.17342815
0,0,0.007446194
0,0,0.2912832
0,0,0.019069158
0,0,0.030821323
0,0,0.00054740964
0,0,1.4285517e-05
0,0,2.4439926e-06
0,0,0.00016539123
0,0,0.060807653
0,0,1.331558e-05
0,0,0.0041420166
0,0,0.0015669888
0,0,0.017475989
0,0,7.058701e-05
0,0,0.00044682765
0,0,0.11481439
0,0,0.022737447
0,0,0.0046185427
0,0,0.0010403185
0,0,0.0006745559
0,0,8.284656e-05
0,0,0.0009584648
0,0,6.761842e-05
0,0,0.017934538
0,0,0.08336651
0,0,0.018334452
0,0,0.0019723356
0,0,0.00012830943
0,0,0.003907215
0,0,0.12527926
0,0,0.005876738
0,0,1.2705822e-05
0,0,0.0029810332
0,0,0.38528794
0,0,0.007149102
0,0,0.015424551
0,0,0.005876738
0,0,0.00161665
0,0,9.332193e-06
0,0,0.40536046
0,0,0.001778725
0,0,0.00036757955
0,0,0.0010691264
0,0,1.091042e-05
0,0,0.2510964
0,1,0.9784877
0,1,0.5083515
0,0,7.197912e-05
0,0,0.0020033333
0,0,0.009898064
0,0,0.00066931
0,0,0.19814174
0,0,0.0037727477
0,0,0.00026842885
0,1,0.92007446
0,0,0.22337706
0,0,0.047691286
0,1,0.54210585
0,0,0.002103369
0,0,0.0023006375
0,1,0.83748704
0,0,0.0015070488
0,0,0.005652876
0,0,0.0018350843
0,0,0.05033063
0,0,0.00083772355
0,1,0.91884506
0,0,1.2705822e-05
0,1,0.84504944
0,0,0.00011637299
0,0,0.14223188
0,1,0.9510968
0,0,6.553815e-05
0,0,0.0050998176
0,0,0.00025714198
0,1,0.5025883
0,0,8.284656e-05
0,0,0.00079317606
0,0,0.03584693
0,0,4.298194e-05
0,0,0.00015000565
0,0,0.005230278
0,0,0.0005112579
0,0,5.944089e-05
0,0,0.016657041
0,0,0.0014103585
0,0,0.00014539114
0,0,0.00032313753
0,0,0.00029711513
0,1,0.6228322
0,0,0.000872767
0,0,1.2705822e-05
0,0,4.365878e-05
0,0,9.351047e-05
0,0,0.107437484
0,0,1.1936026e-05
0,0,0.0014409429
0,0,0.00017468634
0,0,0.008813167
0,1,0.98844737
0,0,0.02449299
0,0,0.04668148
0,0,0.0028009268
0,0,0.00027694734
0,0,0.00084264233
0,0,7.5433214e-05
0,1,0.96182173
0,0,0.0005102608
0,0,8.284656e-05
0,1,0.89688534
0,1,0.8130158
0,0,0.0012893283
0,0,0.0045916834
0,0,0.0070938617
0,0,0.14971775
0,0,0.00010554686
0,0,3.7558673e-06
0,0,0.00026530237
0,0,0.0068904604
0,0,0.042245496
0,0,0.067423776
0,0,1.0169639e-05
0,0,0.3795796
0,0,0.0041824942
0,0,1.3160451e-05
0,1,0.8559716
0,0,0.4977112
0,0,0.004773722
0,0,0.012264914
0,0,0.0001088969
0,0,9.685608e-05
0,0,0.08897849
0,0,0.0001760562
0,0,1.568955e-05
0,0,0.0012743262
0,1,0.99346113
0,0,0.0012943681
0,0,0.008677716
0,0,0.00011959858
0,0,0.00014425987
0,0,0.46737736
0,1,0.9764681
0,0,0.02426074
0,0,0.011115013
0,0,0.0002726548
0,0,0.019946933
0,0,0.0023827618
0,0,0.035111744
0,0,0.00057254656
0,0,0.43143448
0,0,0.0053432565
0,0,0.007232764
0,1,0.89561397
0,0,0.00026530237
0,0,0.02096424
0,0,8.818923e-05
0,0,8.957788e-05
0,0,8.284656e-05
0,0,0.005663865
0,0,0.00078854576
0,0,0.005250641
0,0,8.974685e-06
0,0,0.099820666
0,0,0.07263671
0,0,0.083965465
0,0,0.021885453
0,0,0.027117655
0,0,0.27284724
0,1,0.93611
0,0,0.006641113
0,1,0.73961055
0,0,1.2705822e-05
0,0,0.00014596009
0,0,0.00085590064
0,0,0.0024534282
0,0,0.0019877742
0,1,0.9997198
0,0,0.0006190416
0,0,0.06255973
0,0,7.602479e-05
0,0,0.00011774459
0,0,0.0012918457
0,0,0.3081382
0,0,0.0020229532
0,0,0.19019702
0,1,0.999015
0,0,0.0012018913
0,0,0.019014435
0,0,0.0028338498
0,0,0.002070827
0,0,7.827868e-06
0,0,5.8291265e-05
0,0,3.0479141e-05
0,0,0.0017683518
0,0,0.19034748
0,0,1.6766788e-05
0,0,4.8704638e-05
0,0,0.0013198635
0,0,0.0024296434
0,0,0.023666894
0,0,5.422219e-06
0,0,0.00053578056
0,0,0.0050407024
0,0,1.2705822e-05
0,0,0.0014550629
0,0,0.031618766
0,0,1.3160451e-05
0,0,0.05439932
0,1,0.64321727
0,0,0.047869008
0,0,1.0533521e-05
0,0,0.0056200363
0,0,0.31573597
0,0,0.31991762
0,0,0.00012780925
0,0,0.00809329
0,0,0.006085737
0,0,0.071202725
0,0,0.0023781238
0,0,0.0002323142
0,0,1.568955e-05
0,0,0.00032440183
0,1,0.95699733
0,0,0.00085590064
0,1,0.9989956
0,0,7.6920885e-05
0,0,0.00063124346
0,0,0.05296077
0,0,0.0017040416
0,0,0.014531522
0,0,0.0009436193
0,0,8.25236e-05
0,1,0.549006
0,0,0.08419108
0,0,0.004442395
0,0,0.009994227
0,0,1.5326106e-05
0,0,0.27884555
0,0,0.0012918457
0,0,0.045777272
0,1,0.9938788
0,0,0.011115013
0,0,0.000854232
0,0,0.0004424873
0,0,0.00349701
0,0,0.07942426
0,1,0.9746528
0,0,0.009936419
0,0,0.0001210082
0,0,0.02218004
0,1,0.88171685
0,0,0.0085278
0,0,0.060141828
0,1,0.98749614
0,0,1.9148227e-05
0,0,0.0349467
0,0,8.7503e-05
0,0,1.0169639e-05
0,0,0.011915022
0,0,0.0040385914
0,0,0.08210663
0,0,0.05623634
0,0,0.00016931271
0,0,8.284656e-05
0,0,0.00039666123
0,0,0.0011030266
0,0,0.00028462242
0,0,0.0011424494
0,0,0.009002838
0,0,9.351047e-05
0,0,0.1823527
0,0,0.00077784655
0,0,1.9073577e-05
0,0,2.6584483e-05
0,0,0.0036146443
0,0,0.036700353
0,0,0.012552118
0,0,0.003572683
0,0,0.013821961
0,0,0.0015070488
0,0,0.0083967
0,0,0.11516223
0,0,5.2662064e-05
0,0,0.0002726548
0,0,0.0047459654
0,1,0.9999094
0,0,0.005169658
0,0,0.06548521
0,0,0.00096597493
0,0,3.1324027e-05
0,0,0.00019487277
0,0,0.0153063545
0,0,0.009504082
0,0,0.01894171
0,0,0.00014596009
0,0,0.0034834242
0,0,0.014199681
0,0,0.00026530237
0,1,0.9960083
0,0,0.04676847
0,0,0.0024438866
0,0,0.072177574
0,0,1.0169639e-05
0,0,2.0067153e-05
0,0,5.475977e-05
0,0,0.00066800485
0,0,0.0029521482
0,0,0.0017961492
0,0,0.008968053
0,0,0.0014664584
0,0,0.0017040416
0,0,0.08811155
0,0,0.06872476
0,0,0.00050530455
0,0,1.2705822e-05
0,0,0.3002837
0,0,0.00048595612
0,0,0.0002123566
0,0,0.0003867204
0,0,0.012241275
0,0,1.2705822e-05
0,0,0.002536047
0,0,0.0004592085
0,0,0.21149825
0,0,4.281438e-05
0,0,4.8704638e-05
0,1,0.99664307
0,1,0.97369474
0,0,0.00017674513
0,0,8.430941e-06
0,0,0.34516045
0,0,0.0009792591
0,0,0.017593754
0,0,0.012576347
0,0,0.026581826
0,0,3.867973e-05
0,0,0.0007293288
0,0,0.004256349
0,0,0.00021318757
0,0,0.0052608517
0,0,0.02475097
0,0,1.485458e-05
0,0,0.00030238242
0,0,0.0029349516
0,0,4.1659587e-05
0,0,0.00012387747
0,0,0.0003733659
0,0,6.579465e-05
0,1,0.99901116
0,0,0.060307633
0,0,8.284656e-05
0,0,0.15876038
0,0,0.021348475
0,0,0.009746104
0,0,0.0011559008
0,0,0.013584394
0,0,0.00286158
0,1,0.999828
0,0,0.00010847241
0,0,0.0019684948
0,0,0.007176882
0,0,0.0010691264
0,0,0.009485713
0,0,0.0005420927
0,1,0.75967145
0,0,0.0049533066
0,0,0.008462
0,0,0.00013083976
0,1,0.6413662
0,0,1.0011974e-05
0,0,2.7969301e-05
0,0,0.13597612
0,0,1.6766788e-05
0,0,0.00023689508
0,0,0.0052608517
0,0,0.00017197855
0,0,0.00022782185
0,0,0.0001349925
0,0,0.00064999826
0,0,0.0016040892
0,0,0.004886375
0,0,0.1683778
0,0,1.2705822e-05
0,0,5.0054714e-05
0,0,0.00045741905
0,0,0.30466193
0,0,0.003607617
0,0,0.034880888
0,0,0.00012780925
0,0,0.00015177361
0,0,0.0011030266
0,0,0.41584742
0,0,0.0014437558
0,0,0.028953161
0,0,3.433142e-06
0,0,0.00032376905
0,1,0.9890131
0,0,0.012552118
0,0,0.008235631
0,0,0.016593177
0,0,0.36639133
0,0,0.033494532
0,0,0.0002908017
0,0,0.0001673405
0,0,0.04020025
0,0,1.2705822e-05
0,1,0.96391606
0,0,0.0004255431
0,0,0.005922557
0,0,0.0003065437
0,0,0.00036047245
0,0,0.011201214
0,0,0.0015761828
0,0,0.0007509956
0,0,0.0008151457
0,0,1.1705164e-05
0,0,0.47406426
0,1,0.73597383
0,0,8.664653e-06
0,0,0.0001313518
0,0,1.7299015e-05
0,0,0.0003327413
0,0,0.0021157034
0,0,0.00028462242
0,0,0.0024014052
0,0,0.0017073675
0,0,0.00058955856
0,0,0.00024632958
0,0,0.018107349
0,0,2.430024e-05
0,0,0.0986857
0,0,0.0024678102
0,1,0.88318557
0,1,0.98971164
0,0,0.0016198053
0,0,0.000532652
0,0,0.00011367751
0,0,0.0008103873
0,0,0.0010754024
0,0,0.00017952798
0,0,0.0040072887
0,0,0.051558185
0,0,0.00019185213
0,0,1.485458e-05
0,0,0.0008899655
0,0,0.00073936116
0,0,0.0010403185
0,1,0.9878996
0,0,0.005797401
0,0,0.059866417
0,0,0.026081098
0,0,0.00025814815
0,0,9.628426e-06
0,0,2.0623422e-05
0,0,4.8895257e-05
0,0,0.0023231625
0,0,0.00017743677
0,1,0.99298817
0,0,0.021409772
0,0,1.2705822e-05
0,0,0.055005286
0,1,0.5407799
0,0,2.611799e-06
0,1,0.9836285
0,0,0.0028671583
0,0,0.0007293288
0,0,0.0001349925
0,0,0.00022871332
0,1,0.9809125
0,0,0.00037191084
0,1,0.984063
0,0,0.0010670425
0,0,9.954076e-05
0,0,0.0007495314
0,0,1.2705822e-05
0,1,0.9075583
0,0,4.255953e-06
0,0,0.00818791
0,0,0.0011469158
0,0,2.0948186e-05
0,0,0.014199681
0,0,8.284656e-05
0,0,1.9869528e-06
0,0,0.0007870084
0,0,0.00036901768
0,0,1.5266358e-05
0,0,0.000712446
0,0,9.87662e-05
0,0,0.024191486
0,0,0.0019532058
0,0,0.00010762835
0,0,0.005395409
0,0,0.005458661
0,0,0.1732882
0,0,0.00027694734
0,0,3.120191e-05
0,0,0.022694089
0,0,0.39589298
0,0,2.0303694e-05
0,0,0.04685562
0,0,0.35111636
0,1,0.96879715
0,0,0.0046909326
0,0,1.2705822e-05
0,0,0.0012255674
0,0,0.3798671
0,0,8.581068e-05
0,0,0.09518112
0,1,0.98466414
0,1,0.9163345
0,0,0.0019304943
0,0,0.016801614
0,0,0.00078854576
0,1,0.6509112
0,1,0.9716986
0,0,0.008660931
0,0,0.00022081405
0,1,0.61578125
0,1,0.55157375
0,0,1.2705822e-05
0,0,0.0007613259
0,0,0.00026426834
0,0,0.00017332718
0,1,0.93587595
0,0,0.0046909326
0,0,0.07343005
0,1,0.7199747
0,0,0.055463932
0,0,0.004133968
0,0,0.010388218
0,0,0.036459442
0,1,0.7276853
0,0,0.017094472
0,1,0.8238959
0,0,0.00034196203
0,1,0.998147
0,0,0.00012436225
0,0,9.387641e-05
0,0,0.0006932423
0,0,0.3024941
0,0,0.0071076322
0,0,0.0073032235
0,0,1.0169639e-05
0,0,0.06041842
0,0,0.05042407
0,1,0.92563426
0,0,0.4174644
0,0,1.2705822e-05
0,0,0.007066401
0,0,0.0053432565
0,0,0.0013019645
0,0,0.037012346
0,0,0.027117655
0,0,0.00019949314
0,0,0.0062412596
0,0,0.036908068
0,0,0.0040385914
0,0,0.002336783
0,0,0.05033063
0,0,0.04813677
0,0,0.06506811
0,0,0.000100714
0,0,1.0169639e-05
0,0,0.004773722
0,0,0.0070938617
0,0,4.298194e-05
0,1,0.9281487
0,0,1.6378393e-05
0,0,0.015218292
0,0,0.35650268
0,0,0.001530745
0,0,0.0041420166
0,0,0.037928045
0,0,0.10762492
0,0,0.0019877742
0,0,0.15713686
0,0,1.2606946e-05
0,1,0.9510968
0,0,0.0056200363
0,0,0.0037654138
0,1,0.99984336
0,0,0.00014257943
0,0,0.31032848
0,0,0.029563345
0,0,0.015860595
0,0,0.051130094
0,1,0.89823216
0,0,3.2571796e-05
0,0,0.00286158
0,1,0.61638755
0,0,0.0021157034
0,0,0.28522262
0,0,0.0015457438
0,0,1.2705822e-05
0,1,0.98971164
0,0,0.35053256
0,0,0.00083772355
0,0,0.0046909326
0,0,1.8851368e-05
0,0,0.00083772355
0,0,0.0010182288
0,0,0.0005582003
0,0,3.9288818e-05
0,1,0.80753654
0,0,0.30959746
0,0,0.0001603035
0,0,8.957788e-05
0,0,0.2703839
0,0,0.1454792
0,1,0.986904
0,0,2.3187476e-05
0,0,0.0009199836
0,0,0.026330305
0,0,0.0017580388
0,0,0.1541212
0,0,8.284656e-05
0,0,8.284656e-05
0,0,0.40895525
0,0,9.2421134e-05
0,0,4.1335396e-05
0,0,0.1775255
0,1,0.97788346
0,0,0.00043648144
0,0,0.0001888783
0,0,0.00059650384
0,0,0.1625129
0,0,2.026142e-06
0,0,0.0002959571
0,1,0.9789755
0,0,0.0047000605
0,0,8.888084e-05
0,0,0.011375601
0,0,0.0017752607
0,1,0.86860406
0,0,0.00060471025
0,0,0.03308598
0,0,6.8543177e-06
0,0,3.867973e-05
0,0,0.0025065753
0,1,0.9982893
0,0,0.0047183693
0,0,0.00016865275
0,0,0.0140636265
0,0,0.005652876
0,0,3.867973e-05
0,1,0.9686789
0,0,0.01217063
0,0,2.1782651e-05
0,1,0.6807725
0,0,8.68221e-05
0,0,7.858505e-06
0,0,7.368593e-05
0,0,8.25236e-05
0,1,0.90235174
0,0,0.0009417797
0,1,0.593786
0,0,0.29017562
0,0,1.4285517e-05
0,1,0.9953181
0,0,0.00027159214
0,0,0.071202725
0,1,0.9942251
0,0,0.00028462242
0,0,0.038178276
0,0,0.00014091855
0,1,0.7900447
0,1,0.8123469
0,1,0.8707622
0,0,0.00161665
0,0,0.00026947915
0,0,0.0009678616
0,0,0.014643826
0,0,4.6112746e-05
0,1,0.62286085
0,0,0.007011795
0,0,0.0002673826
0,0,0.31758496
0,0,0.0014924251
0,0,0.00038446192
0,1,0.9978802
0,0,9.915273e-05
0,0,0.003750789
0,0,0.00014313738
0,0,0.0010754024
0,0,0.0010880652
0,0,1.5088501e-05
0,0,0.00039666123
0,0,3.8080078e-05
0,0,0.025540898
0,0,0.00044770085
0,0,0.010839369
0,0,0.00089869124
0,0,0.007066401
0,1,0.9883128
0,0,0.03680407
0,0,0.0023231625
0,0,0.00030415886
0,1,0.9280184
0,0,0.0012255674
0,0,0.00022429059
0,0,0.0058086696
0,0,0.18698418
0,0,0.0025016968
0,0,0.1683778
0,0,0.00018595057
0,0,0.033211175
0,0,0.00010310212
0,0,0.00017332718
0,0,0.018159512
0,1,0.83775276
0,0,0.003209961
0,0,7.353605e-06
0,0,8.448042e-05
0,0,0.3892563
0,1,0.99954873
0,0,8.284656e-05
0,0,0.0005043191
0,1,0.61309177
0,0,0.26020145
0,1,0.945248
0,0,0.008511303
0,1,0.8384153
0,0,0.02678473
0,0,0.010368156
0,0,0.013795364
0,0,0.011777842
0,0,0.29716393
0,0,0.002795477
0,0,0.00030238242
0,0,0.000114569
0,0,0.00028240806
0,0,0.13568954
0,0,0.03577949
0,1,0.9992161
0,0,2.1782651e-05
0,1,0.8216889
0,0,0.0029008577
0,0,0.0012594985
0,0,0.16742276
0,0,0.00016931271
0,0,0.061593153
0,0,0.00010595991
0,0,2.7003114e-05
0,0,0.017763345
0,0,0.000334696
0,0,1.1982739e-05
0,0,0.020944208
0,0,0.0022783307
0,0,7.311255e-05
0,0,1.2705822e-05
0,0,0.12106089
0,0,0.022933565
0,0,0.03882902
0,0,0.0008231385
0,0,0.000461005
0,0,0.0015792594
0,0,0.0002758679
0,0,0.00013711804
0,0,0.0019043303
0,0,2.22992e-05
0,0,0.0012018913
0,0,6.735481e-05
0,0,0.0004424873
0,0,0.013222822
0,0,0.006576998
0,0,0.002157342
0,1,0.72189033
0,0,0.00018740873
0,1,0.5546891
0,0,0.0017996542
0,0,0.05797139
0,0,1.6766788e-05
0,0,5.8519396e-05
0,0,0.0094125895
0,1,0.91117966
0,0,9.685608e-05
0,0,0.0007495314
0,1,0.7892337
0,1,0.5249959
0,0,0.010881333
0,1,0.6567684
0,0,0.0135061005
0,0,0.04681203
0,0,0.012920473
0,0,0.0011269539
0,0,0.0019839033
0,0,0.0021827165
0,0,0.015633563
0,0,0.027901376
0,0,0.0009344577
0,0,1.1082234e-05
0,0,0.00022254554
0,0,0.0003912771
0,0,0.22979437
0,0,0.0004503306
0,1,0.6978664
0,0,0.006903838
0,1,0.59707934
0,0,0.008813167
0,0,4.053593e-05
0,0,8.974685e-06
0,0,0.0001172856
0,0,8.664653e-06
0,0,5.475977e-05
0,0,2.1867905e-05
0,1,0.98971164
0,0,8.284656e-05
0,1,0.9803374
0,0,0.0043738233
0,0,1.4510478e-05
0,0,9.954076e-05
0,0,4.8226243e-06
0,0,0.00040290525
0,0,4.6378736e-06
0,0,0.3354053
0,0,0.14086725
0,0,1.5750957e-05
0,0,0.13454832
0,0,0.0011855904
0,0,1.2705822e-05
0,0,0.047337715
0,0,0.0041824942
0,0,0.0040622284
0,0,0.0016135006
0,0,0.0001888783
0,0,0.00042471313
0,0,8.974685e-06
0,0,0.0059340666
0,0,0.0025459477
0,0,0.005652876
0,0,0.028544152
0,0,0.00028910325
0,0,0.42289189
0,0,8.284656e-05
0,1,0.99926203
0,0,1.9373934e-05
0,0,0.0007643033
0,0,0.0005918646
0,1,0.73758364
0,0,0.00021485925
0,0,0.00021402177
0,1,0.9571178
0,0,1.2314911e-05
0,0,0.08336651
0,1,0.8204695
0,0,0.0011247573
0,0,1.2705822e-05
0,0,5.3282798e-05
0,0,0.00011866796
0,0,0.00062146306
0,0,1.3792024e-05
0,1,0.9838161
0,0,0.0004197671
0,1,0.9972691
0,0,1.0169639e-05
0,0,0.3002837
0,0,4.5575543e-05
0,0,0.0008934456
0,0,0.0006023541
0,0,0.13352816
0,0,1.4285517e-05
0,0,0.00043563012
0,0,0.00010310212
0,0,1.4064044e-05
0,0,0.00027372167
0,0,0.0001210082
0,0,0.010328153
0,1,0.71760595
0,0,0.0027791902
0,0,0.08144666
0,0,0.009689717
0,0,0.0003912771
0,0,0.104021356
0,0,0.0014693211
0,0,0.20181322
0,0,0.00011412239
0,0,0.004117918
0,0,0.026081098
0,0,9.206084e-05
0,1,0.7243831
0,0,1.2705822e-05
0,0,0.018978037
0,0,2.0067153e-05
0,0,1.2705822e-05
0,0,0.00016931271
0,0,0.00029422855
0,0,0.0007110568
0,0,0.000104725565
0,0,0.0022783307
0,0,0.22253115
0,1,0.66470355
0,0,0.0021742254
0,0,0.0023141266
0,0,3.4134897e-05
0,0,0.0008813243
0,0,0.009840806
0,0,0.012722708
0,0,8.481104e-05
0,0,0.012527932
0,0,2.2252812e-06
0,0,0.00015537225
0,0,0.011136502
0,0,0.0026834398
0,0,0.0011313597
0,0,0.01572399
0,1,0.76091725
0,1,0.9584989
0,0,0.0018712104
0,0,0.24454337
0,0,5.9673515e-05
0,0,0.00035488585
0,0,0.00031319875
0,0,0.00019716944
0,1,0.9946255
0,0,2.4439926e-06
0,0,8.284656e-05
0,0,0.00011412239
0,0,8.284656e-05
0,0,1.6378393e-05
0,0,0.00030238242
0,0,0.044847906
0,0,1.5506765e-05
0,0,0.0026061658
0,0,0.0010546242
0,1,0.6752295
0,0,0.09973295
0,0,3.3275157e-06
0,1,0.98524296
0,0,6.895199e-05
0,0,7.662102e-05
0,0,2.2386474e-05
0,0,0.00011637299
0,0,0.0001830682
0,0,0.103205055
0,0,0.09426001
0,0,0.00015416334
0,0,1.0825516e-05
0,0,0.019419348
0,0,0.0012231792
0,0,0.004876887
0,0,0.0017040416
0,0,0.020804489
0,0,0.00015843622
0,0,0.0640069
0,0,0.009689717
0,0,0.00036543285
0,0,0.4969101
0,0,0.05639204
0,0,1.9298406e-05
0,0,0.00038072708
0,0,0.0006178345
0,0,0.00033015275
0,0,0.00047193223
0,0,0.00795339
0,0,1.2705822e-05
0,0,0.0017580388
0,0,0.00043478046
0,0,0.03978781
0,0,0.00019035942
0,0,0.12907304
0,0,7.874486e-05
0,0,0.0048579657
0,0,0.19574778
0,0,0.016898682
0,0,0.3845943
0,0,0.01395571
0,0,4.255953e-06
0,0,1.2705822e-05
0,0,1.4285517e-05
0,0,0.02539547
0,0,8.284656e-05
0,0,0.08441725
0,1,0.9986436
0,0,0.00047842565
0,0,0.0032476767
0,0,0.48701766
0,0,0.007066401
0,0,7.951138e-06
0,0,6.631065e-05
0,1,0.5488473
0,0,8.300232e-06
0,0,0.00023322323
0,0,0.021698097
0,1,0.7894773
0,0,0.01784874
0,0,0.0025809042
0,0,0.12651514
0,0,0.014842417
0,0,0.00071662973
0,0,0.05975658
0,0,0.0107351625
0,0,0.020429842
0,0,0.00024251152
0,0,0.0011902251
0,0,5.475977e-05
0,0,0.022933565
0,0,0.00017197855
0,0,9.83812e-05
0,0,0.068912506
0,0,3.7489724e-05
0,0,2.6016164e-06
0,0,7.4846226e-05
0,0,0.0055119344
0,0,0.00040606395
0,1,0.5071025
0,0,0.009196552
0,0,0.0033115193
0,0,0.14247034
0,0,0.0033309148
0,0,0.0001210082
0,0,0.00011637299
0,0,0.00015598026
0,1,0.9293122
0,0,0.014199681
0,0,0.477558
0,0,0.00075984147
0,0,1.3472537e-05
0,1,0.99638534
0,0,0.00021070437
0,0,5.4121836e-05
0,0,0.000423058
0,1,0.9997316
0,0,8.284656e-05
0,0,0.00026530237
0,0,0.0025708678
0,0,8.284656e-05
0,0,0.39650622
0,0,1.1039027e-05
0,0,6.180859e-05
0,0,7.858505e-06
0,0,8.220189e-05
0,0,0.0004926423
0,0,0.034197055
0,1,0.9757161
0,0,5.874842e-05
0,0,0.0025859366
0,0,0.0031236487
0,1,0.9253649
0,0,3.4134897e-05
0,0,0.007011795
0,0,0.15713686
0,0,0.0009678616
0,0,2.0623422e-05
0,0,0.0027522563
0,0,1.2705822e-05
0,0,0.0015761828
0,0,0.1289633
0,0,0.015906392
0,0,0.010110846
0,0,0.0085443305
0,1,0.997414
0,0,0.23899394
0,0,0.1786691
0,0,0.0008642928
0,0,0.49015558
0,0,0.023666894
0,0,0.00016219281
0,0,0.0008442883
0,0,0.013558245
0,1,0.9899282
0,0,0.104660206
0,0,0.00023597175
0,0,0.31573597
0,0,0.0030813639
0,0,0.017831627
0,0,3.433142e-06
0,0,0.0004076526
0,0,4.8226243e-06
0,0,0.091301054
0,0,8.284656e-05
0,0,8.382305e-05
0,0,0.39589298
0,0,0.019437954
0,0,0.0024296434
0,0,1.4624283e-05
0,0,0.00027694734
0,0,1.3160451e-05
0,1,0.8270613
0,0,0.02145073
0,1,0.77696157
0,0,4.1174255e-05
0,0,0.005149607
0,0,0.03207038
0,0,0.045225907
0,1,0.96185756
0,0,0.04685562
0,1,0.99944395
0,0,0.0021322616
0,0,0.034197055
0,1,0.9874479
0,1,0.9904591
0,0,0.0005517006
0,0,0.008380454
0,0,1.7030821e-05
0,0,0.00042637467
0,0,8.784544e-05
0,0,4.281438e-05
0,0,5.7945103e-06
0,0,0.00102221
0,0,0.001133569
0,0,1.7195651e-06
0,0,0.015543648
0,0,0.00084264233
0,0,0.00015720345
0,0,0.00061662967
0,0,0.00046734812
0,0,0.0004305571
0,0,0.0007839425
0,0,0.0016420666
0,0,1.2123987e-05
0,0,0.00012006662
0,0,1.6995315e-06
0,0,3.837873e-05
0,0,0.00020422302
0,0,8.68221e-05
0,0,0.00024062475
0,0,1.8738754e-06
0,0,0.00027212297
0,0,0.00031319875
0,0,8.9228684e-05
0,0,0.00010270019
0,0,9.405386e-06
0,0,0.0011095015
0,0,0.000578162
0,0,0.0030337367
0,0,5.1442214e-05
0,0,6.7883055e-05
0,0,9.080475e-06
0,0,3.6621306e-05
0,0,0.00010513541
0,0,1.5506765e-05
0,0,5.7945103e-06
0,0,0.000506292
0,0,0.00062146306
0,0,0.00027053355
0,0,1.0129991e-05
0,0,2.642586e-06
0,0,3.5145565e-06
0,0,0.00026272482
0,0,0.01584536
0,0,0.07654563
0,0,3.778375e-05
0,0,1.12128655e-05
0,0,0.004848533
0,0,5.8519396e-05
0,0,7.141902e-05
0,0,0.0001830682
0,0,0.0005193048
0,0,6.402007e-05
0,0,0.053899154
0,0,8.939696e-06
0,0,6.156765e-05
0,0,0.00016410438
0,0,0.00023782207
0,0,5.2662064e-05
0,0,1.9988918e-05
0,0,9.06337e-05
0,0,0.0008409995
0,0,0.00062267727
0,0,0.00022604932
0,0,8.10796e-06
0,0,0.00028021095
0,0,0.0017240938
0,0,2.8078768e-05
0,0,0.00058042357
0,0,0.019794779
0,0,2.48248e-06
0,0,1.568955e-05
0,0,2.396722e-06
0,0,1.2531565e-06
0,0,3.4402605e-05
0,0,0.00078854576
0,0,0.0013380081
0,0,0.0003360055
0,0,0.021656675
0,0,0.0016711376
0,0,0.0017891594
0,0,2.9541425e-05
0,0,0.0007687913
0,0,0.00012339458
0,0,9.132548e-07
0,0,0.0003618828
0,0,0.0003263076
0,0,0.0011247573
0,0,0.0011269539
0,0,0.00021152887
0,0,0.0011095015
0,0,5.6941026e-05
0,0,0.0002726548
0,0,0.0007947255
0,0,0.0038618704
0,0,0.000113234375
0,0,0.00082153385
0,0,0.0006932423
0,0,0.00048785715
0,0,3.487206e-06
0,0,0.00010310212
0,0,0.0009146137
0,0,6.841543e-05
0,0,2.4876488e-05
0,0,5.594338e-06
0,0,3.5008545e-06
0,0,0.0035449788
0,0,0.0658447
0,0,0.00013032975
0,0,1.991099e-05
0,0,6.339211e-06
0,0,0.0010382907
0,0,0.0016517006
0,0,0.00019716944
0,0,0.0001760562
0,0,9.22347e-06
0,0,1.4708222e-06
0,0,0.00018740873
0,0,0.0044079763
0,0,8.73261e-06
0,0,0.00011959858
0,0,0.00013711804
0,0,0.0003089472
0,0,0.0006932423
0,0,8.9048435e-06
0,0,0.00092900335
0,0,5.716387e-05
0,0,0.00012780925
0,0,0.0003089472
0,0,9.572778e-05
0,0,5.874842e-05
0,0,2.026142e-06
0,0,4.9086615e-05
0,0,0.0005254231
0,0,0.0016009645
0,0,7.368593e-05
0,0,4.495181e-06
0,0,0.04038907
0,0,0.0010859445
0,0,0.00040211933
0,0,2.463161e-06
0,0,0.0065261493
0,0,9.351047e-05
0,0,0.00783105
0,0,6.605214e-05
0,0,0.00063247676
0,0,8.0612095e-05
0,0,8.818923e-05
0,0,7.368593e-05
0,0,0.00021654405
0,0,0.00029653555
0,0,9.553497e-06
0,0,4.157365e-06
0,0,1.4064044e-05
0,0,0.0008312098
0,0,0.0003777654
0,0,0.0014076104
0,0,1.8704668e-05
0,0,0.0003521251
0,0,0.00997492
0,0,0.0018386653
0,0,0.0013670255
0,0,4.7762653e-05
0,0,1.736672e-05
0,0,2.3780706e-06
0,0,0.002364263
0,0,0.0003859661
0,0,0.0008119704
0,0,0.00010150382
0,0,2.673736e-06
0,0,0.00063495064
0,0,0.00017813111
0,0,0.00045209235
0,0,0.0004955359
0,0,4.6378736e-06
0,0,0.025883388
0,0,8.888084e-05
0,0,1.2337282e-06
0,0,0.0011313597
0,0,4.593298e-05
0,0,1.6636308e-05
0,0,0.004117918
0,0,0.033242542
0,0,0.08632348
0,0,0.003750789
0,0,1.485458e-05
0,0,6.8811437e-06
0,0,0.0018785202
0,0,0.00031999827
0,0,0.0012668908
0,0,0.00040606395
0,0,2.3830244e-05
0,0,0.00037702857
0,0,0.0001313518
0,0,1.2029639e-05
0,0,0.0003077431
0,0,0.00017743677
0,0,0.00010513541
0,0,0.006050398
0,0,0.00046826137
0,0,0.00035836728
0,0,1.8777875e-05
0,0,0.00028910325
0,0,0.00037118545
0,0,0.0016743994
0,0,4.8704638e-05
0,0,5.649793e-05
0,0,0.0008056567
0,0,0.00025315638
0,0,0.0012497094
0,0,0.0015854306
0,0,9.761566e-05
0,0,1.3631346e-05
0,0,3.7489724e-05
0,0,0.0013777326
0,0,5.978447e-06
0,0,6.841543e-05
0,0,1.3979968e-06
0,0,0.0091787735
0,0,0.00014147001
0,0,0.0033831915
0,0,0.0014607495
0,0,0.00028240806
0,0,0.0002632383
0,0,2.9541425e-05
0,0,0.003476651
0,0,1.0533521e-05
0,0,2.9136713e-06
0,0,7.2827526e-05
0,0,0.00095473166
0,0,8.317078e-05
0,0,0.00031999827
0,0,2.4061026e-06
0,0,3.9054835e-06
0,0,3.6621306e-05
0,0,0.00027694734
0,0,0.0005636751
0,0,1.2337282e-06
0,0,0.00018450376
0,0,0.0071076322
0,0,0.00021402177
0,0,6.5660356e-06
0,0,0.0013777326
0,0,0.00020422302
0,0,0.00048500832
0,0,0.000235052
0,0,0.00052747846
0,0,0.063714996
0,0,1.770924e-05
0,0,0.0054905633
0,0,0.00017265153
0,0,0.00014539114
0,0,0.0001760562
0,0,0.040845715
0,0,4.4868993e-05
0,0,3.975193e-05
0,0,0.00024441312
0,0,0.013146586
0,0,1.7848133e-05
0,0,7.513915e-05
0,0,9.761566e-05
0,0,0.00013186583
0,0,0.00011147904
0,0,8.0135e-06
0,0,1.1659529e-05
0,0,2.0025368e-06
0,0,0.00026947915
0,0,0.0005495509
0,0,0.00043478046
0,0,0.00015843622
0,0,2.9365233e-06
0,0,0.00034734528
0,0,2.5215734e-06
0,0,0.00039204178
0,0,7.4263815e-05
0,0,0.004433765
0,0,3.6261201e-06
0,0,2.4586678e-05
0,0,0.009285965
0,0,7.4846226e-05
0,0,3.3869266e-05
0,0,8.7503e-05
0,0,6.2165996e-06
0,0,2.0224537e-05
0,0,0.00045209235
0,0,0.010169657
0,0,0.00044335198
0,0,3.9825127e-06
0,0,0.00016093082
0,0,0.0033439077
0,0,0.00012339458
0,0,7.8437886e-05
0,0,8.581068e-05
0,0,0.0012089458
0,0,4.7762653e-05
0,0,2.8857117e-05
0,0,1.1659529e-05
0,0,0.0011513996
0,0,0.0023141266
0,0,0.0013406205
0,0,0.00010190106
0,0,5.2966143e-06
0,0,0.0001172856
0,0,2.586743e-05
0,0,0.0015247865
0,0,3.9980987e-06
0,0,0.00017674513
0,0,0.0054059
0,0,0.006863781
0,0,4.7206227e-05
0,0,6.205049e-05
0,0,1.1015954e-06
0,0,0.00014369751
0,0,8.853436e-05
0,0,0.00016931271
0,0,0.00015476662
0,0,2.4344647e-06
0,0,1.5750957e-05
0,0,0.00046371284
0,0,0.00018164382
0,0,0.0017477858
0,0,0.0004255431
0,0,2.3007035e-05
0,0,5.583975e-05
0,0,5.4010798e-06
0,0,0.001006378
0,0,0.0013777326
0,0,3.09591e-05
0,0,0.0001482583
0,0,7.782753e-05
0,0,0.00047470425
0,0,0.00042637467
0,0,0.00035906766
0,0,0.005544146
0,0,0.00012632042
0,0,0.00026375282
0,0,9.351047e-05
0,0,1.2508839e-05
0,0,0.007403014
0,0,0.00031750882
0,0,0.0011357827
0,0,4.8895257e-05
0,0,0.06142404
0,0,0.00349701
0,0,0.0015700475
0,0,0.00085924764
0,0,4.7850945e-06
0,0,1.7164395e-05
0,0,3.288749e-06
0,0,1.6666597e-06
0,0,0.00022960827
0,0,0.00045741905
0,0,3.778375e-05
0,0,1.1568796e-05
0,0,7.936242e-05
0,0,5.944089e-05
0,0,8.448042e-05
0,0,0.0009792591
0,0,0.0011095015
0,0,6.579465e-05
0,0,0.0012793075
0,0,0.10800065
0,0,1.0699397e-05
0,0,0.095771484
0,0,1.7030821e-05
0,0,0.00015905623
0,0,4.1497176e-05
0,0,2.0823088e-06
0,0,0.0004945695
0,0,0.0004926423
0,0,6.156765e-05
0,0,0.0005517006
0,0,3.822911e-05
0,0,1.5874492e-05
0,0,2.411114e-05
0,0,2.5413503e-06
0,0,2.411114e-05
0,0,4.7478566e-06
0,0,0.0011649561
0,0,0.023870835
0,0,0.00087789143
0,0,1.0329784e-05
0,0,0.00029137006
0,0,2.8078768e-05
0,0,0.020119479
0,0,9.116015e-06
0,0,7.031184e-05
0,0,4.629322e-05
0,0,0.00024441312
0,0,0.00031258783
0,0,0.0021531414
0,0,0.0004664366
0,0,6.502816e-05
0,0,3.4064249e-06
0,0,0.0064256205
0,0,0.00012484893
0,0,9.2421134e-05
0,0,6.302759e-05
0,0,3.6621306e-05
0,0,0.00077936606
0,0,0.017176708
0,0,0.00010150382
0,0,0.0004840624
0,0,0.00012436225
0,0,2.3049051e-06
0,0,0.0005861161
0,0,5.6941026e-05
0,0,2.0067153e-05
0,0,2.7264703e-06
0,0,1.9792064e-06
0,0,2.9827668e-06
0,0,0.0046727294
0,0,0.0010262068
0,0,3.975193e-05
0,0,0.00034397095
0,0,6.425552e-07
0,0,0.0005132578
0,0,2.2474089e-05
0,0,0.0005043191
0,0,5.7270026e-06
0,0,0.0020992733
0,0,0.00027479266
0,0,0.0020870345
0,0,0.00014710471
0,0,0.00013658355
0,0,2.4249737e-06
0,0,2.7802448e-06
0,0,6.364022e-06
0,0,7.797352e-06
0,0,0.06103112
0,0,1.3846005e-05
0,0,3.3737226e-05
0,0,0.0001888783
0,0,0.0016517006
0,0,0.00019487277
0,0,8.664653e-06
0,0,8.17155e-06
0,0,0.000125828
0,0,1.2411497e-05
0,0,0.00011367751
0,0,0.00022871332
0,0,7.368593e-05
0,0,0.00039204178
0,0,0.0014465743
0,0,3.7489724e-05
0,0,2.6529285e-06
0,0,0.0065261493
0,0,9.83812e-05
0,0,1.1659529e-05
0,0,0.28239405
0,0,1.2929358e-06
0,0,6.761842e-05
0,0,0.000110611596
0,0,0.055515114
0,0,0.0010024584
0,0,0.0030634168
0,0,0.0006449432
0,0,0.00019260288
0,0,0.092359796
0,0,2.5612824e-06
0,0,2.3552617e-05
0,0,0.000111044465
0,0,5.5189234e-05
0,0,2.0383159e-05
0,0,0.008745182
0,0,0.00019035942
0,0,0.00025514138
0,0,1.331558e-05
0,0,0.00012731104
0,0,5.5725272e-06
0,0,0.00021402177
0,0,6.0489183e-06
0,0,3.3344186e-05
0,0,0.015633563
0,0,5.583975e-05
0,0,8.029784e-05
0,0,4.8226243e-06
0,0,6.0489183e-06
0,0,0.00023050672
0,0,2.753569e-05
0,0,6.2409313e-06
0,0,0.014756983
0,0,0.003802225
0,0,1.3030765e-06
0,0,0.00026426834
0,0,0.0045208177
0,0,0.00010032139
0,0,0.008933403
0,0,0.01883313
0,0,4.053593e-05
0,0,0.00012339458
0,0,0.0039148238
0,0,0.0029349516
0,0,0.00019563534
0,0,0.0038393948
0,0,4.5838406e-06
0,0,2.3830244e-05
0,0,8.029784e-05
0,0,0.00066410477
0,0,0.00054740964
0,0,0.0008072305
0,0,0.00025414696
0,0,1.5506765e-05
0,0,0.0029121786
0,0,8.784544e-05
0,0,0.003292236
0,0,0.0001888783
0,0,0.0042151595
0,0,0.0023096215
0,0,0.00047285447
0,0,0.01498589
0,0,0.0005305765
0,0,0.00022254554
0,0,0.0004955359
0,0,3.7705674e-06
0,0,0.0011809737
0,0,0.004451041
0,0,0.000110180416
0,0,3.5145565e-06
0,0,0.001518851
0,0,0.0023459073
0,0,0.0009057334
0,0,4.1899716e-06
0,0,0.0006070755
0,0,0.000110180416
0,0,0.0003867204
0,0,0.00031076217
0,0,2.3320745e-06
0,0,3.640312e-06
0,0,0.001264422
0,0,0.00018814208
0,0,0.0004036926
0,0,0.0014437558
0,0,0.024030639
0,0,0.00010554686
0,0,1.7502925e-05
0,0,1.2531565e-06
0,0,5.2868167e-05
0,0,0.0794957
0,0,2.2917342e-05
0,0,0.001247274
0,0,0.0008796062
0,0,4.6112746e-05
0,0,8.23564e-06
0,0,0.008728267
0,0,0.0015792594
0,0,0.0016776673
0,0,0.00010110815
0,0,1.3160451e-05
0,0,0.00011235327
0,0,0.00010637459
0,0,1.6666597e-06
0,0,0.00075540564
0,0,0.012970388
0,0,0.00015000565
0,0,5.7270026e-06
0,0,1.4738981e-05
0,0,3.1627592e-06
0,0,0.0059340666
0,0,7.602479e-05
0,0,0.00014768039
0,0,0.00010270019
0,0,0.007922627
0,0,0.00046734812
0,0,2.6274774e-05
0,0,0.005230278
0,0,0.00062267727
0,0,0.004905406
0,0,0.011823394
0,0,1.5965622e-06
0,0,4.2726106e-06
0,0,0.03336831
0,0,0.0056748753
0,0,0.0009417797
0,0,1.5750957e-05
0,0,0.00068250194
0,0,2.0741907e-06
0,0,7.455446e-05
0,0,0.0061094104
0,0,2.1112483e-05
0,0,7.482943e-07
0,0,6.976471e-05
0,0,0.001690803
0,0,2.0623422e-05
0,0,5.874842e-05
0,0,0.00026017232
0,0,0.00041731578
0,0,0.0016974094
0,0,1.4341429e-05
0,0,1.6344235e-06
0,0,5.9673515e-05
0,0,0.0019418169
0,0,0.0010754024
0,0,1.0090498e-05
0,0,7.541633e-07
0,0,0.004425152
0,0,7.6920885e-05
0,0,0.0002976958
0,0,0.00035557942
0,0,0.00017197855
0,0,9.87662e-05
0,0,0.0009362829
0,0,0.00095473166
0,0,3.3145427e-06
0,0,0.0013993984
0,0,0.00037629314
0,0,0.00010229986
0,0,0.00029023446
0,0,0.00035350278
0,0,0.0016198053
0,0,0.0001666882
0,0,0.0021157034
0,0,0.0004272079
0,0,0.0015277629
0,0,0.0003181293
0,0,0.00012533751
0,0,0.0032603461
0,0,0.00090220553
0,0,5.422219e-06
0,0,0.0007041515
0,0,2.7802448e-06
0,0,6.6955386e-06
0,0,3.2571796e-05
0,0,1.1256751e-05
0,0,0.005945599
0,0,0.0013993984
0,0,1.4119089e-05
0,0,0.00015598026
0,0,1.6964426e-05
0,0,2.1400324e-06
0,0,0.00012780925
0,0,3.9054835e-06
0,0,1.3391992e-06
0,0,0.00019110434
0,0,1.3578202e-05
0,0,0.00025915823
0,0,0.00031136954
0,0,7.031184e-05
0,0,0.00016799536
0,0,0.0017240938
0,0,5.8399573e-06
0,0,3.200041e-06
0,0,0.0001097509
0,0,0.0012943681
0,0,0.0005884088
0,0,0.0065642493
0,0,0.0011160143
0,0,0.00042388475
0,0,0.00027803096
0,0,2.3412017e-06
0,0,4.7478566e-06
0,0,0.007968815
0,0,9.87662e-05
0,0,4.3229747e-06
0,0,4.7850945e-06
0,0,3.7197988e-05
0,0,0.00075836
0,0,1.918313e-06
0,0,0.00052337564
0,0,0.0026626128
0,0,0.31832618
0,0,2.4017143e-05
0,0,0.00043818905
0,0,3.5008545e-06
0,0,0.00025414696
0,0,0.00019794097
0,0,0.0067058485
0,0,1.8885722e-06
0,0,3.012406e-05
0,0,2.7108803e-05
0,0,0.0026522595
0,0,0.00014425987
0,0,1.4119089e-05
0,0,0.00088649895
0,0,1.9485221e-06
0,0,2.5566074e-05
0,0,1.0410802e-05
0,0,3.1627592e-06
0,0,0.0018172832
0,0,2.6897844e-05
0,0,2.1993562e-06
0,0,6.1088555e-05
0,0,0.000113234375
0,0,1.9714903e-06
0,0,0.0010044163
0,0,1.1659529e-05
0,0,6.4270615e-05
0,0,0.00036472004
0,0,0.00025814815
0,0,0.0003935756
0,0,7.254361e-05
0,0,0.00048311835
0,0,6.8683185e-05
0,0,8.398072e-06
0,0,2.8909972e-06
0,0,0.0007672925
0,0,0.0007041515
0,0,4.0769546e-06
0,0,0.00015356239
0,0,0.0003144242
0,0,0.012288597
0,0,0.022011233
0,0,1.0953123e-05
0,0,0.0001210082
0,0,6.786734e-07
0,0,2.3007035e-05
0,0,4.198631e-05
0,0,1.258061e-06
0,0,0.0011008767
0,0,3.6478537e-05
0,0,0.012821214
0,0,6.643433e-06
0,0,7.8437886e-05
0,0,2.5117427e-06
0,0,0.0001888783
0,0,0.0072608665
0,0,0.0046545975
0,0,0.005797401
0,0,1.1039027e-05
0,0,5.897834e-05
0,0,0.0007854739
0,0,0.0011626856
0,0,1.1589804e-06
0,0,2.1737328e-06
0,0,0.0005484792
0,0,0.0025708678
0,0,2.9426257e-05
0,0,1.2956419e-05
0,0,9.442197e-06
0,0,2.3552617e-05
0,0,0.000104725565
0,0,1.4367507e-06
0,0,0.00024062475
0,0,5.944089e-05
0,0,1.07412725e-05
0,0,3.1941818e-05
0,0,2.611799e-06
0,0,0.00014369751
0,0,2.3830244e-05
0,0,7.7524135e-05
0,0,0.0024871177
0,0,4.451984e-05
0,0,0.00012339458
0,0,2.9657043e-05
0,0,2.309708e-05
0,0,1.07412725e-05
0,0,0.00022254554
0,0,0.018387254
0,0,0.0005495509
0,0,1.6666597e-06
0,0,5.5405224e-05
0,0,1.2219075e-05
0,0,2.4395345e-05
0,0,5.2048566e-05
0,0,0.0010712142
0,0,3.3405393e-06
0,0,0.0017173839
0,0,0.000103910665
0,0,0.00040290525
0,0,4.9278733e-05
0,0,0.0014186349
0,0,3.5283117e-06
0,0,9.278282e-05
0,0,0.00033339157
0,0,3.5913014e-05
0,0,4.5575543e-05
0,0,1.6217043e-06
0,0,0.00083772355
0,0,0.00026119032
0,0,4.4346274e-05
0,0,3.138147e-06
0,0,2.5215734e-06
0,0,0.00021654405
0,0,0.00027159214
0,0,0.00012780925
0,0,0.0017240938
0,0,1.3160451e-05
0,0,0.00012148176
0,0,3.542121e-06
0,0,1.4738981e-05
0,0,9.351047e-05
0,0,3.4064249e-06
0,0,0.0026112476
0,0,0.0036006027
0,0,7.6920885e-05
0,0,0.00012148176
0,0,0.0006178345
0,0,2.0025368e-06
0,0,0.0040543335
0,0,1.4624283e-05
0,0,9.7235126e-05
0,0,0.0030337367
0,0,0.0004339325
0,0,6.4270615e-05
0,0,9.2421134e-05
0,0,3.8528935e-05
0,0,2.7321414e-05
0,0,0.00020342699
0,0,0.0031115084
0,0,0.0001823546
0,0,6.156765e-05
0,0,0.00012731104
0,0,1.485458e-05
0,0,8.029784e-05
0,0,0.00014596009
0,0,0.00023875263
0,0,9.387641e-05
0,0,8.514296e-05
0,0,0.0004390453
0,0,1.3109143e-05
0,0,0.00031750882
0,0,4.10893e-06
0,0,0.00011774459
0,0,3.1875652e-06
0,0,3.0360317e-05
0,0,1.9148227e-05
0,0,8.784544e-05
0,0,0.0005033356
0,0,1.1434016e-05
0,0,0.00024441312
0,0,0.0013354007
0,0,0.00069867563
0,0,2.7478543e-06
0,0,7.267934e-06
0,0,3.6764635e-05
0,0,2.4395345e-05
0,0,4.9859584e-05
0,0,1.8777875e-05
0,0,3.6832228e-06
0,0,0.0046545975
0,0,9.06337e-05
0,0,0.0028560124
0,0,0.060919292
0,0,9.610242e-05
0,0,1.3846005e-05
0,0,0.021206118
0,0,0.00024251152
0,0,4.069458e-05
0,0,1.535399e-06
0,0,2.1737328e-06
0,0,0.00023689508
0,0,1.2755551e-05
0,0,2.8744618e-05
0,0,7.031184e-05
0,0,0.00034129503
0,0,0.00012830943
0,0,5.104191e-05
0,0,4.6560253e-06
0,0,1.2557797e-05
0,0,6.0489183e-06
0,0,0.00020662982
0,0,5.7719203e-06
0,0,0.0011809737
0,0,7.9822585e-06
0,0,4.8137244e-05
0,0,0.047691286
0,0,0.002969445
0,0,9.761566e-05
0,0,0.0035657366
0,0,0.009955652
0,0,0.0005254231
0,0,0.00015659066
0,0,2.824027e-06
0,0,0.00011913237
0,0,6.895199e-05
0,0,3.778375e-05
0,0,6.377049e-05
0,0,2.5612824e-06
0,0,0.0015427325
0,0,6.761842e-05
0,0,0.002601094
0,0,1.2755551e-05
0,0,0.00015905623
0,0,0.0003144242
0,0,0.19163005
0,0,2.5071595e-05
0,0,2.753569e-05
0,0,1.5506765e-05
0,0,0.0009966077
0,0,3.6545598e-06
0,0,0.0011513996
0,0,0.006903838
0,0,2.7321414e-05
0,0,0.0004044815
0,0,0.00025814815
0,0,2.4779507e-05
0,0,3.2444816e-05
0,0,0.000720838
0,0,2.7478543e-06
0,0,0.00011637299
0,0,0.045692034
0,0,0.00077330566
0,0,7.676465e-06
0,0,6.6694347e-06
0,0,0.013096004
0,0,0.00015000565
0,0,5.9209164e-05
0,0,1.3263668e-05
0,0,2.0224537e-05
0,0,9.683646e-07
0,0,1.991099e-05
0,0,0.00015967865
0,0,3.6478537e-05
0,0,4.0929112e-06
0,0,0.000108049564
0,0,3.4064249e-06
0,0,3.9442584e-05
0,0,4.1659587e-05
0,0,0.00041894842
0,0,0.003209961
0,0,0.0029521482
0,0,2.0383159e-05
0,0,2.3687992e-06
0,0,9.3145936e-05
0,0,6.7092245e-05
0,0,7.782753e-05
0,0,0.0004503306
0,0,3.059843e-05
0,0,0.00062146306
0,0,0.001530745
0,0,0.0026470984
0,0,0.0011513996
0,0,5.8291265e-05
0,0,9.00981e-06
0,0,2.9136713e-06
0,0,0.054298937
0,0,0.00017197855
0,0,7.4846226e-05
0,0,8.1881444e-05
0,0,0.00026634047
0,0,0.0005152657
0,0,0.0112445615
0,0,6.643433e-06
0,0,2.902312e-06
0,0,1.7848133e-05
0,0,6.4139344e-06
0,0,0.000559291
0,0,0.000104725565
0,0,4.331904e-05
0,0,2.3460796e-05
0,0,0.003057458
0,0,1.0389034e-06
0,0,7.951138e-06
0,0,3.36057e-05
0,0,6.976471e-05
0,0,0.00030356555
0,0,6.8811437e-06
0,0,9.7997676e-05
0,0,6.0963603e-06
0,0,1.7030821e-05
0,0,0.00035006859
0,0,3.059843e-05
0,1,0.77805966
0,0,2.8461764e-06
0,0,0.0046909326
0,0,3.975193e-05
0,0,0.0003618828
0,0,0.00014036923
0,0,0.00010110815
0,0,1.9223171e-05
0,0,8.766788e-06
0,0,4.215063e-05
0,0,2.046293e-05
0,0,3.1941818e-05
0,0,3.0179267e-06
0,0,8.448042e-05
0,0,0.013782085
0,0,0.0007138379
0,0,0.00016539123
0,0,1.331558e-05
0,0,0.00020906501
0,0,0.000235052
0,0,3.400182e-05
0,0,0.003160353
0,0,1.1125608e-05
0,0,0.067362405
0,0,0.00010847241
0,0,0.004512037
0,0,2.5019503e-06
0,0,0.049819656
0,0,0.0004592085
0,0,7.4263815e-05
0,0,3.3405393e-06
0,0,0.0013458604
0,0,1.3602884e-06
0,0,0.00046280847
0,0,2.1195112e-05
0,0,9.87662e-05
0,0,2.48248e-06
0,0,8.284656e-05
0,0,1.9525884e-05
0,0,1.7030821e-05
0,0,0.00018814208
0,0,0.00012053649
0,0,0.00022341634
0,0,9.895332e-06
0,0,6.1088555e-05
0,0,3.5008545e-06
0,0,0.001032231
0,0,0.0025065753
0,0,5.2048566e-05
0,0,0.00026634047
0,0,3.785325e-06
0,0,0.10631887
0,0,2.2650353e-05
0,0,3.4537254e-05
0,0,2.9083441e-05
0,0,0.0072608665
0,0,0.00022429059
0,0,6.2898785e-06
0,0,0.00011546747
0,0,0.0012545943
0,0,0.00022516826
0,0,5.944089e-05
0,0,9.278282e-05
0,0,8.664653e-06
0,0,2.4249737e-06
0,0,0.00025216964
0,0,0.001133569
0,0,1.7672329e-06
0,0,0.0029349516
0,0,7.766952e-06
0,0,8.514296e-05
0,0,0.00020582441
0,0,1.3109143e-05
0,0,0.00029480358
0,0,6.2409313e-06
0,0,1.1300807e-05
0,0,2.278052e-06
0,0,2.6070305e-05
0,0,0.0001760562
0,0,8.698566e-06
0,0,6.605214e-05
0,0,0.00033079798
0,0,2.3278231e-05
0,0,3.7052967e-05
0,0,0.005652876
0,0,2.0623422e-05
0,0,2.994441e-06
0,0,1.8271383e-05
0,0,1.3792024e-05
0,0,0.0038393948
0,0,0.00019411318
0,0,0.00014883847
0,0,0.00077936606
0,0,2.169773e-05
0,0,2.3552617e-05
0,0,0.00026119032
0,0,1.0699397e-05
0,0,0.0023781238
0,0,0.0007336117
0,0,0.00010762835
0,0,3.5559847e-06
0,0,8.597225e-06
0,0,4.5220888e-05
0,0,3.0718184e-05
0,0,4.391051e-06
0,0,5.6277684e-05
0,0,7.736671e-06
0,0,1.4119089e-05
0,0,2.1361344e-05
0,0,4.451984e-05
0,0,0.00016865275
0,0,0.00019335657
0,0,6.617533e-06
0,0,0.00027857436
0,0,0.00037629314
0,0,9.703942e-06
0,0,7.782753e-05
0,0,0.003436286
0,0,4.9278733e-05
0,0,0.00014653131
0,0,7.3974305e-05
0,0,2.3830244e-05
0,0,0.0001172856
0,0,0.0006838353
0,0,0.0005442133
0,0,0.010388218
0,0,8.029784e-05
0,0,0.0014214043
0,0,2.9595546e-06
0,0,6.5917343e-06
0,0,0.00010270019
0,0,0.005576545
0,0,0.00015720345
0,0,0.0014579034
0,0,2.586743e-05
0,0,3.9288818e-05
0,0,8.784544e-05
0,0,0.0006851713
0,0,6.2409313e-06
0,0,6.2165996e-06
0,0,0.0028063876
0,0,4.1659587e-05
0,0,4.198631e-05
0,0,0.00021909605
0,0,7.1140596e-05
0,0,0.0015578482
0,0,4.7949583e-05
0,0,1.709748e-05
0,0,0.0015578482
0,0,0.00031136954
0,0,0.000111044465
0,0,0.00024441312
0,0,8.220189e-05
0,0,0.0039839703
0,0,7.9822585e-06
0,0,1.9409256e-06
0,0,0.46093342
0,0,0.0015792594
0,0,4.6378736e-06
0,0,0.009898064
0,0,5.1845658e-05
0,0,6.9492744e-05
0,0,1.7195651e-06
0,0,2.4921962e-06
0,0,0.00039899134
0,0,0.003422935
0,0,4.013747e-06
0,0,0.0001888783
0,0,3.8449352e-06
0,0,1.8885722e-06
0,0,9.2421134e-05
0,0,1.3738256e-05
0,0,0.007446194
0,0,0.00013289992
0,0,9.206084e-05
0,0,4.7478566e-06
0,0,4.9086615e-05
0,0,0.0003792433
0,0,3.8449352e-06
0,0,0.026455777
0,0,0.000712446
0,0,7.52799e-06
0,0,2.1907815e-06
0,0,2.9083441e-05
0,0,0.0012994274
0,0,0.006679879
0,0,9.87662e-05
0,0,1.7534802e-06
0,0,0.00017743677
0,0,7.2113753e-06
0,0,8.300232e-06
0,0,0.00028462242
0,0,0.0041099153
0,0,1.0677029e-06
0,0,0.0008119704
0,0,0.00027966435
0,0,3.741225e-06
0,0,0.0077856546
0,0,6.8148714e-05
0,0,0.0014924251
0,0,3.282725e-05
0,0,0.004306305
0,0,0.00014653131
0,0,7.169852e-05
0,0,4.2893334e-06
0,0,2.9426257e-05
0,0,4.7762653e-05
0,0,0.0007702932
0,0,4.7576454e-05
0,0,0.0005680935
0,0,0.004015092
0,0,0.0004044815
0,0,0.0044597047
0,0,4.495181e-06
0,0,0.000111044465
0,0,3.4808123e-05
0,0,7.0718957e-06
0,0,1.333978e-06
0,0,0.00059766934
0,0,0.003572683
0,0,3.7558673e-06
0,0,0.0009584648
0,0,3.7197988e-05
0,0,6.327425e-05
0,0,0.0003077431
0,0,0.00030120392
0,0,0.00029827765
0,0,0.00060471025
0,0,0.0005420927
0,0,8.818923e-05
0,0,0.0058539603
0,0,1.0825516e-05
0,0,0.00102221
0,0,0.00036047245
0,0,5.486134e-06
0,0,0.00020342699
0,0,0.00033079798
0,0,1.3497025e-06
0,0,9.387641e-05
0,0,0.0031912678
0,0,0.00017064043
0,0,1.0492454e-05
0,0,0.0021447653
0,0,0.0005336929
0,0,3.1875652e-06
0,0,0.091544405
0,0,0.008694534
0,0,0.0006798429
0,0,2.83508e-06
0,0,0.0003071428
0,0,4.0769546e-06
0,0,5.3910844e-05
0,0,1.43975585e-05
0,0,0.0014214043
0,0,2.1400324e-06
0,0,0.001006378
0,0,8.029784e-05
0,0,0.0020829707
0,0,6.7744627e-06
0,0,0.00024203846
0,0,0.00032125026
0,0,0.00017468634
0,0,9.278282e-05
0,0,0.0024534282
0,0,0.0016356753
0,0,2.617234e-05
0,0,0.0005142608
0,0,0.0015099907
0,0,0.0001888783
0,0,0.0001788282
0,0,0.00015598026
0,0,0.00024441312
0,0,0.00012780925
0,0,0.0011203772
0,0,2.1400324e-06
0,0,7.1552554e-06
0,0,6.377049e-05
0,0,0.00037409563
0,0,0.0005953407
0,0,0.00010150382
0,0,0.0002018442
0,0,2.0986404e-06
0,0,0.00016474657
0,0,0.00013446629
0,0,0.00078854576
0,0,0.0059110695
0,0,3.1941818e-05
0,0,0.0005132578
0,0,6.229334e-05
0,0,0.00047193223
0,0,9.06337e-05
0,0,8.124429e-05
0,0,6.464239e-06
0,0,0.0010670425
0,0,0.0010103129
0,0,7.5870316e-06
0,0,0.00016410438
0,0,0.00016474657
0,0,0.00026947915
0,0,0.00040290525
0,0,9.2421134e-05
0,0,1.0129991e-05
0,0,0.0003399649
0,0,5.6941026e-05
0,0,1.9679026e-05
0,0,4.35688e-06
0,0,0.00024441312
0,0,1.568955e-05
0,0,0.00067324063
0,0,0.0006538155
0,0,7.2827526e-05
0,0,0.00076281314
0,0,0.0017240938
0,0,3.0360317e-05
0,0,8.6803647e-07
0,0,0.00018814208
0,0,0.00023140869
0,0,7.058701e-05
0,0,0.005685907
0,0,2.0067153e-05
0,0,0.00047936052
0,0,0.00063992746
0,0,0.0004907226
0,0,2.1484082e-06
0,0,2.22992e-05
0,0,0.00017197855
0,0,0.0007055272
0,0,1.4624283e-05
0,0,5.2553955e-06
0,0,0.002070827
0,0,6.180859e-05
0,0,0.00041568946
0,0,0.00018595057
0,0,0.0006011795
0,0,0.0025409926
0,0,4.7664394e-06
0,0,0.0019646615
0,0,0.0004076526
0,0,1.9561485e-06
0,0,1.5326106e-05
0,0,0.0013432378
0,0,1.6153818e-06
0,0,2.2562052e-05
0,0,0.00024729344
0,0,0.0043994132
0,0,3.936115e-06
0,0,0.0011008767
0,0,5.9673515e-05
0,0,0.012503792
0,0,0.00037555918
0,0,0.00022254554
0,0,0.00020988309
0,0,0.0011247573
0,0,4.365878e-05
0,0,6.8009767e-06
0,0,3.6621306e-05
0,0,0.00015659066
0,0,0.0008183336
0,0,0.00047563188
0,0,4.215063e-05
0,0,0.00018093578
0,0,2.72149e-05
0,0,6.502816e-05
0,0,7.782753e-05
0,0,3.1504292e-06
0,0,0.00016156059
0,0,0.00015967865
0,0,9.553497e-06
0,0,2.8188664e-05
0,0,1.07412725e-05
0,0,2.5713066e-06
0,0,7.513915e-05
0,0,5.583975e-05
0,0,4.477656e-06
0,0,0.00025514138
0,0,4.1659587e-05
0,0,0.0005336929
0,0,7.3398674e-05
0,0,5.3491327e-05
0,0,7.646538e-06
0,0,2.1316891e-06
0,0,0.0004459562
0,0,0.0003618828
0,0,0.000107208805
0,0,6.339211e-06
0,0,3.9596955e-05
0,0,0.00023140869
0,0,0.001638868
0,0,8.939696e-06
0,0,5.507606e-06
0,0,6.9492744e-05
0,0,4.9665203e-05
0,0,0.0012718429
0,0,0.00036329866
0,0,1.0867886e-05
0,0,0.00051829213
0,0,2.322983e-06
0,0,2.5019503e-06
0,0,0.0029521482
0,0,7.226082e-05
0,0,0.0146720335
0,0,1.3287774e-06
0,0,0.00019035942
0,0,0.022715755
0,0,1.43975585e-05
0,0,1.0867886e-05
0,0,0.0007138379
0,0,0.00046190582
0,0,0.0024726235
0,0,0.00014482439
0,0,1.005116e-05
0,0,2.295919e-06
0,0,0.0067843576
0,0,0.000235052
0,0,0.0011424494
0,0,5.113641e-06
0,0,0.00014883847
0,0,0.006438102
0,0,0.0006563728
0,0,0.0002323142
0,0,0.000100714
0,0,0.00027159214
0,0,0.00349701
0,0,0.00093994394
0,0,2.1151002e-06
0,0,0.00021152887
0,0,5.990706e-05
0,0,3.4600682e-06
0,0,0.00036472004
0,0,0.00017130819
0,0,3.6194666e-05
0,0,0.00070277863
0,0,5.649793e-05
0,0,7.7221914e-05
0,0,0.00012006662
0,0,0.00036400868
0,0,4.391051e-06
0,0,0.0005849732
0,0,3.494435e-05
0,0,0.0061331755
0,0,0.0002726548
0,0,0.0003327413
0,0,3.3275157e-06
0,0,9.915273e-05
0,0,0.00015118199
0,0,0.00013819334
0,0,0.00021654405
0,0,1.188949e-05
0,0,0.0005162725
0,0,4.0853844e-05
0,0,0.0009811718
0,0,0.00018164382
0,0,3.535625e-05
0,0,4.7850945e-06
0,0,0.0007643033
0,0,2.0145691e-05
0,0,1.3160451e-05
0,0,1.0249399e-05
0,0,2.7969301e-05
0,0,0.0004390453
0,0,2.8632558e-05
0,0,5.897834e-05
0,0,0.00019185213
0,0,0.00025814815
0,0,0.004886375
0,0,0.0015337331
0,0,0.007562568
0,0,0.00030534895
0,0,3.5699022e-06
0,0,2.764346e-05
0,0,4.8226243e-06
0,0,0.00012881155
0,0,0.0008328334
0,0,9.934061e-06
0,0,0.00017813111
0,0,1.8091417e-06
0,0,0.034979645
0,0,2.6897844e-05
0,0,0.000125828
0,0,2.7911265e-06
0,0,0.00019185213
0,0,0.019069158
0,0,3.138147e-06
0,0,1.3367695e-05
0,0,0.00015236756
0,0,1.2905907e-05
0,0,0.00024729344
0,0,0.0019955388
0,0,0.005831272
0,0,8.68221e-05
0,0,1.7195651e-06
0,0,0.0063266307
0,0,5.7837668e-05
0,0,0.00011501735
0,0,2.3687992e-06
0,0,0.0018821859
0,0,0.00019871556
0,0,5.093705e-06
0,0,0.00044770085
0,0,0.0003829636
0,0,0.0049340907
0,0,1.2076722e-05
0,0,0.000453861
0,0,3.3536137e-06
0,0,1.2728907e-06
0,0,0.00014942093
0,0,0.000453861
0,0,0.00014202362
0,0,0.0005792917
0,0,0.00036400868
0,0,1.3792024e-05
0,0,0.00022254554
0,0,0.00016931271
0,0,2.2386474e-05
0,0,1.7502925e-05
0,0,5.5622062e-05
0,0,0.023599295
0,0,3.006161e-06
0,0,0.007968815
0,0,0.0002341358
0,0,0.0060152626
0,0,0.000110611596
0,0,0.0004888105
0,0,6.8683185e-05
0,0,6.6955386e-06
0,0,4.2726106e-06
0,0,0.00017332718
0,0,4.1013736e-05
0,0,8.25236e-05
0,0,4.255953e-06
0,0,4.215063e-05
0,0,1.7988115e-05
0,0,0.0047183693
0,0,0.00017813111
0,0,7.602479e-05
0,0,1.0533521e-05
0,0,4.255953e-06
0,0,0.005876738
0,0,0.00032376905
0,0,3.4134897e-05
0,0,0.00013711804
0,0,2.7911265e-06
0,0,3.875091e-06
0,0,0.00020662982
0,0,3.5283117e-06
0,0,3.4736106e-06
0,0,2.1484082e-06
0,0,4.069458e-05
0,0,4.4001186e-05
0,0,0.0010817152
0,0,7.058701e-05
0,0,2.7158405e-06
0,0,3.012406e-05
0,0,2.0623422e-05
0,0,0.0008263576
0,0,0.00043478046
0,0,3.9825127e-06
0,0,0.04560694
0,0,0.05136751
0,0,0.0012279605
0,0,0.0015427325
0,0,2.169773e-05
0,0,3.4134897e-05
0,0,0.015998371
0,0,0.121268876
0,0,1.757143e-05
0,0,0.32723817
0,0,0.0017409837
0,0,0.08787644
0,0,0.00032376905
0,0,0.10017222
0,0,0.0044597047
0,0,0.0017926508
0,0,0.022137718
0,0,0.004773722
0,0,0.006576998
0,0,0.0022783307
0,0,0.0038393948
0,0,0.053899154
0,0,3.6053567e-05
0,0,0.18315491
0,1,0.91266996
0,0,0.015174448
0,0,0.00705271
0,0,0.17759682
0,0,4.0769546e-06
0,0,0.09409339
0,0,0.0053018946
0,0,1.1125608e-05
0,1,0.61632985
0,0,0.016914913
0,0,0.054752033
0,0,0.1744806
0,0,0.0004485757
0,0,0.00093994394
0,0,0.012030543
0,0,0.0003859661
0,0,0.007815888
0,0,0.004198795
0,0,0.02207439
0,0,0.023554333
0,0,0.00795339
0,0,0.00078854576
0,0,0.016308766
0,0,0.00047936052
0,1,0.9902727
0,0,0.0054799085
0,0,0.48797458
0,0,0.008560892
0,0,0.00021995336
0,0,0.008898884
0,0,0.004991961
0,0,2.2650353e-05
0,0,0.0708162
0,0,0.0012207953
0,0,0.15259965
0,0,0.0038393948
0,0,3.0241958e-05
0,0,0.0010670425
0,0,0.014643826
0,0,0.0038096302
0,0,4.9086615e-05
0,0,5.7387595e-05
0,0,0.0009640919
0,0,0.00039899134
0,0,0.00588816
0,0,0.036769465
0,0,0.011961098
0,0,0.0004955359
0,0,0.040769268
0,0,0.000110180416
0,0,0.0006865099
0,1,0.5689697
0,0,0.0019570168
0,0,0.0048674173
0,0,0.0027683857
0,0,0.015189049
0,0,0.00075984147
0,0,0.0012065897
0,1,0.9408442
0,0,0.03704717
0,1,0.8891926
0,0,0.00053578056
0,0,0.0023596606
0,1,0.957794
0,0,0.007876707
0,0,1.520684e-05
0,0,0.0127472645
0,0,0.002119831
0,0,0.023939194
0,0,0.060696203
0,0,0.07075197
0,0,0.003707253
0,0,0.11971653
0,0,0.00093994394
0,0,0.36971325
0,0,5.245677e-05
0,0,0.018564347
0,0,0.013663132
0,0,0.0028449094
0,0,0.004166256
0,0,0.0009362829
0,0,0.017797453
0,0,0.04885778
0,0,0.027769243
0,0,1.791799e-05
0,0,0.2786983
0,0,0.00017130819
0,0,0.0020467502
0,0,5.897834e-05
0,0,0.010755925
0,0,0.0001313518
0,0,0.0019723356
0,0,0.0014982575
0,0,0.42941445
0,0,0.0012231792
0,0,0.34532604
0,0,0.00063992746
0,0,0.008560892
0,0,1.0492454e-05
0,0,0.00042887926
0,0,0.0006386796
0,0,0.0015947327
0,0,0.0011809737
0,0,0.00013982208
0,0,0.32257932
0,0,0.044555984
0,0,0.018851183
0,0,0.03750274
0,1,0.6567684
0,0,0.21833585
0,1,0.5156847
0,0,0.014559518
0,0,0.14438999
0,0,0.00041731578
0,1,0.9101469
0,0,0.008950711
0,0,0.19674902
0,0,0.03030055
0,0,0.0018458483
0,0,0.03810662
0,0,0.0008247465
0,0,1.1256751e-05
0,0,1.0953123e-05
0,0,0.0053018946
0,1,0.53704894
0,0,7.254361e-05
0,0,0.027169231
0,0,0.004314688
0,0,0.00069731334
0,0,0.03027187
0,1,0.9916842
0,0,1.5029678e-05
0,0,9.0988404e-05
0,0,0.42753115
0,0,7.572843e-05
0,0,0.07185127
0,0,0.028140754
0,0,0.07257096
0,0,0.32739943
0,0,3.7931623e-05
0,0,0.31452408
0,0,0.4938663
0,0,0.0019684948
0,0,0.00010847241
0,1,0.70871687
0,0,0.016914913
0,0,0.0025409926
0,0,0.25146386
0,0,0.02145073
0,0,0.009430817
0,0,0.0060152626
0,0,3.6194666e-05
0,0,0.00011147904
0,0,0.333015
0,0,0.0020587533
0,0,0.00066151744
0,1,0.96360916
0,0,0.0054905633
0,0,0.49387392
0,0,4.0853844e-05
0,0,0.0012351678
0,0,0.00091105123
0,0,0.02463338
0,0,0.0024296434
0,0,1.5446309e-05
0,0,0.0085278
0,0,0.0009344577
0,0,0.00478301
0,1,0.94018847
0,0,9.332193e-06
0,0,2.5367122e-05
0,0,0.06650853
0,0,0.011463797
0,0,0.0013831175
0,0,0.0009092752
0,0,0.0012399962
0,0,0.0058653387
0,0,0.033494532
0,0,0.0033634927
0,0,0.36656138
0,0,0.00015659066
0,0,0.0012768145
0,0,0.20339088
0,0,3.4808123e-05
0,0,3.400182e-05
0,0,0.0037580945
0,0,2.2212265e-05
0,0,0.0013777326
0,0,0.059047267
0,0,5.2868167e-05
0,0,0.00015659066
0,0,0.00023782207
0,0,0.003714474
0,0,0.0005636751
0,0,2.22992e-05
0,0,0.00013819334
0,0,0.2552044
0,0,0.0008459375
0,0,0.00073504477
0,0,0.0033504234
0,0,0.0013224405
0,0,3.535625e-05
0,0,0.00381705
0,1,0.99712163
0,0,0.00022429059
0,0,0.10221505
0,0,0.000106790874
0,0,0.006837205
0,0,0.0005815577
0,1,0.7096232
0,0,3.9515203e-06
0,0,0.21750368
0,0,0.13028543
0,0,5.225227e-05
0,0,5.1643543e-05
0,0,0.011961098
0,0,0.27019125
0,0,0.0023596606
0,0,0.0011095015
0,0,0.0025016968
0,0,0.0009362829
0,0,0.010130412
0,0,0.030473188
0,0,0.035310794
0,0,0.0009622126
0,0,0.0028783479
0,0,0.02218004
0,1,0.95585793
0,0,0.0085278
0,0,0.0025016968
0,0,0.0021322616
0,0,0.24256429
0,0,0.012920473
0,0,9.116015e-06
0,0,0.009596455
0,0,0.08262329
0,0,0.000113234375
0,0,0.044597577
0,0,0.0077255345
0,0,0.017209712
0,0,0.00029365462
0,0,0.00024062475
0,0,0.0034162786
0,0,0.13910376
0,0,0.30626765
0,0,2.5813704e-06
0,1,0.9993449
0,0,0.042364195
0,0,0.0012594985
0,0,7.254361e-05
0,0,0.00032125026
0,0,0.00040055232
0,0,0.00019110434
0,0,0.0013276093
0,0,2.430024e-05
0,0,1.04515475e-05
0,0,8.853436e-05
0,1,0.9974191
0,0,2.753569e-05
0,0,0.41905347
0,0,0.050470848
0,0,0.01155267
0,0,0.0018969199
0,0,0.0011247573
0,0,0.023666894
0,0,0.19064869
0,0,0.012895588
0,0,1.2557797e-05
0,0,0.056444023
0,0,5.7612193e-05
0,0,0.055005286
0,0,0.009002838
0,1,0.99184376
0,0,0.093595125
0,1,0.8800775
0,1,0.9103862
0,0,0.00023597175
0,0,0.0025261848
0,0,0.000720838
0,0,2.516972e-05
0,0,3.0718184e-05
0,0,0.3805575
0,1,0.874988
0,0,0.0335895
0,0,0.008156249
0,0,0.0036428906
0,0,0.26889342
0,0,0.00033339157
0,1,0.9441254
0,0,0.0075333063
0,0,8.029784e-05
0,0,0.003396388
0,0,0.00685048
0,0,0.0022872274
0,0,0.097218834
0,0,0.009232215
0,0,0.1066906
0,0,0.010189338
0,0,1.0329784e-05
0,0,0.014728613
0,0,0.4416429
0,0,0.1292378
0,0,0.00033209223
0,0,0.029535338
0,0,0.049085185
0,0,0.2509128
0,0,0.2230384
0,0,0.003305079
0,0,0.010448625
0,0,0.029958114
0,0,0.00026634047
0,0,0.022521459
0,0,0.004150081
0,0,0.007446194
0,0,0.009485713
0,0,0.021635992
0,0,0.0050114016
0,1,0.8795612
0,0,0.06554499
0,0,0.0021869743
0,0,0.009394396
0,0,1.3954599e-05
0,0,0.00013605112
0,0,9.993032e-05
0,0,0.0017821962
0,1,0.6402986
0,0,0.0042151595
0,0,0.014813886
0,0,0.12064587
0,0,3.295573e-05
0,0,0.06365676
0,0,0.0024822769
0,0,0.011619772
0,0,0.0065515246
0,0,0.015543648
0,0,0.00030534895
0,0,0.006265534
0,1,0.5532564
0,0,0.0015792594
0,0,0.012796518
0,0,0.006050398
0,0,0.020332353
0,0,0.019756919
0,0,0.00022871332
0,0,0.0020033333
0,0,0.07276838
0,0,6.352188e-05
0,0,0.00017813111
0,0,0.0017996542
0,0,0.00021570001
0,1,0.9217107
0,0,0.0008744718
0,0,0.029423581
0,0,0.0006436856
0,0,6.0613187e-05
0,0,9.6478514e-05
0,0,0.0053536464
0,1,0.9833908
0,0,0.021801986
0,0,0.00015905623
0,0,0.008140463
0,0,0.014756983
0,1,0.8739159
0,0,0.00068919506
0,0,0.00040844924
0,0,6.502816e-05
0,0,0.0063759354
0,0,0.0035518843
0,0,0.04115289
0,0,0.0040543335
0,0,0.0035449788
0,0,0.056548137
0,0,0.04256273
0,0,0.00032313753
0,0,6.976471e-05
0,0,0.0067712096
0,0,0.0026678042
0,0,0.02479816
0,1,0.9716717
0,0,0.06884987
0,0,0.003586616
0,0,2.2212265e-05
0,0,6.278188e-05
0,0,2.8857117e-05
0,0,0.008140463
0,0,0.003907215
0,0,0.048092045
0,0,0.004248079
0,0,5.9209164e-05
0,0,0.005522651
0,1,0.930395
0,0,0.00020662982
0,0,0.022478504
0,0,0.0054269433
0,0,0.020023443
0,0,0.0111580305
0,1,0.9321451
0,0,0.009859855
0,0,0.37602147
0,0,5.6277684e-05
0,0,0.0019304943
0,0,0.0030693877
0,0,0.0056200363
0,0,0.00014091855
0,0,0.021287354
0,0,0.029788302
0,0,0.0046365354
0,0,7.311255e-05
0,0,0.0031297363
0,0,0.00074370287
0,0,2.8520933e-05
0,0,0.0011424494
0,0,0.00015967865
0,0,0.070495576
0,0,0.0058426056
0,0,0.0036006027
0,0,0.0008642928
0,1,0.9857729
0,0,0.004297939
0,0,0.016434573
0,0,0.0027683857
0,0,0.004331502
0,0,0.0025758813
0,0,0.040922303
0,0,0.012503792
0,0,1.4510478e-05
0,0,0.00096597493
0,0,1.1434016e-05
0,0,0.09073549
0,0,0.0011225654
0,0,0.010408315
0,0,0.0014924251
0,0,2.9311537e-05
0,0,0.0086441785
0,0,0.012455653
0,0,0.019456575
0,0,0.10026027
0,0,0.00025414696
0,0,0.0005082725
0,0,0.00037263767
0,0,0.0047552
0,0,0.025468081
0,0,0.0009510131
0,0,0.05340333
0,0,2.1030175e-05
0,0,0.09920809
0,0,0.007403014
0,0,0.0037580945
0,0,0.39399692
0,0,0.0011380006
0,0,0.07696084
0,0,0.015814934
0,0,1.8129196e-05
0,0,0.49314544
0,0,0.0015608892
0,0,8.41511e-05
0,0,0.28298813
0,0,0.048767097
0,0,0.0011559008
0,0,0.0007947255
0,1,0.53331393
0,0,0.0026678042
0,0,0.00023050672
0,1,0.9382373
0,0,0.00010310212
0,0,0.0007748164
0,0,9.151693e-06
0,0,6.085041e-05
0,1,0.7224781
0,1,0.9284088
0,0,0.29067874
0,0,0.00028685408
0,0,0.00025315638
0,0,4.8704638e-05
0,0,2.2562052e-05
0,0,5.897834e-05
0,0,1.020944e-05
0,0,0.0012668908
0,0,0.0011269539
0,0,0.0008525667
0,0,0.002463007
0,0,0.029619427
0,0,0.010228811
0,0,0.00066800485
0,0,0.00032250723
0,0,0.07899691
0,0,0.01605998
0,0,0.016947424
0,0,0.008933403
0,0,0.001034247
0,0,0.0010817152
0,0,0.0025311115
0,0,0.05170164
0,1,0.6046908
0,0,0.0030101987
0,0,3.433142e-06
0,0,0.021739595
0,0,0.00023597175
0,0,0.050940912
0,0,0.00091640017
0,0,0.004494525
0,0,5.214498e-06
0,0,0.012194133
0,0,0.01335085
0,0,0.000994665
0,0,0.0012868157
0,0,7.2963794e-06
0,0,8.818923e-05
0,1,0.9989778
0,0,0.049497057
0,0,0.0047644526
0,0,0.0018066854
0,0,0.00047009322
0,0,0.021430241
0,0,0.0016941031
0,1,0.96485513
0,0,0.049681157
0,0,0.00034599163
0,0,0.4063024
0,0,0.17307845
0,0,0.016152835
0,0,0.001016244
0,0,0.006641113
0,0,0.00038747612
0,0,0.01107216
0,0,0.0022040892
0,1,0.81815636
0,0,0.0013172914
0,0,2.4490826e-05
0,0,0.00062389387
0,0,0.0018208296
0,0,0.0034564096
0,0,0.0009622126
0,1,0.8938666
0,0,4.9278733e-05
0,0,0.07369626
0,0,0.008412978
0,0,0.024330191
0,0,0.002969445
0,0,0.005630962
0,0,0.017012624
0,0,0.0362883
0,0,0.001734208
0,0,0.011266297
0,0,0.00198004
0,0,0.042722195
0,0,0.00079939206
0,0,0.01048909
0,0,0.0006865099
0,0,0.010032952
0,0,0.027506804
0,0,0.001582342
0,0,0.0145035805
0,0,2.411114e-05
0,0,4.477656e-06
0,0,0.1595445
0,0,0.014009566
0,0,0.0007264875
0,1,0.8621777
0,0,3.535625e-05
0,0,0.17314835
0,0,0.019437954
0,0,0.05921025
0,1,0.99559206
0,0,0.012920473
0,1,0.99964714
0,0,0.016403032
0,0,0.00028685408
0,0,0.06047388
0,0,0.007331598
0,0,2.0383159e-05
0,0,3.6621306e-05
0,0,3.9207694e-06
0,0,0.00381705
0,0,5.3700678e-05
0,1,0.88100195
0,0,0.0009057334
0,0,0.000461005
0,0,7.353605e-06
0,0,0.40689144
0,0,5.4121836e-05
0,0,0.079853736
0,0,0.003524341
0,0,0.00035836728
0,0,0.00035976936
0,0,0.012970388
0,1,0.82523793
0,0,0.005089918
0,0,0.0145035805
0,0,0.008813167
0,0,0.000121957164
0,0,0.043528136
0,0,0.0006798429
0,0,4.198631e-05
0,0,0.00012053649
0,0,1.30071285e-05
0,0,0.00043478046
0,0,0.0003047533
0,1,0.8505307
0,0,0.0043230867
0,1,0.99228936
0,0,0.0006263342
0,0,0.00025315638
0,0,0.0037654138
0,0,0.014742792
0,0,0.0023141266
0,0,0.019308086
0,0,0.41102225
0,0,5.8291265e-05
0,0,0.00013394213
0,0,0.14780103
0,0,6.8275954e-06
0,0,0.00015781863
0,0,0.11621123
0,0,4.4602e-06
0,0,0.00028910325
0,0,0.006837205
0,1,0.9799574
0,0,0.022137718
0,0,0.003907215
0,0,0.113579586
0,0,5.9673515e-05
0,0,0.0005826939
0,0,0.00022960827
0,0,0.0015700475
0,0,0.13089524
0,0,2.1782651e-05
0,1,0.98628414
0,0,0.020332353
0,1,0.7382447
0,0,0.15222119
0,0,4.6656285e-05
0,0,0.001648483
0,0,0.015424551
0,0,0.014145104
0,0,0.009107993
0,0,0.0029292416
0,0,0.0007509956
0,0,0.007907292
0,0,0.0002415663
0,1,0.979784
0,0,1.0249399e-05
0,0,0.002019014
0,0,0.00063992746
0,0,0.017209712
0,0,0.00021070437
0,0,0.0037727477
0,0,0.21841921
0,0,0.0025261848
0,0,4.365878e-05
0,0,0.286269
0,0,0.00064999826
0,0,0.00081355654
0,1,0.74148685
0,1,0.99860877
0,0,0.0031912678
0,0,0.004681822
0,0,0.0065388246
0,0,0.005945599
0,0,0.20418316
0,0,0.0014214043
0,0,0.07551659
0,0,0.021105006
0,0,0.033907957
0,0,1.9602307e-05
0,0,0.0009927261
0,0,0.00086092605
0,0,0.15810935
0,0,0.10420354
0,0,0.005576545
0,0,0.0005452766
0,0,0.00017197855
0,0,0.1431877
0,0,0.006438102
0,0,0.003105456
0,0,0.01335085
0,1,0.68336666
0,0,0.0009057334
0,0,0.05850701
0,0,0.022499971
0,0,0.1612542
0,0,0.0059803305
0,0,1.138944e-05
0,1,0.9988236
0,0,0.00026119032
0,1,0.7939859
0,0,0.00030061635
0,0,0.0042895884
0,0,0.011485952
0,0,0.020804489
0,0,0.00042887926
0,0,0.029619427
0,0,0.003057458
0,0,0.0019916527
0,0,0.06383161
0,1,0.97316426
0,0,0.1160108
0,0,0.00011235327
0,1,0.88171685
0,0,0.19821934
0,0,0.017078074
0,0,0.007562568
0,0,0.0003618828
0,0,2.0145691e-05
0,0,0.3325271
0,0,0.0029065125
0,0,0.00029422855
0,0,0.007360082
0,0,0.0047092056
0,0,1.8342893e-05
0,0,0.0011247573
0,1,0.95869267
0,0,0.0010733063
0,0,0.011309892
0,1,0.5843305
0,0,0.018493311
0,0,4.8704638e-05
0,0,0.052667655
0,0,0.0894546
0,0,0.026556572
0,0,0.03182875
0,0,0.00023968687
0,0,0.0017207356
0,0,3.3737226e-05
0,1,0.9552774
0,0,0.025516603
0,0,0.21568096
0,0,0.0017511968
0,0,0.122838534
0,0,0.14229147
0,0,0.00011866796
0,0,0.00022254554
0,0,0.00017197855
0,0,0.025492331
0,0,3.875091e-06
0,0,0.087641895
0,0,0.0014550629
0,1,0.6858969
0,0,6.553815e-05
0,0,0.13234624
0,1,0.9698712
0,0,0.47340238
0,0,0.00054634205
0,0,0.0007870084
0,0,0.012870749
0,0,0.004494525
0,0,0.000593021
0,0,0.005291605
0,0,0.10613344
0,0,0.0076362165
0,0,0.020844316
0,0,0.033621218
0,0,6.7883055e-05
0,0,0.0014353332
0,0,0.002078915
0,0,0.0038393948
0,1,0.62400717
0,0,0.0005152657
0,0,0.00026221233
0,0,0.00023875263
0,0,0.0003156544
0,0,0.0073743653
0,0,0.030530943
0,0,0.11701602
0,0,0.0030813639
0,0,0.2414894
0,0,0.0013198635
0,0,0.027091904
0,1,0.98134655
0,0,0.3041967
0,0,0.0434469
0,1,0.7589575
0,0,0.11153119
0,0,0.008251599
0,0,6.657017e-05
0,0,6.0963603e-06
0,0,0.0048674173
0,0,0.08819005
0,0,0.00381705
0,0,0.028409066
0,0,0.0001482583
0,0,0.11636176
0,0,0.004239825
0,0,0.007937994
0,0,0.002387409
0,0,0.00013083976
0,0,0.0047092056
0,1,0.86488205
0,0,0.0019608354
0,0,0.0013070537
0,0,0.036562506
0,0,0.012407694
0,0,0.000593021
0,0,0.0019532058
0,0,0.05455022
0,0,0.022999303
0,0,2.1030175e-05
0,0,0.00011866796
0,0,0.003166512
0,0,0.00039899134
0,0,7.031184e-05
0,0,1.6636308e-05
0,0,0.0017891594
0,0,0.38029853
0,0,0.3188562
0,0,0.0037654138
0,0,0.0036570965
0,0,0.017644463
0,0,0.017176708
0,0,0.039490405
0,0,0.0013537587
0,0,0.15278916
0,0,0.00087617995
0,0,0.00010350561
0,1,0.58868223
0,0,3.8080078e-05
0,0,0.052327625
0,0,0.007190812
0,0,0.0016072203
0,1,0.56441367
0,0,0.013742321
0,0,0.010631946
0,0,0.0009235809
0,0,0.007080118
0,0,0.00053578056
0,0,0.004070138
0,0,0.079638734
0,0,0.010189338
0,0,0.022846198
0,0,0.00070277863
0,0,3.0838408e-05
0,0,0.00040211933
0,0,0.05291181
0,0,0.000108049564
0,1,0.7381975
0,0,0.00030594572
0,0,0.3806438
0,0,0.0003187511
0,0,0.103839464
0,0,8.530321e-06
0,0,5.0644718e-05
0,0,0.0006011795
0,0,0.001006378
0,0,3.5218418e-05
0,1,0.92788786
0,0,0.0013327986
0,0,0.0026782178
0,1,0.8358188
0,0,0.07094483
0,0,1.9373934e-05
0,0,0.017409043
0,0,0.0015608892
0,0,0.006050398
0,0,0.009196552
0,0,0.002169992
0,0,0.00010150382
0,0,0.0010202174
0,0,0.0012207953
0,0,0.00029251014
0,1,0.88582915
0,0,0.02211659
0,0,0.081300676
0,1,0.8475266
0,0,0.016625078
0,1,0.50588053
0,0,0.0029636684
0,0,0.01214717
0,0,0.0014866153
0,0,0.028087387
0,0,0.016450368
0,0,0.00063495064
0,1,0.71243227
0,0,1.8129196e-05
0,0,0.005554925
0,0,0.32557416
0,0,0.00088304584
0,1,0.9811307
0,0,0.006463138
0,0,0.008779109
0,0,0.17099196
0,0,3.9135655e-05
0,0,5.9087965e-06
0,0,1.7988115e-05
0,0,0.0008056567
0,1,0.7546439
0,0,0.07913913
0,0,0.00015781863
0,0,0.00013605112
0,0,0.26559463
0,0,0.00039666123
0,0,0.000461005
0,0,0.03182875
0,0,9.553497e-06
0,0,0.33241874
0,1,0.9992489
0,0,0.044514425
0,0,0.039379433
0,0,0.05992141
0,0,0.044472914
0,0,0.031114379
0,0,0.008494837
0,0,0.06125536
0,1,0.503128
0,0,0.0006550929
0,0,0.1284158
0,0,0.008077626
0,0,0.0003138109
0,1,0.9551939
0,0,0.026130756
0,0,0.31515604
0,0,0.10580961
0,0,0.0029810332
0,0,0.025419652
0,0,0.00042971736
0,0,0.054198727
0,0,0.061143138
0,0,0.07416429
0,0,0.0002673826
0,0,0.021409772
0,0,0.00026530237
0,0,0.12252322
0,0,0.0003521251
0,0,0.055208683
0,1,0.99559206
0,0,7.7524135e-05
0,0,1.005116e-05
0,0,0.0009622126
0,0,0.0039607873
0,0,0.0061570317
0,0,0.0007408056
0,0,0.064653486
0,0,0.00062755786
0,1,0.82664186
0,0,0.007651032
0,0,0.00809329
0,0,2.8409744e-05
0,1,0.6706622
0,0,0.00478301
0,0,0.0011763748
0,0,0.02138932
0,0,0.026180506
0,0,0.0038920413
0,0,1.8999219e-05
0,0,0.25506523
0,0,0.0039224476
0,0,0.016866265
0,0,0.12226098
0,0,0.17809659
0,0,0.045649473
0,0,1.7848133e-05
0,0,0.0016613906
0,0,0.0017207356
0,0,0.004198795
0,0,0.022521459
0,0,0.0010242065
0,0,0.0030515103
0,0,0.073963374
0,0,0.005374487
0,0,0.00017064043
0,0,0.0766838
0,0,0.0006771942
0,0,4.1899716e-06
0,0,8.1881444e-05
0,0,0.15578355
0,0,0.0014381354
0,0,0.008610767
0,0,0.01217063
0,1,0.95934516
0,0,0.00045297577
0,0,0.0011902251
0,0,0.026081098
0,0,0.04208773
0,0,0.0007082866
0,0,0.054802597
0,0,0.00023968687
0,0,0.061199225
0,0,0.12163357
0,0,9.761566e-05
0,0,0.12738101
0,0,0.00043139848
0,0,0.12522575
0,0,1.7299015e-05
0,1,0.7799929
0,0,0.00087789143
0,0,0.005968731
0,0,5.3910844e-05
0,0,0.09568694
0,0,6.9492744e-05
0,0,0.014899643
0,0,0.03197956
0,0,0.026155619
0,0,0.0023231625
0,0,0.00021824207
0,0,0.0019267346
0,0,7.936242e-05
0,0,0.14761661
0,0,0.0049149487
0,0,0.02732453
0,0,0.00581996
0,0,0.008267597
0,0,0.0013147246
0,0,0.0025016968
0,0,2.8632558e-05
0,1,0.80494314
0,0,0.00047101182
0,0,0.029340029
0,0,0.004609572
0,0,0.088820286
0,0,0.0077255345
0,0,0.0019117693
0,0,0.0058539603
0,0,0.30787802
0,0,0.011984203
0,0,0.00032125026
0,0,0.00085590064
0,0,0.0715912
0,0,0.00061064085
0,0,0.10875559
0,0,0.013415324
0,0,0.0493136
0,0,0.016106343
0,0,0.00038975227
0,0,0.0010546242
0,0,0.0009640919
0,0,0.0020308546
0,0,0.0067843576
0,0,0.14187486
0,0,1.736672e-05
0,0,0.0022783307
0,0,0.00038147118
0,0,0.0011181936
0,0,0.040807474
0,0,0.012123755
0,0,0.00019335657
0,0,0.00074370287
0,0,0.0001097509
0,0,0.02678473
0,0,0.004991961
0,0,0.00068785116
0,0,0.0015457438
0,0,0.00025315638
0,0,7.368593e-05
0,1,0.6309408
0,0,0.0002074384
0,0,7.226082e-05
0,0,0.019681409
0,1,0.81909883
0,0,0.001092319
0,0,0.00041165142
0,0,0.0005692035
0,0,1.9679026e-05
0,0,0.00019110434
0,0,0.013273888
0,0,0.00015416334
0,0,0.010408315
0,0,0.0034631437
0,1,0.9555686
0,0,0.0011008767
0,0,0.0015247865
0,0,0.15980658
0,0,0.4176871
0,0,0.00039977106
0,0,0.0013327986
0,0,0.0019342612
0,0,0.019813737
0,0,0.07850098
0,0,0.07030384
0,0,0.054148693
0,0,0.005291605
0,0,0.0012743262
0,0,0.037750274
0,0,0.00072365726
0,0,0.0010382907
0,0,0.10221505
0,0,0.0019006216
0,0,0.020824393
0,1,0.76180446
0,0,0.023779985
0,0,2.642586e-06
0,0,0.0004592085
0,0,1.9148227e-05
0,0,0.042922337
0,0,0.42697105
0,0,0.006121282
0,0,0.0003507528
0,0,0.044265877
0,1,0.74400586
0,0,0.009878942
0,0,0.00046280847
0,0,0.0019456057
0,0,0.19223589
0,0,0.010248601
0,0,0.009485713
0,0,2.1278069e-05
0,0,0.004848533
0,0,0.15077755
0,0,0.005945599
0,0,0.00011637299
0,0,0.00090220553
0,0,0.004485795
0,0,0.00012731104
0,0,0.0059571536
0,1,0.83141696
0,0,0.0026626128
0,0,4.6474397e-05
0,0,0.0008509045
0,0,0.01243165
0,0,0.1826441
0,1,0.7825794
0,0,0.000994665
0,0,5.4333646e-05
0,0,0.07211221
0,0,0.009936419
0,0,1.2956419e-05
0,0,0.00011866796
0,1,0.6959067
0,0,0.00066670234
0,0,0.0005680935
0,0,1.709748e-05
0,0,0.2174206
0,0,0.00011501735
0,0,0.003794834
0,0,7.4263815e-05
0,0,0.00032376905
0,0,3.8528935e-05
0,1,0.5447484
0,0,0.0015247865
0,0,0.0012303581
0,0,0.11976801
0,0,0.0055012386
0,0,4.6017813e-06
0,0,0.003045574
0,0,8.448042e-05
0,1,0.7451203
0,0,0.004582765
0,0,0.004416556
0,0,0.022011233
0,0,0.0042895884
0,1,0.8831352
0,0,0.021843683
0,0,0.0033115193
0,0,0.00040290525
0,0,0.0044597047
0,0,0.00079317606
0,0,0.012194133
0,0,0.019475214
0,0,0.0035518843
0,0,0.040654853
0,0,0.036322467
0,0,0.036117923
0,0,0.07992552
0,1,0.6326446
0,0,0.0063883206
0,0,0.00032187812
0,0,0.15115306
0,0,0.0010817152
0,0,5.317344e-06
0,0,0.0056969603
0,0,0.0005452766
0,1,0.6327581
0,0,0.06524657
0,0,0.1126001
0,0,0.028980628
0,0,3.7197988e-05
0,0,0.012870749
0,0,0.00055711175
0,0,0.00062755786
0,0,0.008627457
0,0,0.003021945
0,0,0.11308892
0,0,0.108377546
0,0,0.10697014
0,0,0.00028629453
0,1,0.9630224
0,0,0.0008279719
0,0,0.00017332718
0,0,0.012920473
0,0,0.0127472645
0,0,1.757143e-05
0,0,0.00016997529
0,0,0.014036571
0,1,0.93257624
0,0,9.6478514e-05
0,1,0.864825
0,0,6.735481e-05
0,0,0.008283627
0,0,0.011485952
0,0,0.019531237
0,0,0.00040133507
0,0,0.017526364
0,0,0.12819734
0,0,6.402007e-05
0,0,0.0109234555
0,0,0.0041259355
0,0,0.0014664584
0,0,0.001006378
0,0,0.000104725565
0,0,0.05942822
0,0,0.0016135006
0,0,0.118487075
0,0,1.4229825e-05
0,0,7.616726e-06
0,1,0.7794058
0,0,0.014756983
0,0,0.0020348171
0,0,0.00025514138
0,0,0.28881976
0,0,0.0012327607
0,0,0.0016711376
0,0,0.0010817152
0,0,0.00042140935
0,0,0.0006094501
0,0,0.000493605
0,0,0.035111744
0,0,0.03085051
0,0,0.06354045
0,1,0.5896573
0,0,0.0017856744
0,0,0.033431366
0,0,0.014899643
0,1,0.99969935
0,1,0.95068645
0,0,0.06233104
0,0,0.0021405893
0,0,0.015998371
0,0,0.00016931271
0,0,0.0039224476
0,0,2.753569e-05
0,0,0.006641113
0,0,0.004895881
0,0,0.000100714
0,0,0.020645931
0,0,0.00047749258
0,0,0.3202364
0,0,0.005922557
0,0,0.19544049
0,0,0.00783105
0,0,0.010448625
0,0,0.014756983
0,0,1.41743485e-05
0,0,0.009708476
0,0,0.070495576
0,0,0.0018031665
0,0,7.8132114e-05
0,0,0.0006706176
0,0,0.0016613906
0,0,0.0077555366
0,0,0.1205423
0,1,0.9997209
0,0,0.045948207
0,0,0.005876738
0,0,9.0988404e-05
0,0,0.11656273
0,0,0.02576056
0,0,0.008864499
0,1,0.99990654
0,0,0.20946968
0,0,0.006475691
0,0,0.13398077
0,0,0.011266297
0,0,6.477467e-05
0,0,0.002828336
0,0,0.0007748164
0,0,6.278188e-05
0,0,0.00047009322
0,1,0.8076883
0,0,0.20134169
0,0,0.05276519
0,0,0.0005142608
0,0,0.0011160143
0,0,0.010150015
0,0,1.9756046e-05
0,0,0.00036472004
0,0,0.0012351678
0,0,0.0012018913
0,0,0.07075197
0,0,0.0029868432
0,0,0.09842542
0,0,2.8078768e-05
0,0,0.021044565
0,1,0.5585678
0,0,0.41894946
0,0,0.04050277
0,0,0.0010608153
0,0,0.00014202362
0,0,0.00020988309
0,0,0.0003466678
0,0,0.0016040892
0,0,0.00012387747
0,0,0.007066401
0,0,0.000532652
0,0,1.6187581e-05
0,0,0.00022871332
0,0,2.596867e-05
0,1,0.9014011
0,0,0.0005884088
0,0,0.06928941
0,0,0.04196977
0,0,0.006314365
0,0,0.017610641
0,0,0.007937994
0,0,0.021656675
0,0,0.01936364
0,0,0.00059766934
0,0,0.09276993
0,0,0.0023459073
0,0,0.00093263603
0,0,0.012264914
0,0,0.016882466
0,0,0.094426885
0,0,0.39172584
0,1,0.5956837
0,0,0.00034062934
0,0,0.3728762
0,1,0.56339294
0,0,0.0019342612
0,0,0.0016103574
0,0,0.022802636
0,0,0.26100117
0,0,2.0303694e-05
0,0,0.008061991
0,0,0.074231364
0,0,0.011463797
0,0,0.0072047687
0,0,2.5268228e-05
0,0,7.858505e-06
0,0,0.0038096302
0,0,0.48154908
0,0,4.4428116e-06
0,0,0.03132112
0,0,0.0012594985
0,0,0.059047267
0,0,0.001648483
0,1,0.67875296
0,0,0.014842417
0,0,0.0001788282
0,0,0.0011855904
0,0,0.00042637467
0,0,0.0005625758
0,0,0.07382972
0,0,0.00075836
0,0,0.002199798
0,0,0.0146720335
0,0,0.0009491592
0,0,0.0020348171
0,0,0.00023875263
0,0,2.497385e-05
0,0,0.21992333
0,0,0.007891985
0,0,0.12226098
0,0,0.0003327413
0,0,0.23943824
0,0,0.050470848
0,0,0.0019192374
0,0,0.22160326
0,0,0.0077856546
0,0,0.004895881
0,1,0.6265527
0,0,4.5220888e-05
0,0,0.016466174
0,0,0.0019916527
0,0,0.0077255345
0,0,0.0009528706
0,0,1.6061611e-05
0,0,7.52799e-06
0,0,0.0019380354
0,0,0.010509384
0,0,0.03989989
0,0,2.497385e-05
0,0,0.0007422528
0,0,0.0007041515
0,0,0.041539967
0,0,6.156765e-05
0,0,0.0044683837
0,0,0.0010005045
0,0,0.2699025
0,0,0.00012632042
0,0,0.000121957164
0,0,0.07243961
0,0,0.0012668908
0,0,2.1030175e-05
0,0,0.012264914
0,0,0.009467379
0,0,0.007846238
0,0,0.00033079798
0,0,0.0035796429
0,0,0.013821961
0,0,0.15482272
0,0,0.1786691
0,0,0.0041420166
0,0,5.583975e-05
0,0,0.14657521
0,0,0.004256349
0,0,0.0003156544
0,0,2.1822405e-06
0,0,0.00088649895
0,0,0.039121646
0,0,0.0020507437
0,0,0.00020662982
0,0,9.4612624e-05
0,0,0.0026522595
0,0,0.0005043191
0,0,0.32076812
0,0,0.28323585
0,0,0.08232769
0,1,0.50253296
0,0,0.0067843576
0,0,0.0026574312
0,0,0.0025608707
0,0,0.0010859445
0,0,0.00014482439
0,0,0.003166512
0,0,0.0015700475
0,0,0.0003089472
0,0,0.30564553
0,0,0.00017265153
0,0,0.007984269
0,0,0.0032666994
0,0,0.2285006
0,0,1.5874492e-05
0,0,0.0018858586
0,0,6.0613187e-05
0,0,0.010013569
0,0,3.3214194e-05
0,0,0.007937994
0,0,0.01189205
0,1,0.91505283
0,0,0.016152835
0,0,0.0013070537
0,0,0.0007687913
0,0,0.0019154999
0,0,0.020312909
0,0,0.0001634647
0,0,1.12128655e-05
0,1,0.8822758
0,0,0.00023322323
0,0,0.01046884
0,1,0.9981969
0,0,0.00051829213
0,0,0.092687786
0,0,0.17989045
0,0,0.0026419468
0,0,0.0070254076
0,0,0.000107208805
0,0,0.07751766
0,0,0.0064131636
0,0,0.000522355
0,0,0.026205413
0,0,0.0013327986
0,1,0.7636601
0,0,0.49247032
0,0,0.103839464
0,1,0.9859904
0,1,0.6802417
0,0,0.000104725565
0,0,4.70222e-05
0,0,0.0003275843
0,0,0.008030812
0,0,0.031858858
0,0,1.2805474e-05
0,0,0.11481439
0,1,0.59366816
0,0,0.2132133
0,0,6.908076e-06
0,0,0.00818791
0,0,0.11813053
0,0,0.0013276093
0,0,0.0039839703
0,0,0.18293586
0,0,0.38644502
0,0,0.14934519
0,0,0.0043823365
0,0,0.09990845
0,0,0.040883996
0,0,0.0045384313
0,0,0.014545513
0,0,0.026861202
0,0,0.00015476662
0,0,0.00097354373
0,0,0.04611975
0,0,7.5870316e-06
0,0,0.0012424174
0,0,0.062388137
0,0,0.032283258
0,0,0.060584944
0,0,0.0024296434
0,0,0.010150015
0,0,0.35826886
0,0,9.954076e-05
0,0,0.00022871332
0,0,2.195349e-05
0,1,0.67077005
0,0,2.5367122e-05
0,0,0.001690803
0,0,3.3275157e-06
0,0,0.037750274
0,0,0.0019418169
0,0,7.2395987e-06
0,0,0.00060589175
0,0,0.069985375
0,0,0.00014653131
0,0,4.4346274e-05
0,0,1.7848133e-05
0,1,0.84273374
0,0,0.0005193048
0,0,0.010268431
0,0,0.011574996
0,0,0.003707253
0,0,0.000522355
0,0,0.0077255345
0,0,0.00088823045
0,1,0.51658404
0,0,0.00091640017
0,0,0.01096574
0,1,0.59995395
0,0,1.0492454e-05
0,0,0.006003596
0,0,0.009020279
0,0,0.00012148176
0,0,0.000118205375
0,0,0.10411242
0,0,0.3751054
0,0,0.010013569
0,0,0.0004036926
0,0,0.0021447653
0,0,0.07531231
0,0,0.0003077431
0,0,0.0002874147
0,0,7.706509e-06
0,0,1.6964426e-05
0,0,0.04107589
0,0,0.00019110434
0,0,0.00019640088
0,0,0.0051296344
0,0,0.00037850367
0,0,0.12059408
0,0,0.20473911
0,0,0.00022081405
0,0,0.0072468016
0,0,0.001563936
0,0,5.6719044e-05
0,0,0.13834533
0,0,1.9373934e-05
0,0,2.0704138e-05
0,0,0.00040133507
0,0,0.03846619
0,0,0.001582342
0,0,0.001477943
0,0,0.004663655
0,0,0.00025714198
0,0,0.07606381
0,0,0.010818449
0,0,0.0012594985
0,0,0.0068107313
0,0,0.00015598026
0,0,0.0024822769
0,0,0.00012243443
0,0,0.052570295
0,0,0.00062389387
0,0,0.28288907
0,0,0.042443503
0,0,0.00026895344
0,0,0.035177976
0,0,9.42438e-05
0,0,0.21272226
0,0,0.0036428906
0,0,0.0005680935
0,0,0.000771798
0,0,4.593298e-05
0,0,0.008030812
0,0,0.000872767
0,0,0.005554925
0,0,8.463938e-06
0,0,0.003476651
0,0,0.00025414696
0,0,1.0533521e-05
0,0,0.0001172856
0,0,7.440287e-06
0,0,0.04885778
0,0,0.027663978
0,0,0.03704717
0,0,0.001264422
0,0,0.00027053355
0,0,0.00055385876
0,0,6.735481e-05
0,0,4.710909e-06
0,0,0.08028533
0,0,3.400182e-05
0,0,0.43920606
0,0,3.5773002e-05
0,0,0.015952317
0,0,0.009859855
0,1,0.9871293
0,0,0.003422935
0,0,0.0017683518
0,0,0.003572683
0,0,0.18293586
0,0,0.00015296381
0,0,0.0013511209
0,1,0.81397885
0,0,0.0029178553
0,0,0.089534186
0,1,0.7972413
0,0,0.0009966077
0,0,0.16606592
0,0,0.00046826137
0,0,0.0003089472
0,1,0.8821236
0,0,4.3488577e-05
0,0,5.214498e-06
0,0,0.0011740823
0,0,0.009161026
0,0,0.015029197
0,0,0.0064882697
0,0,0.00013819334
0,0,0.0022650503
0,0,0.020744892
0,0,0.0015337331
0,0,0.21609424
0,0,0.000453861
0,0,0.00015356239
0,0,4.0220493e-05
0,0,0.0012843083
0,0,0.0010005045
0,0,0.006302122
0,0,0.14878775
0,0,0.11576064
0,1,0.99108386
0,0,0.0011380006
0,0,9.3145936e-05
0,0,9.590888e-06
0,0,0.00047285447
0,0,0.0007264875
0,0,0.049267832
0,0,0.0035657366
0,1,0.99997115
0,0,0.0007293288
0,0,0.0002074384
0,0,0.0019646615
0,0,0.025736062
0,0,0.00046826137
0,0,0.020332353
0,0,0.007968815
0,0,0.00014257943
0,0,0.00036973885
0,0,0.020274078
0,0,0.00030179258
0,0,0.026708465
0,0,0.0051396107
0,0,0.0010838277
0,1,0.9931629
0,0,4.215063e-05
0,0,0.006731917
0,0,0.13039613
0,0,0.0016040892
0,0,0.0019342612
0,0,8.888084e-05
0,1,0.975249
0,0,0.011093566
0,0,0.041230027
0,0,0.0006424304
0,0,0.0040464555
0,0,0.00026634047
0,0,0.018229289
0,0,0.012552118
0,0,0.00088823045
0,0,0.0012089458
0,0,0.00024729344
0,0,0.0135061005
0,1,0.6402986
0,0,0.3197583
0,0,0.00078088854
0,0,0.003976228
0,0,0.00809329
0,0,0.0032350558
0,1,0.5437568
0,0,0.16284546
0,0,0.009802816
0,0,2.6377607e-05
0,0,0.008898884
0,0,0.103476524
0,0,0.0010880652
0,0,2.4344647e-06
0,0,0.21883628
0,0,0.00066410477
0,0,0.10293422
0,0,0.00014596009
0,0,0.06992183
0,0,0.0001760562
0,0,0.008283627
0,0,0.00053892744
0,0,0.06365676
0,0,0.00381705
0,0,9.761566e-05
0,0,0.0012693644
0,0,0.0017580388
0,0,0.00021152887
0,0,0.0026834398
0,0,0.0006811711
0,0,0.00012731104
0,0,0.12069767
0,0,1.9638046e-06
0,0,0.049543016
0,0,0.00065765524
0,1,0.5286551
0,0,0.00030415886
0,0,0.0014353332
0,1,0.95331854
0,0,0.0019646615
0,0,0.016817752
0,0,0.00010032139
0,0,4.4694072e-05
0,0,0.40242144
0,0,0.0009092752
0,0,0.004239825
0,0,0.0031236487
0,0,1.0370215e-05
0,0,0.0035936027
0,0,0.14199378
0,0,0.0011717941
0,0,0.00069867563
0,0,0.00014091855
0,0,0.0019192374
0,0,6.841543e-05
0,0,0.012870749
0,0,0.0067188703
0,0,0.00039821307
0,0,0.0005815577
0,0,0.17504396
0,0,9.00981e-06
0,0,0.09816574
0,0,0.003802225
0,0,0.021044565
0,0,0.0032224844
0,0,0.00017813111
0,0,0.00061662967
0,0,0.0004888105
0,0,0.0002726548
0,0,0.003045574
0,0,0.001092319
0,0,8.23564e-06
0,0,4.70222e-05
0,0,0.00022254554
0,0,8.7503e-05
0,0,0.0061094104
0,0,7.1273603e-06
0,0,0.14384793
0,0,0.0019646615
0,0,0.0018785202
0,0,0.008916127
0,1,0.74991226
0,0,0.02590802
0,0,0.04001227
0,0,0.013402404
0,0,6.0963603e-06
0,0,6.657017e-05
0,0,0.0007839425
0,1,0.99187535
0,0,0.44721133
0,0,0.01335085
0,0,0.008711384
0,0,8.317078e-05
0,0,0.008364238
0,0,0.0921962
0,0,4.841499e-06
0,0,0.028544152
0,0,0.00048217614
0,0,0.05320621
0,0,0.007232764
0,0,0.0030994155
0,0,0.00571913
0,0,2.9197266e-05
0,0,0.00010554686
0,0,0.17009403
0,0,0.0014607495
0,0,0.0006945966
0,0,0.00049650425
0,1,0.9230392
0,0,0.018978037
0,1,0.96992815
0,0,0.00016997529
0,0,0.03374837
0,0,0.01936364
0,0,0.08889936
0,0,0.08173938
0,0,0.00027803096
0,1,0.8034052
0,0,0.068912506
0,0,0.05449988
0,0,0.020944208
0,0,0.15934817
0,1,0.78099674
0,0,0.00015000565
0,0,0.020944208
0,0,0.018671406
0,0,0.016029146
0,0,0.338405
0,1,0.9916358
0,1,0.93913656
0,0,0.029118354
0,0,0.0037654138
0,0,0.00705271
0,0,0.25349125
0,0,0.1336412
0,0,0.055617616
0,0,0.29624692
0,1,0.85729086
0,1,0.80950195
0,1,0.8104039
0,0,0.11143445
0,0,0.07538034
0,1,0.66137636
0,0,0.07185127
0,1,0.8671483
0,0,0.022392828
0,0,0.0022083889
0,0,0.0064131636
0,1,0.9952077
0,1,0.99630713
0,0,0.037892424
0,0,0.0074173803
0,0,0.015043661
0,1,0.8558512
0,0,0.23048648
0,0,0.18374003
0,0,0.15178064
0,0,0.025809621
0,0,0.0016009645
0,1,0.91700584
0,0,0.0011832798
0,0,0.07409725
0,0,0.14688087
0,0,0.00519988
0,0,0.005544146
0,1,0.8427984
0,1,0.98050606
0,1,0.85627234
0,0,0.049085185
0,1,0.5753196
0,0,0.0060386634
0,0,0.25229192
0,0,0.003254005
0,0,0.49620065
0,0,0.000235052
0,0,0.006679879
0,0,0.23178807
0,0,0.03591449
0,0,0.042403832
0,0,0.0005420927
0,0,0.00020662982
0,0,0.006253385
0,1,0.60798323
0,0,0.0843418
0,0,0.009268014
0,0,0.0048579657
0,0,0.022911694
0,0,0.00036543285
0,1,0.8427984
0,1,0.98365986
0,0,0.00047563188
0,0,0.021105006
0,0,0.00043139848
0,0,0.008813167
0,0,0.017917344
0,0,0.17989045
0,0,0.19261527
0,0,0.04858621
0,0,0.25460163
0,1,0.7676898
0,1,0.6440572
0,0,0.011093566
0,0,0.13869494
0,0,0.08756384
0,0,0.3811044
0,0,0.08050193
0,0,0.3038867
0,0,0.06941547
0,0,0.13072868
0,0,0.003476651
0,0,0.0010880652
0,0,0.0824015
0,0,0.024191486
0,0,0.07068779
0,1,0.81589353
0,1,0.80201334
0,1,0.8175016
0,1,0.66285104
0,1,0.9795506
0,0,0.20102783
0,0,0.09920809
0,0,0.0049533066
0,0,0.020924192
0,0,0.03317983
0,0,0.0001830682
0,0,0.0051296344
0,0,0.038683496
0,0,0.17203271
0,1,0.95239735
0,0,0.3777989
0,0,0.0023006375
0,1,0.9214283
0,0,0.0021157034
0,0,0.054651037
0,0,0.035880696
0,0,0.0022126965
0,1,0.99256825
0,1,0.97583157
0,0,0.3403207
0,0,0.19095021
0,0,0.07654563
0,0,0.0040622284
0,0,0.29849136
0,0,0.20689406
0,0,0.0011809737
0,0,0.008950711
0,0,0.11328497
0,1,0.6005398
0,1,0.88156396
0,1,0.5154713
0,0,0.0069711166
0,0,0.06494939
0,0,0.21833585
0,0,0.036117923
0,0,0.003449689
0,1,0.6932653
0,0,0.0015129383
0,0,0.026155619
0,0,0.010091315
0,0,0.018996224
0,0,0.0018530595
0,0,0.0005043191
0,0,0.0018350843
0,1,0.51041263
0,0,0.068912506
0,0,0.00015296381
0,0,0.0037800956
0,1,0.63338196
0,1,0.874988
0,0,0.46719643
0,1,0.8468945
0,0,0.034979645
0,0,0.19246346
0,0,0.35331663
0,0,0.010755925
0,0,0.23423146
0,0,0.0012018913
0,1,0.6758181
0,1,0.55752915
0,0,0.003586616
0,1,0.85542893
0,0,2.8520933e-05
0,0,0.008445628
0,1,0.943608
0,0,0.28761774
0,0,0.0008312098
0,0,0.24104246
0,0,0.00018522574
0,0,0.05470151
0,0,4.198631e-05
0,1,0.98365986
0,0,0.008985428
0,0,0.2694217
0,0,0.09073549
0,1,0.9650533
0,0,0.3807589
0,0,0.37088025
0,1,0.9792749
0,0,0.1631119
0,0,0.001530745
0,1,0.72956795
0,0,0.19713514
0,0,0.01102947
0,0,0.001092319
0,1,0.8507789
0,1,0.5732903
0,1,0.83748704
0,1,0.9986594
0,1,0.9874721
0,1,0.99975556
0,1,0.992062
0,0,0.016371552
0,0,0.037012346
0,0,0.014700297
0,0,0.3683489
0,1,0.9995678
0,1,0.78108025
0,0,0.4622682
0,0,0.00065765524
0,0,0.0043230867
0,0,0.013768816
0,0,0.14187486
0,0,0.0008199321
0,0,0.0015041127
0,0,0.29022592
0,0,0.25701842
0,0,0.00074806996
0,0,0.015000313
0,1,0.96814114
0,1,0.94639885
0,0,0.03007184
0,0,0.0019456057
0,0,0.11422024
0,0,0.17455094
0,0,0.08042966
0,0,0.026006784
0,0,0.0005647765
0,0,0.16377953
0,0,0.09842542
0,0,0.0004124559
0,1,0.590425
0,1,0.97386926
0,0,0.10438598
0,0,0.003476651
0,0,0.1769559
0,0,0.28601965
0,0,0.023621807
0,0,0.18227993
0,1,0.765418
0,0,0.42530686
0,0,0.03191915
0,0,0.15310544
0,0,0.38751647
0,1,0.88769233
0,0,0.0059803305
0,0,0.00029137006
0,1,0.6504673
0,0,0.004030743
0,0,0.13834533
0,0,0.0111580305
0,0,0.007149102
0,0,0.004886375
0,1,0.99225944
0,1,0.9459013
0,1,0.8433153
0,1,0.99907815
0,0,0.0077705807
0,1,0.69336915
0,0,0.0013224405
0,0,0.011050795
0,0,0.4443387
0,0,0.009090384
0,0,0.0025658647
0,0,0.14903529
0,0,0.050705362
0,0,0.056756895
0,1,0.83318895
0,1,0.7439129
0,0,0.00014202362
0,0,0.4230706
0,0,0.48488316
0,0,0.12447884
0,0,0.107250325
0,0,0.03237491
0,0,0.033716537
0,1,0.82580054
0,0,0.0068239546
0,0,0.13268304
0,0,0.0275591
0,0,0.07257096
0,0,0.00038521324
0,0,0.14151855
0,0,0.0046185427
0,0,0.0002018442
0,0,0.0033244372
0,0,0.025540898
0,0,0.06699522
0,1,0.7150759
0,0,0.005312205
0,1,0.9363432
0,0,0.3259495
0,0,0.050190788
0,0,0.0001760562
0,0,0.00038747612
0,0,0.00037118545
0,0,0.49894717
0,0,0.3630821
0,0,0.00015476662
0,0,0.00818791
0,0,0.0037654138
0,0,0.019032659
0,0,0.117825665
0,1,0.94815457
0,0,0.22084615
0,1,0.7300494
0,0,0.013636835
0,0,0.091220066
0,1,0.5488851
0,0,0.0077705807
0,1,0.8733229
0,0,0.24400252
0,1,0.7345482
0,0,0.001999432
0,1,0.8957053
0,0,0.00024536948
0,0,0.005080037
0,0,0.010631946
0,0,0.00047101182
0,1,0.8093514
0,0,0.0069711166
0,0,0.11027937
0,1,0.7100255
0,0,0.005831272
0,1,0.8753081
0,0,0.003678509
0,0,0.042483203
0,1,0.90414387
0,0,0.010348136
0,0,0.15713686
0,0,0.002601094
0,0,0.018743115
0,0,0.004256349
0,0,0.000125828
0,0,0.0037654138
0,1,0.98395544
0,0,0.013096004
0,0,0.004876887
0,1,0.8454964
0,0,0.01919745
0,0,0.29082978
0,0,0.002601094
0,1,0.7831604
0,0,0.0037654138
0,1,0.99066
0,0,0.00080251833
0,1,0.8101036
0,0,0.25711167
0,0,0.0362883
0,0,0.24220563
0,0,0.05587464
0,0,0.031768616
0,0,0.054600604
0,1,0.50545484
0,1,0.87615836
0,1,0.89358836
0,0,0.09973295
0,1,0.9970708
0,0,0.006576998
0,1,0.9430336
0,1,0.8470844
0,0,0.0056969603
0,0,0.005652876
0,0,0.23196201
0,0,0.00047009322
0,1,0.9807103
0,0,0.33502442
0,0,0.055463932
0,0,0.003831932
0,0,0.38499886
0,0,0.0037800956
0,0,0.0067843576
0,1,0.87705624
0,0,0.03452106
0,0,0.26736033
0,0,0.23757592
0,0,0.087019205
0,0,0.2946207
0,0,0.32300627
0,0,0.08064662
0,1,0.92905515
0,0,0.0047092056
0,0,5.605829e-05
0,0,0.034293946
0,0,0.005089918
0,0,0.020665687
0,0,0.055617616
0,0,0.021348475
0,0,0.06935242
0,0,0.005169658
0,0,0.026006784
0,1,0.9103862
0,0,0.0074317735
0,0,0.005876738
0,1,0.99942964
0,1,0.8505307
0,0,0.058830604
0,0,0.0095224865
0,0,0.15109043
0,0,0.11417084
0,0,0.023065226
0,0,0.0019192374
0,0,0.0023413405
0,0,0.004093958
0,0,0.080574244
0,0,0.0027308967
0,0,0.019437954
0,0,0.47968838
0,0,0.06336634
0,0,0.2644533
0,0,0.2567388
0,0,0.15507847
0,1,0.63267297
0,0,0.048496004
0,0,0.0017140384
0,0,0.042166542
0,0,0.008677716
0,0,0.023021257
0,0,0.03465149
0,0,0.36460787
0,1,0.9883802
0,0,0.042842176
0,1,0.97984195
0,0,0.30167055
0,0,2.9083441e-05
0,1,0.58767694
0,0,0.061199225
0,0,0.032222297
0,1,0.9722835
0,0,0.20307463
0,0,0.15443976
0,0,0.1390453
0,1,0.7899638
0,0,0.0930168
0,0,0.0062170783
0,0,0.091625646
0,0,0.096620515
0,0,0.08144666
0,0,0.007815888
0,1,0.8722386
0,0,0.002736221
0,1,0.99668854
0,0,0.0028727478
0,0,0.05170164
0,0,0.0008525667
0,0,0.003692853
0,1,0.6728693
0,0,0.0004140695
0,0,0.004494525
0,0,0.00045297577
0,1,0.73177797
0,0,0.038538497
0,0,0.0016549241
0,0,0.026305282
0,0,0.0040543335
0,0,0.014172365
0,0,0.22893131
0,0,0.00073648075
0,0,0.0037654138
0,0,0.029986506
0,1,0.9770007
0,0,0.020100236
0,0,0.0040072887
0,0,0.06687324
0,0,0.0074606435
0,0,0.06632688
0,1,0.6964747
0,0,0.3523689
0,1,0.8695485
0,0,0.04177388
0,1,0.7129822
0,1,0.99482024
0,1,0.9094255
0,0,0.06441766
0,1,0.75770473
0,0,0.045522
0,0,0.15947905
0,0,0.02178117
0,0,0.0036287403
0,0,0.22704059
0,1,0.8342719
0,1,0.8127931
0,0,0.012624948
0,0,0.04138472
0,0,0.28288907
0,1,0.54897577
0,1,0.67923194
0,0,0.19775414
0,0,0.0109234555
0,0,0.3246635
0,0,0.049405243
0,1,0.75725627
0,0,0.06412401
0,1,0.9608783
0,1,0.95787287
0,0,0.2952299
0,0,0.003254005
0,0,0.09227797
0,0,0.0009181901
0,0,0.0033179715
0,0,0.00044421837
0,0,0.31626368
0,0,0.17902765
0,0,0.006302122
0,0,0.0996453
0,1,0.97175217
0,1,0.9500878
0,0,0.006984649
0,0,0.02237146
0,0,0.0039148238
0,1,0.98303634
0,0,0.24445318
0,0,0.007218753
0,0,0.030185984
0,1,0.90312344
0,1,0.98544043
0,0,0.0037434977
0,0,0.013273888
0,0,0.23309478
0,0,0.0029636684
0,1,0.87434566
0,0,0.101767845
0,0,0.053700306
0,0,0.0026470984
0,0,0.0018350843
0,0,0.26588047
0,0,0.00081673806
0,0,0.39128962
0,1,0.9680808
0,1,0.9035498
0,0,0.006438102
0,0,0.062617026
0,1,0.9026096
0,0,0.0017683518
0,0,0.012970388
0,1,0.9605466
0,0,0.00030179258
0,1,0.9985134
0,0,0.060252324
0,0,0.00057703455
0,0,0.012870749
0,0,0.0003867204
0,0,0.049176432
0,1,0.8805405
0,0,0.11235639
0,1,0.8395367
0,0,0.00061662967
0,1,0.90523857
0,0,0.0012570443
0,0,0.11191885
0,0,0.24771434
0,0,0.015573562
0,0,0.021165619
0,0,0.3106421
0,1,0.61001796
0,0,0.027350498
0,0,0.01324833
0,0,0.0067712096
0,1,0.9837225
0,0,0.00014202362
0,0,0.1384618
0,0,0.07723878
0,0,0.007218753
0,0,2.8520933e-05
0,0,0.024563087
0,0,0.028034119
0,0,0.0017580388
0,0,0.0013121625
0,1,0.8641959
0,0,0.0026419468
0,0,0.00286158
0,0,0.0058426056
0,0,0.0017683518
0,0,0.28120816
0,0,0.36313862
0,0,0.012053779
0,0,0.22979437
0,0,0.19574778
0,0,0.011331754
0,1,0.5241739
0,0,0.017375665
0,0,0.033621218
0,1,0.684264
0,0,0.18126322
0,0,0.0015608892
0,1,0.9592307
0,1,0.9719925
0,0,0.08787644
0,0,0.037928045
0,0,0.0012843083
0,0,0.020824393
0,0,0.009596455
0,0,0.023264103
0,0,0.054098696
0,0,0.004895881
0,0,0.0058653387
0,0,0.04972728
0,0,0.028194217
0,0,0.0025311115
0,1,0.54082537
0,0,0.19436781
0,0,0.015218292
0,0,0.14080817
0,0,0.001976184
0,1,0.9801293
0,0,0.15817435
0,1,0.8878869
0,0,0.004792317
0,0,0.37897608
0,0,0.051130094
0,0,0.23370637
0,1,0.691289
0,0,0.03608394
0,1,0.9631613
0,0,0.004425152
0,0,0.059701744
0,0,0.0009640919
0,0,0.0039530895
0,0,0.006679879
0,0,0.0056200363
0,0,0.32241932
0,0,0.011508149
0,0,0.021004368
0,0,0.0058653387
0,1,0.99083894
0,0,0.0924417
0,0,0.0882686
0,1,0.92338526
0,0,6.7883055e-05
0,0,0.2626054
0,0,0.002070827
0,1,0.95292586
0,0,0.046248805
0,0,0.0051596225
0,1,0.65201986
0,0,0.0039685
0,0,0.23405632
0,0,0.3702254
0,0,0.124053754
0,1,0.9742149
0,1,0.80753654
0,0,0.008985428
0,0,0.410195
0,0,0.021677379
0,0,0.0019456057
0,0,0.040049795
0,0,0.24310295
0,0,0.28497383
0,0,0.034132607
0,1,0.9302051
0,0,0.075995214
0,1,0.6520476
0,0,0.00783105
0,0,0.404184
0,1,0.55528456
0,1,0.97262347
0,0,0.012649318
0,0,0.0015578482
0,0,0.00047101182
0,1,0.9370381
0,0,0.22397058
0,0,0.28502357
0,0,0.48545867
0,0,0.0882686
0,1,0.60210544
0,0,0.007218753
0,0,0.42530686
0,0,0.012600625
0,0,0.028194217
0,1,0.97664696
0,0,0.007815888
0,0,0.020864256
0,0,0.011331754
0,1,0.71725947
0,1,0.9364014
0,0,0.067362405
0,1,0.68394744
0,0,0.060307633
0,1,0.57320064
0,1,0.53817934
0,0,0.37625062
0,0,0.017543187
0,1,0.9604354
0,1,0.99342304
0,1,0.74288833
0,0,0.18025091
0,0,0.04177388
0,0,7.513915e-05
0,0,0.009689717
0,0,0.011869121
0,0,0.47568902
0,1,0.5297348
0,0,0.16198196
0,0,0.0034296038
0,0,3.1817297e-05
0,1,0.9523531
0,1,0.6231763
0,0,0.0005517006
0,1,0.5067516
0,1,0.5503959
0,0,0.00060471025
0,0,0.0016941031
0,0,0.07913913
0,0,0.16485232
0,1,0.75082695
0,0,0.038142428
0,0,0.0069711166
0,1,0.8969756
0,0,0.0042069694
0,0,0.01745923
0,0,0.007218753
0,0,0.013020489
0,0,0.003991728
0,0,0.232049
0,0,0.048405956
0,0,0.0832174
0,0,0.0058539603
0,0,0.004190637
0,1,0.9557341
0,0,0.46259823
0,0,0.22380088
0,0,0.040162586
0,1,0.8692713
0,0,0.07198163
0,1,0.9614977
0,0,0.007218753
0,0,0.004564981
0,1,0.5932853
0,0,0.03642515
0,0,0.0013831175
0,0,0.007218753
0,0,0.08694165
0,0,6.8683185e-05
0,0,0.20657375
0,0,0.17931488
0,1,0.72937524
0,0,0.00036973885
0,0,0.019870715
0,0,0.3348069
0,0,0.3579041
0,0,0.2350206
0,0,0.1949036
0,1,0.99788433
0,0,0.11910043
0,1,0.9834705
0,0,0.28071496
0,1,0.973519
0,0,0.116311565
0,0,0.00027159214
0,0,0.0023504829
0,0,0.030185984
0,0,0.021368887
0,1,0.9814356
0,0,0.13811268
0,0,0.005598249
0,1,0.9729338
0,1,0.9158842
0,1,0.72894126
0,0,0.13557507
0,0,0.00016799536
0,0,0.023153413
0,1,0.97587764
0,1,0.9368073
0,1,0.6714706
0,1,0.8893368
0,0,0.24391249
0,0,0.24418274
0,1,0.9766692
0,1,0.92956835
0,1,0.8305254
0,1,0.7940658
0,0,0.0067843576
0,1,0.53443027
0,0,0.09260569
0,0,0.0002632383
0,1,0.78431904
0,0,0.0002415663
0,0,0.08159291
0,1,0.9174507
0,0,0.36500388
0,0,0.020196635
0,0,0.057334732
0,0,0.23988312
0,0,0.0012994274
0,0,0.11676401
0,1,0.93885684
0,1,0.62240195
0,0,0.027795624
0,0,0.016529558
0,0,0.28120816
0,0,0.12885365
0,0,0.0040072887
0,1,0.917746
0,0,0.116864756
0,1,0.9774571
0,1,0.8576489
0,1,0.61254144
0,1,0.85311913
0,0,7.2827526e-05
0,1,0.811452
0,1,0.9953994
0,0,0.30435172
0,0,0.2307464
0,0,0.034586217
0,0,0.0010628869
0,0,0.0027149855
0,0,0.007331598
0,0,0.046464663
0,0,0.42369646
0,0,0.022414217
0,0,0.0068771075
0,0,0.10356716
0,1,0.9970247
0,1,0.6077214
0,0,0.20842052
0,1,0.89395916
0,0,0.2608599
0,0,0.0069982093
0,0,0.0001603035
0,0,0.19125214
0,0,0.1201288
0,1,0.8813599
0,1,0.7614498
0,1,0.9957353
0,0,0.30450684
0,0,0.015693791
0,0,0.0015761828
0,0,0.09955773
0,0,0.021843683
0,0,0.0004926423
0,1,0.79454446
0,0,0.22678365
0,0,0.029256707
0,0,0.06985835
0,0,0.003254005
0,1,0.9953725
0,1,0.5682361
0,0,0.23563565
0,0,0.25795195
0,1,0.6790723
0,0,0.0013723688
0,0,0.28353333
0,0,0.0001888783
0,1,0.52609926
0,0,0.2589814
0,0,0.00030002996
0,1,0.63906056
0,0,0.007504158
0,0,0.0013432378
0,0,0.13454832
0,1,0.8899121
0,0,0.010091315
0,0,0.012673735
0,0,2.9083441e-05
0,0,0.21272226
0,0,0.23903833
0,1,0.75635755
0,0,0.041268647
0,1,0.9938548
0,1,0.9961606
0,0,0.06590479
0,1,0.936285
0,0,0.001690803
0,0,0.024727408
0,1,0.6695288
0,1,0.99508506
0,0,0.0045208177
0,0,0.007218753
0,0,0.0043908665
0,0,0.3104853
0,0,0.003004343
0,0,0.14755519
0,1,0.6425446
0,0,0.02578508
0,0,0.0024822769
0,0,0.0027308967
0,1,0.9986303
0,1,0.51986414
0,1,0.8594279
0,0,0.030559864
0,1,0.75482464
0,0,0.024191486
0,0,0.20657375
0,0,0.017045317
0,0,0.0064131636
0,0,0.061199225
0,0,0.06632688
0,0,0.12803373
0,0,0.012895588
0,0,0.026581826
0,1,0.9885583
0,0,0.4143359
0,1,0.53310883
0,0,0.011331754
0,0,0.022457054
0,0,0.007740521
0,1,0.64790964
0,0,0.0066540097
