label,pred,prob
1,1,0.99712163
1,1,0.99140584
1,1,0.9936487
1,1,0.96498734
1,1,0.95136863
1,1,0.559997
1,1,0.99820733
1,1,0.9894499
1,0,0.49327224
1,1,0.91086304
1,1,0.97819793
1,1,0.7988153
1,1,0.9333701
1,1,0.99982053
1,1,0.9524858
1,1,0.9827738
1,1,0.99968255
1,1,0.9675638
1,1,0.7234072
1,1,0.5994412
1,1,0.9539232
1,1,0.9940544
1,1,0.8908652
1,1,0.58471584
1,1,0.880129
1,1,0.99698395
1,1,0.9981578
1,1,0.9837225
1,1,0.93732566
1,1,0.89688534
1,1,0.9854124
1,1,0.99983394
1,1,0.9548583
1,1,0.9966036
1,1,0.99696034
1,1,0.9757161
1,1,0.99739385
1,1,0.9872528
1,1,0.99857306
1,0,0.23445046
1,1,0.99522626
1,1,0.9847231
1,1,0.9773276
1,1,0.9968458
1,1,0.9911355
1,1,0.9983865
1,1,0.8734309
1,1,0.99926347
1,0,0.48021492
1,1,0.9080487
1,1,0.9898107
1,1,0.99822825
1,1,0.99987566
1,1,0.94980925
1,1,0.9870297
1,0,0.17476211
1,1,0.6962682
1,1,0.96415305
1,1,0.90337944
1,1,0.96631527
1,1,0.7055822
1,1,0.9974788
1,1,0.9955403
1,1,0.92703366
1,1,0.900267
1,1,0.8505928
1,1,0.8533637
1,1,0.99923575
1,1,0.9703525
1,1,0.8805405
1,1,0.9514138
1,1,0.9883128
1,1,0.95934516
1,1,0.89947516
1,1,0.99592197
1,1,0.94509614
1,1,0.9693242
1,1,0.86188734
1,1,0.98799264
1,1,0.7106785
1,1,0.9974788
1,1,0.9899087
1,0,0.47852883
1,1,0.99674594
1,1,0.9789956
1,1,0.9998074
1,1,0.953665
1,1,0.99894124
1,1,0.97673583
1,1,0.9990508
1,0,0.44669834
1,1,0.77244484
1,1,0.9727791
1,1,0.9713746
1,1,0.9877823
1,0,0.4267919
1,1,0.98651993
1,0,0.25155577
1,1,0.943608
1,1,0.9843062
1,1,0.99986494
1,1,0.99937123
1,1,0.9996892
1,1,0.9879462
1,1,0.5808871
1,1,0.9465967
1,1,0.8040215
1,1,0.9967013
1,1,0.99952066
1,1,0.99187535
1,1,0.9989818
1,1,0.99922216
1,1,0.8874974
1,1,0.99992096
1,1,0.9975514
1,0,0.13398077
1,1,0.9741658
1,1,0.98959166
1,0,0.48239863
1,1,0.56453365
1,1,0.98022413
1,1,0.96405166
1,1,0.93558234
1,1,0.94905907
1,1,0.99696034
1,1,0.88725346
1,1,0.99605453
1,1,0.9817007
1,1,0.9155828
1,1,0.99529076
1,1,0.98314995
1,1,0.9940544
1,1,0.99807703
1,1,0.99954
1,0,0.4984398
1,1,0.96333414
1,1,0.9568766
1,1,0.9194258
1,1,0.6285499
1,1,0.99879813
1,1,0.9857729
1,0,0.4935726
1,1,0.9961606
1,1,0.77261645
1,1,0.9447403
1,0,0.13369773
1,1,0.8203975
1,0,0.04913079
1,1,0.9987207
1,1,0.8891444
1,1,0.6580605
1,0,0.37025383
1,1,0.84032446
1,1,0.9834387
1,1,0.98588216
1,1,0.8806945
1,1,0.96084166
1,0,0.24862541
1,1,0.89733595
1,0,0.22499062
1,1,0.9805248
1,1,0.9943251
1,1,0.98223674
1,1,0.9181873
1,1,0.8555497
1,0,0.4439733
1,1,0.7489954
1,1,0.9967775
1,1,0.6264099
1,1,0.5890073
1,1,0.56316775
1,1,0.99502736
1,1,0.996858
1,0,0.27644628
1,0,0.008172064
1,1,0.99946314
1,1,0.9610615
1,1,0.94192183
1,1,0.9990978
1,1,0.56483376
1,1,0.5399158
1,1,0.9433998
1,1,0.9890765
1,1,0.9928647
1,1,0.9627783
1,1,0.99864095
1,0,0.28671813
1,1,0.8366881
1,1,0.9998104
1,1,0.98920244
1,1,0.98250717
1,1,0.9250271
1,1,0.99111825
1,1,0.9620719
1,0,0.2982358
1,1,0.9697854
1,1,0.9314625
1,1,0.9719659
1,1,0.98959166
1,1,0.97455615
1,1,0.9645224
1,1,0.99491996
1,1,0.9983223
1,1,0.8791986
1,1,0.9803186
1,1,0.97711015
1,1,0.9107044
1,1,0.98237246
1,1,0.7312505
1,1,0.99820733
1,1,0.99378294
1,1,0.98365986
1,1,0.99608517
1,0,0.17182416
1,1,0.97313875
1,1,0.9639839
1,1,0.7068485
1,1,0.99836427
1,1,0.9457512
1,1,0.9961004
1,1,0.9535353
1,1,0.86522406
1,0,0.232049
1,1,0.99736834
1,1,0.9994461
1,0,0.4678408
1,1,0.9987031
1,1,0.9742149
1,1,0.8952483
1,1,0.99899954
1,1,0.9849563
1,1,0.5522756
1,1,0.99847525
1,1,0.7509182
1,1,0.9994536
1,1,0.896614
1,1,0.91789335
1,1,0.882022
1,1,0.78695047
1,1,0.9306476
1,1,0.9535353
1,1,0.9668201
1,1,0.8600756
1,1,0.9276915
1,1,0.886322
1,1,0.99420255
1,1,0.9750598
1,1,0.99981767
1,1,0.99787605
1,1,0.79684633
1,0,0.44021356
1,1,0.99415743
1,1,0.99784267
1,1,0.93674946
1,1,0.99437994
1,1,0.8957965
1,1,0.9366916
1,1,0.9708264
1,1,0.9783433
1,1,0.99491996
1,1,0.9890976
1,1,0.87768656
1,1,0.8462603
1,1,0.8938666
1,1,0.6383846
1,1,0.9723097
1,1,0.97366965
1,0,0.49805164
1,1,0.9645559
1,1,0.9830526
1,0,0.34097877
1,1,0.78249633
1,1,0.9960083
1,1,0.9962126
1,1,0.97671366
1,1,0.8433153
1,1,0.96829146
1,1,0.88368845
1,1,0.96641046
1,0,0.26927757
1,1,0.6999727
1,1,0.90894175
1,1,0.9998287
1,1,0.8724018
1,1,0.99029154
1,1,0.80154777
1,0,0.025613915
1,1,0.99744415
1,1,0.60247093
1,1,0.9545204
1,1,0.9983125
1,0,0.26583284
1,1,0.9835022
1,1,0.9984176
1,1,0.96160597
1,1,0.9710193
1,1,0.82254577
1,1,0.9976404
1,1,0.9942139
1,1,0.60837597
1,1,0.95531917
1,1,0.9978173
1,1,0.9917163
1,1,0.9470392
1,1,0.88671505
1,1,0.88393915
1,1,0.80950195
1,1,0.83134854
1,1,0.9314625
1,1,0.98279023
1,1,0.76942694
1,0,0.12205153
1,1,0.8410439
1,1,0.99262565
1,1,0.9998287
1,0,0.029367855
1,0,0.38893712
1,1,0.51153547
1,1,0.9981933
1,1,0.8253083
1,0,0.43085068
1,1,0.89796406
1,1,0.67055434
1,0,0.3657398
1,1,0.999864
1,1,0.9898499
1,1,0.80278754
1,1,0.81242126
1,0,0.35195115
1,1,0.9976993
1,1,0.99302894
1,0,0.07524433
1,1,0.51979935
1,1,0.77304506
1,1,0.9992387
1,1,0.99986017
1,1,0.9976949
1,0,0.38951746
1,1,0.99521697
1,1,0.7076068
1,1,0.8415002
1,1,0.99031025
1,0,0.3265398
1,1,0.92482364
1,1,0.9521755
1,1,0.9675024
1,1,0.99927634
1,1,0.94781744
1,0,0.036665846
1,1,0.95589906
1,1,0.9695268
1,1,0.9873262
1,1,0.9913892
1,1,0.8360867
1,0,0.21174262
1,1,0.89053243
1,1,0.99675864
1,1,0.7524676
1,1,0.99988854
1,1,0.9993436
1,1,0.98920244
1,1,0.9841546
1,1,0.9995802
1,1,0.8283842
1,1,0.5621465
1,1,0.92683524
1,1,0.98324674
1,1,0.996557
1,1,0.88483775
1,1,0.9473323
1,1,0.99648935
1,1,0.99711037
1,0,0.04986591
1,1,0.9240733
1,1,0.77381516
1,1,0.9384068
1,0,0.3585215
1,1,0.9997439
1,1,0.9759235
1,1,0.98735064
1,1,0.9833908
1,1,0.9237301
1,0,0.10248422
1,1,0.98657167
1,1,0.9841393
1,1,0.9962638
1,1,0.997783
1,1,0.5423331
1,1,0.8296991
1,1,0.9984812
1,1,0.86499614
1,0,0.3055937
1,1,0.97790456
1,1,0.94218844
1,1,0.9998253
1,1,0.9159594
1,1,0.97863114
1,1,0.6533481
1,1,0.90000373
1,1,0.99499834
1,1,0.98020524
1,1,0.988108
1,1,0.96995664
1,1,0.52836233
1,1,0.9780517
1,1,0.7153743
1,1,0.9991048
1,1,0.9672869
1,0,0.099820666
1,1,0.58779526
1,1,0.89058006
1,1,0.9228308
1,1,0.81249565
1,1,0.84758973
1,1,0.55602294
1,1,0.52180624
1,1,0.9984421
1,1,0.9841241
1,1,0.85145944
1,1,0.6693127
1,1,0.98588216
1,1,0.9965771
1,0,0.4776189
1,1,0.7848967
1,1,0.9827572
1,1,0.99298817
1,1,0.9828562
1,1,0.9983897
1,1,0.990329
1,1,0.9975274
1,1,0.93593454
1,1,0.9987257
1,1,0.891055
1,0,0.1768137
1,1,0.99540824
1,1,0.9861247
1,1,0.64335734
1,1,0.9776285
1,1,0.99984646
1,0,0.29088014
1,1,0.9988004
1,1,0.99401975
1,1,0.76374817
1,1,0.95473194
1,1,0.9913054
1,1,0.84479356
1,1,0.9990564
1,1,0.9428234
1,1,0.98041254
1,0,0.4418386
1,1,0.95814794
1,1,0.99343574
1,1,0.99400806
1,1,0.97369474
1,1,0.89778495
1,1,0.9984176
1,1,0.9951703
1,1,0.99108386
1,1,0.89077026
1,0,0.42644104
1,1,0.9749884
1,1,0.9955142
1,1,0.95013416
1,1,0.9993575
1,1,0.990329
1,1,0.96312666
1,1,0.99631435
1,1,0.99583375
1,1,0.99937373
1,1,0.8885172
1,0,0.23436284
1,1,0.6691506
1,1,0.80995333
1,0,0.48633343
1,1,0.7932662
1,1,0.9985896
1,0,0.3963894
1,1,0.98270744
1,1,0.967225
1,1,0.86596256
1,1,0.54017735
1,1,0.90582335
1,1,0.96062064
1,1,0.9979966
1,1,0.8295611
1,1,0.9925538
1,1,0.50694036
1,1,0.8847382
1,1,0.99901116
1,1,0.8504065
1,1,0.8404555
1,1,0.99979895
1,1,0.9909272
1,1,0.640664
1,1,0.74026823
1,1,0.9790958
1,1,0.9996395
1,0,0.43916097
1,1,0.9908035
1,1,0.8952483
1,1,0.91359943
1,1,0.9759923
1,1,0.9650533
1,1,0.9628132
1,1,0.87621135
1,1,0.98486924
1,1,0.9791955
1,1,0.9942697
1,1,0.98498523
1,1,0.9906419
1,1,0.9011404
1,0,0.20481862
1,1,0.7137808
1,0,0.38078773
1,1,0.9298237
1,1,0.8422802
1,1,0.9997017
1,1,0.99965465
1,1,0.9345745
1,1,0.9998859
1,1,0.93885684
1,1,0.994146
1,1,0.8957965
1,0,0.48906758
1,1,0.888372
1,0,0.11075937
1,1,0.99592197
1,1,0.9189906
1,1,0.9747251
1,1,0.9924374
1,0,0.1753968
1,1,0.9916681
1,1,0.9794133
1,1,0.9729081
1,1,0.99990654
1,1,0.98524296
1,0,0.0047552
1,1,0.9976769
1,1,0.9971328
1,1,0.52262616
1,1,0.98886347
1,1,0.9137535
1,1,0.88612515
1,1,0.7558173
1,1,0.9980045
1,1,0.98442644
1,1,0.9981756
1,1,0.9868787
1,0,0.36974165
1,1,0.9925538
1,0,0.19117662
1,0,0.25302953
1,1,0.9886901
1,1,0.9352283
1,1,0.9923638
1,0,0.24880788
1,1,0.8989441
1,1,0.6550051
1,1,0.99591404
1,1,0.8288003
1,1,0.9410612
1,1,0.97640073
1,0,0.21255875
1,1,0.98327893
1,1,0.51552373
1,1,0.74623144
1,0,0.00809329
1,0,0.18967116
1,1,0.98260766
1,1,0.89488137
1,0,0.49236736
1,1,0.94910634
1,1,0.92310846
1,1,0.997981
1,1,0.87873113
1,1,0.9868787
1,1,0.95961094
1,1,0.98439646
1,1,0.9802997
1,1,0.62983155
1,1,0.99165195
1,1,0.79318607
1,1,0.883588
1,1,0.7612724
1,1,0.9961681
1,1,0.7775534
1,1,0.83467656
1,1,0.9405718
1,1,0.9404625
1,1,0.9614977
1,0,0.056184534
1,1,0.78224695
1,0,0.42268336
1,1,0.5042027
1,1,0.9700135
1,1,0.79182106
1,1,0.957794
1,1,0.9732661
1,1,0.992597
1,0,0.23563565
1,1,0.5557517
1,1,0.986904
1,1,0.94934165
1,1,0.9614615
1,0,0.41176122
1,1,0.99173236
1,1,0.9951325
1,0,0.31095588
1,1,0.98445636
1,1,0.9771756
1,1,0.9869544
1,1,0.89747083
1,1,0.9363432
1,1,0.99719906
1,1,0.99279517
1,1,0.99268264
1,1,0.98166555
1,1,0.9349319
1,1,0.9996388
1,0,0.14069007
1,1,0.8278978
1,1,0.9411694
1,1,0.99097973
1,0,0.3990503
1,1,0.9980161
1,1,0.9597998
1,1,0.7973991
1,0,0.04115289
1,1,0.9092645
1,1,0.8893368
1,1,0.9992606
1,0,0.2885691
1,1,0.9781563
1,1,0.98244
1,1,0.7783967
1,1,0.94600123
1,1,0.9160345
1,1,0.9969426
1,1,0.9930559
1,1,0.99955136
1,1,0.9959849
1,1,0.5753196
1,1,0.99173236
1,1,0.9783019
1,1,0.9995253
1,1,0.68082553
1,1,0.91125864
1,1,0.99955314
1,1,0.98840266
1,1,0.5730215
1,1,0.9508692
1,1,0.9013143
1,1,0.9882449
1,1,0.99184376
1,1,0.9948001
1,1,0.9928092
1,1,0.87191176
1,1,0.9970073
1,0,0.09293445
1,1,0.97999567
1,0,0.40180516
1,1,0.9413314
1,1,0.9375548
1,1,0.99318933
1,1,0.99572706
1,1,0.67281556
1,1,0.96672606
1,1,0.9942697
1,1,0.59419805
1,1,0.99111825
1,0,0.4464042
1,1,0.6702846
1,1,0.99956185
1,1,0.84117436
1,1,0.80193585
1,1,0.98977125
1,1,0.9961606
1,1,0.8586593
1,1,0.99700147
1,1,0.91490096
1,1,0.9980882
1,1,0.9967775
1,0,0.40840948
1,0,0.35136667
1,1,0.99950826
1,0,0.38969168
1,1,0.9810765
1,0,0.11392417
1,1,0.999129
1,1,0.9954615
1,1,0.97074324
1,1,0.6430491
1,1,0.9969187
1,1,0.8987666
1,1,0.55287164
1,1,0.9977083
1,1,0.9508236
1,1,0.9953181
1,1,0.84959716
1,0,0.10800065
1,1,0.9956176
1,1,0.677474
1,1,0.99808073
1,1,0.9897315
1,1,0.8238959
1,1,0.9886464
1,1,0.9431384
1,1,0.9993424
1,1,0.93880075
1,1,0.99789655
1,1,0.9898303
1,1,0.9999039
1,1,0.99291986
1,1,0.987375
1,1,0.93564117
1,1,0.9601001
1,1,0.9753196
1,1,0.9802808
1,1,0.96267307
1,1,0.9893885
1,1,0.9964064
1,1,0.9763331
1,1,0.95735765
1,1,0.99977034
1,1,0.9555271
1,1,0.98125684
1,1,0.8040984
1,1,0.921499
1,0,0.2230384
1,1,0.95715785
1,1,0.6603367
1,1,0.8183742
1,1,0.8462603
1,1,0.7306264
1,1,0.8601343
1,1,0.9922294
1,1,0.9971161
1,1,0.9248914
1,1,0.9101469
1,1,0.99982053
1,0,0.08842591
1,1,0.9891187
1,1,0.9965503
1,1,0.9920466
1,0,0.3461544
1,1,0.9534488
1,1,0.9535353
1,1,0.9957848
1,1,0.88268095
1,1,0.82544905
1,0,0.4352713
1,1,0.9628132
1,0,0.48281017
1,1,0.98524296
1,1,0.92716575
1,1,0.99140584
1,1,0.9665687
1,1,0.86528105
1,0,0.19368058
1,1,0.9900058
1,1,0.97494066
1,1,0.9980161
1,1,0.99268264
1,1,0.91625965
1,1,0.9719925
1,1,0.99680245
1,1,0.9815067
1,1,0.99213856
1,1,0.7635719
1,1,0.97828114
1,0,0.38439205
1,1,0.96498734
1,1,0.9907141
1,1,0.99324185
1,1,0.8852848
1,1,0.96528316
1,1,0.992062
1,1,0.99851626
1,1,0.87396973
1,1,0.9995141
1,1,0.9982109
1,1,0.9038472
1,1,0.61398906
1,1,0.992961
1,1,0.9916358
1,1,0.9450455
1,1,0.76629364
1,1,0.833121
1,1,0.9997584
1,1,0.90665317
1,0,0.15323213
1,1,0.9776285
1,1,0.95857656
1,1,0.92482364
1,1,0.8224745
1,1,0.9590777
1,1,0.99983656
1,1,0.99297464
1,1,0.6526843
1,1,0.9901592
1,0,0.42690384
1,1,0.82608134
1,1,0.9995141
1,1,0.996597
1,1,0.81227237
1,1,0.94402224
1,1,0.9939731
1,1,0.77713084
1,1,0.99671423
1,0,0.15386674
1,1,0.98007214
1,1,0.9084556
1,1,0.9706599
1,1,0.9835022
1,1,0.89706576
1,1,0.9601375
1,1,0.96391606
1,1,0.9985758
1,1,0.9046505
1,1,0.8960241
1,1,0.9849274
1,1,0.9638481
1,1,0.99679
1,1,0.95296955
1,1,0.9468429
1,1,0.7343101
1,1,0.9913892
1,0,0.48457065
1,1,0.86522406
1,1,0.9905509
1,1,0.9708264
1,0,0.16566059
1,1,0.9996613
1,1,0.93651766
1,1,0.7613611
1,1,0.9369228
1,1,0.9193534
1,0,0.017934538
1,1,0.7570767
1,1,0.97887486
1,1,0.6479653
1,1,0.99066
1,1,0.9807842
1,1,0.95861524
1,1,0.99522626
1,1,0.8528742
1,1,0.80247813
1,0,0.41982633
1,1,0.9201462
1,0,0.040731095
1,1,0.9509148
1,1,0.99704784
1,1,0.97813547
1,1,0.6955449
1,1,0.9987405
1,1,0.85003346
1,1,0.984063
1,1,0.93721074
1,1,0.83815056
1,1,0.9933589
1,1,0.9981178
1,1,0.99317604
1,1,0.8512122
1,1,0.92944044
1,1,0.9990245
1,1,0.86596256
1,1,0.98507166
1,0,0.12085323
1,0,0.089853115
1,1,0.99532723
1,1,0.99890983
1,1,0.6067461
1,1,0.9975177
1,1,0.93732566
1,1,0.9727014
1,1,0.98401695
1,1,0.9979372
1,1,0.99682117
1,1,0.9882676
1,1,0.9592307
1,0,0.22354653
1,1,0.9911011
1,1,0.9506406
1,1,0.8978745
1,1,0.9649213
1,1,0.9342753
1,1,0.9321451
1,0,0.391028
1,0,0.35824078
1,1,0.8615964
1,1,0.99784684
1,0,0.16830944
1,0,0.35619467
1,1,0.9946672
1,1,0.9905143
1,1,0.56580865
1,1,0.9689444
1,0,0.108519174
1,1,0.8990328
1,1,0.92729753
1,0,0.26364678
1,1,0.67768735
1,1,0.9811307
1,1,0.98507166
1,1,0.8952483
1,1,0.9405718
1,1,0.99398476
1,1,0.8951567
1,1,0.99040353
1,1,0.99964714
1,1,0.9807473
1,1,0.9392481
1,1,0.66855574
1,1,0.93089926
1,1,0.9425596
1,1,0.9889064
1,1,0.9797065
1,1,0.9581087
1,1,0.9621432
1,1,0.9603612
1,1,0.88263035
1,1,0.9914391
1,0,0.44016844
1,1,0.64243245
1,1,0.79318607
1,1,0.97583157
1,1,0.8999598
1,1,0.75292206
1,1,0.9843664
1,1,0.98782945
1,1,0.9339146
1,1,0.97622
1,1,0.9856353
1,1,0.5391652
1,0,0.2249055
1,0,0.102664
1,1,0.9749884
1,1,0.9997584
1,1,0.99002504
1,1,0.8848875
1,1,0.9997347
1,1,0.8288003
1,1,0.99961627
1,1,0.92643696
1,1,0.9640178
1,1,0.96969944
1,1,0.96468914
1,1,0.99085677
1,1,0.8072328
1,1,0.8983214
1,1,0.83284926
1,1,0.9054896
1,1,0.99442345
1,1,0.9537082
1,1,0.5772273
1,1,0.9998097
1,1,0.99622726
1,1,0.7636601
1,1,0.9613528
1,1,0.999213
1,1,0.9455505
1,1,0.9083743
1,1,0.9889492
1,0,0.26020145
1,1,0.9916033
1,1,0.9806364
1,1,0.9988708
1,1,0.7394224
1,1,0.93593454
1,1,0.95536083
1,1,0.7684727
1,1,0.9908744
1,1,0.9997241
1,1,0.82803684
1,0,0.031618766
1,1,0.51979935
1,1,0.94600123
1,1,0.82761925
1,0,0.07885492
1,1,0.69435453
1,1,0.9800913
1,1,0.70232594
1,1,0.77721536
1,1,0.8874974
1,1,0.98327893
1,1,0.999213
1,1,0.9948303
1,1,0.9789353
1,1,0.9860443
1,1,0.9524858
1,1,0.99240804
1,1,0.99566853
1,1,0.9891187
1,1,0.9858549
1,1,0.988062
1,1,0.9835338
1,1,0.90878
1,1,0.9961903
1,0,0.25326028
1,1,0.9595731
1,1,0.7631309
1,1,0.9432431
1,1,0.99456257
1,1,0.9876401
1,1,0.85848147
1,1,0.9703525
1,0,0.34676245
1,1,0.91891783
1,0,0.3788612
1,1,0.88100195
1,1,0.9696707
1,1,0.9802808
1,1,0.96329963
1,1,0.7310586
1,0,0.29421496
1,0,0.20825943
1,1,0.8587186
1,1,0.9383503
1,1,0.9944126
1,1,0.9877351
1,1,0.8288696
1,1,0.9913892
1,1,0.9603239
1,1,0.88513595
1,1,0.50247955
1,1,0.9724409
1,1,0.99476975
1,1,0.995037
1,1,0.99845123
1,1,0.9378969
1,1,0.99724776
1,1,0.93177354
1,0,0.4932789
1,1,0.96080494
1,0,0.26822203
1,1,0.94427973
1,1,0.96518475
1,1,0.998606
1,1,0.9975466
1,0,0.025613915
1,1,0.99529994
1,1,0.97298527
1,0,0.23022676
1,1,0.86459655
1,1,0.98045003
1,1,0.82140255
1,1,0.9954704
1,1,0.91157407
1,0,0.010228811
1,1,0.76109487
1,1,0.99718815
1,1,0.988062
1,1,0.9279531
1,1,0.8406518
1,1,0.98644173
1,1,0.99986863
1,1,0.89395916
1,1,0.9870046
1,1,0.9952077
1,1,0.9327602
1,1,0.99176437
1,1,0.99486035
1,0,0.09816574
1,1,0.8438308
1,1,0.896614
1,1,0.8834875
1,1,0.99980444
1,1,0.9535353
1,1,0.9254997
1,1,0.57639295
1,1,0.7722732
1,1,0.64690644
1,1,0.99832565
1,1,0.99769044
1,0,0.41238222
1,1,0.9791158
1,1,0.9928509
1,1,0.9688562
1,1,0.74789226
1,1,0.9926967
1,1,0.68489665
1,1,0.9858549
1,1,0.93451476
1,1,0.9902351
1,1,0.9977787
1,1,0.9982827
1,1,0.9981969
1,1,0.95594025
1,1,0.7183475
1,1,0.8969756
1,1,0.9770007
1,1,0.99982053
1,1,0.9782396
1,0,0.4934391
1,1,0.9972638
1,1,0.9736447
1,1,0.9583042
1,1,0.94810647
1,1,0.9989077
1,1,0.9281487
1,1,0.9987625
1,1,0.99827933
1,1,0.9502727
1,1,0.9973008
1,1,0.92703366
1,1,0.9913892
1,1,0.9080487
1,1,0.9589241
1,1,0.8079157
1,1,0.9170801
1,1,0.98707944
1,1,0.8824279
1,1,0.8532415
1,1,0.9680808
1,1,0.9974934
1,1,0.9137535
1,1,0.9250271
1,0,0.40054417
1,1,0.90747637
1,1,0.98287266
1,1,0.9642206
1,1,0.99876726
1,1,0.9837225
1,0,0.38966262
1,1,0.81442213
1,1,0.9418149
1,1,0.99804676
1,1,0.97259754
1,1,0.98400164
1,1,0.6012424
1,1,0.97836393
1,1,0.83534926
1,1,0.99931216
1,0,0.29502678
1,1,0.9973786
1,1,0.99619776
1,1,0.99968183
1,1,0.9992649
1,1,0.9853843
1,1,0.9976404
1,1,0.90958625
1,1,0.9818579
1,1,0.9930153
1,1,0.9981969
1,1,0.9175984
1,0,0.20055768
1,1,0.90853673
1,1,0.5574087
1,0,0.2714448
1,1,0.751967
1,1,0.99300176
1,0,0.1949036
1,1,0.99804676
1,1,0.9184803
1,1,0.96609205
1,1,0.909907
1,1,0.71393055
1,0,0.37273353
1,1,0.9977569
1,1,0.8427984
1,1,0.9986929
1,1,0.98272413
1,1,0.9105454
1,1,0.9951325
1,1,0.9983834
1,1,0.5929318
1,1,0.9246196
1,1,0.93868846
1,1,0.89312315
1,1,0.77390057
1,1,0.99959236
1,1,0.9922294
1,1,0.9962126
1,1,0.9474783
1,1,0.9801483
1,1,0.9994374
1,0,0.12743528
1,1,0.8600756
1,1,0.96882665
1,1,0.96912026
1,0,0.29264584
1,1,0.98080254
1,1,0.9888204
1,1,0.88563144
1,1,0.6644859
1,1,0.70181525
1,1,0.9922444
1,1,0.84357315
1,1,0.9038049
1,1,0.57335
1,1,0.91789335
1,1,0.659734
1,1,0.99293363
1,1,0.97640073
1,1,0.8318272
1,1,0.99242276
1,1,0.97151
1,1,0.99047756
1,1,0.61030835
1,1,0.9835654
1,1,0.8348113
1,0,0.040426936
1,1,0.9900828
1,1,0.97796774
1,1,0.97376966
1,1,0.87514824
1,1,0.9574771
1,0,0.39120242
1,1,0.9902351
1,1,0.74101865
1,1,0.9881309
1,0,0.0877982
1,1,0.7112304
1,1,0.95610446
1,1,0.9993228
1,1,0.9968273
1,0,0.27786472
1,1,0.99371004
1,1,0.9999374
1,1,0.7801604
1,1,0.9962126
1,1,0.8388118
1,1,0.9965837
1,1,0.50679356
1,1,0.9946255
1,1,0.9668514
1,1,0.62897736
1,1,0.83914167
1,1,0.89796406
1,0,0.30824226
1,1,0.97947216
1,1,0.98571813
1,1,0.9969722
1,1,0.9947901
1,1,0.74600023
1,1,0.99111825
1,1,0.9898499
1,1,0.9965837
1,0,0.34422296
1,1,0.8645393
1,1,0.99793327
1,1,0.82147413
1,1,0.58393013
1,0,0.45832595
1,1,0.8928432
1,1,0.8452412
1,1,0.93045825
1,1,0.74195457
1,1,0.99770385
1,1,0.99688846
1,1,0.9904221
1,1,0.7422349
1,1,0.968111
1,1,0.9713746
1,1,0.96408546
1,1,0.85675234
1,1,0.9871044
1,1,0.6846858
1,0,0.09653531
1,1,0.98250717
1,1,0.97796774
1,1,0.99970514
1,0,0.09017308
1,1,0.99378294
1,1,0.9433476
1,1,0.6116719
1,0,0.4441127
1,1,0.99522626
1,0,0.28135625
1,1,0.99760324
1,1,0.993346
1,1,0.95861524
1,1,0.99982125
1,1,0.9925538
1,1,0.6469901
1,1,0.9408442
1,1,0.994292
1,1,0.5450133
1,1,0.84606963
1,1,0.9911011
1,1,0.98623115
1,1,0.9933072
1,0,0.45697722
1,1,0.97788346
1,1,0.99085677
1,1,0.5860195
1,1,0.99085677
1,1,0.9962999
1,1,0.9996971
1,0,0.20236436
1,1,0.53280497
1,1,0.9872773
1,1,0.9522199
1,1,0.98201376
1,1,0.9560224
1,1,0.62983155
1,1,0.9980354
1,1,0.8812066
1,0,0.31695038
1,1,0.90723
1,1,0.99624926
1,1,0.9993487
1,1,0.5673374
1,1,0.7446563
1,1,0.87652874
1,1,0.9872773
1,1,0.9746528
1,1,0.9984207
1,1,0.8562122
1,1,0.998606
1,1,0.9459013
1,1,0.70947224
1,1,0.99749833
1,1,0.92468774
1,1,0.7775534
1,0,0.33679444
1,1,0.9958741
1,1,0.66698503
1,1,0.96777767
1,1,0.8647108
1,0,0.40315557
1,0,0.27664167
1,1,0.9946255
1,1,0.825097
1,1,0.8554893
1,1,0.9581087
1,1,0.96521765
1,1,0.990329
1,1,0.90690076
1,1,0.9814
1,1,0.99428093
1,0,0.09894658
1,0,0.48524237
1,1,0.9134452
1,1,0.70161086
1,1,0.98501414
1,1,0.86436766
1,1,0.95136863
1,1,0.99491006
1,0,0.36342093
1,1,0.61618555
1,1,0.9817007
1,1,0.9970421
1,1,0.92729753
1,1,0.99712163
1,1,0.9854124
1,1,0.8718026
1,1,0.9981863
1,0,0.2271263
1,1,0.99674594
1,1,0.9943581
1,1,0.9998517
1,1,0.8903419
1,1,0.9962782
1,1,0.86048645
1,1,0.99863297
1,1,0.9159594
1,1,0.99454135
1,1,0.9875444
1,1,0.9355235
1,1,0.986904
1,1,0.97678024
1,1,0.9955835
1,1,0.98039377
1,0,0.4663823
1,1,0.98609793
1,1,0.9902351
1,1,0.6627965
1,1,0.99622726
1,1,0.76162714
1,1,0.9923934
1,1,0.9957767
1,1,0.98147124
1,1,0.72966427
1,1,0.97792566
1,1,0.87873113
1,1,0.9901782
1,1,0.9300146
1,1,0.97933435
1,1,0.99195355
1,0,0.030329255
1,1,0.99991965
1,1,0.90397453
1,1,0.9810765
1,0,0.2899745
1,1,0.8512122
1,1,0.99917525
1,1,0.93379396
1,1,0.9997631
1,1,0.9641868
1,1,0.7496374
1,1,0.9996898
1,1,0.9982351
1,1,0.76882
1,1,0.66500276
1,1,0.77029204
1,0,0.40668523
1,0,0.48585886
1,1,0.8086723
1,1,0.9951514
1,1,0.9998666
1,0,0.134719
1,1,0.9944343
1,1,0.9844862
1,1,0.99832565
1,1,0.85034436
1,1,0.7635719
1,1,0.99173236
1,1,0.98469365
1,1,0.9924374
1,1,0.9907499
1,1,0.988108
1,1,0.9970247
1,1,0.9579516
1,1,0.95751673
1,1,0.9859364
1,1,0.96631527
1,1,0.95643115
1,1,0.6408044
1,1,0.97840524
1,1,0.9997209
1,1,0.9470392
1,1,0.9914391
1,0,0.37642252
1,1,0.9982488
1,1,0.93403506
1,1,0.94844174
1,1,0.88095075
1,1,0.88582915
1,1,0.69440633
1,1,0.98535615
1,1,0.87679267
1,1,0.92241246
1,1,0.7498207
1,1,0.9321451
1,1,0.98213416
1,1,0.95972437
1,1,0.8337988
1,1,0.9602495
1,1,0.9981614
1,1,0.8474635
1,1,0.91125864
1,1,0.8929832
1,1,0.99047756
1,1,0.92290026
1,0,0.47728005
1,1,0.99987066
1,1,0.9929061
1,1,0.7136312
1,1,0.77149934
1,1,0.7595823
1,1,0.8532415
1,0,0.46573254
1,1,0.98270744
1,1,0.89688534
1,1,0.84292775
1,1,0.9565125
1,1,0.9962638
1,1,0.9982993
1,1,0.9790758
1,1,0.9510968
1,1,0.9833908
1,1,0.99425864
1,1,0.9927672
1,1,0.8965235
1,1,0.9985979
1,1,0.89274967
1,1,0.99528164
1,1,0.972178
1,1,0.8136089
1,1,0.9142907
1,1,0.95606345
1,1,0.99343574
1,1,0.99622726
1,1,0.995906
1,1,0.9941347
1,1,0.92663634
1,1,0.9507321
1,1,0.9834546
1,1,0.9858004
1,1,0.9228308
1,1,0.9994777
1,1,0.9970131
1,1,0.9908035
1,1,0.9898107
1,1,0.9935743
1,0,0.3229529
1,1,0.9965771
1,1,0.99486035
1,1,0.8037906
1,1,0.9890765
1,1,0.7951018
1,1,0.74307483
1,1,0.962462
1,1,0.9572378
1,1,0.99938333
1,0,0.09522318
1,0,0.20331179
1,1,0.9457512
1,1,0.87831426
1,0,0.002536047
1,1,0.6898805
1,1,0.9942697
1,1,0.6737286
1,1,0.5142326
1,1,0.9687381
1,1,0.831006
1,1,0.60804147
1,1,0.9400236
1,1,0.8833366
1,1,0.9349319
1,1,0.9852997
1,1,0.83755356
1,1,0.9681713
1,1,0.6889395
1,1,0.97684664
1,1,0.992597
1,1,0.95735765
1,0,0.18974619
1,1,0.9129032
1,1,0.70201963
1,1,0.8226882
1,1,0.94924754
1,1,0.98439646
1,1,0.99962294
1,1,0.88278204
1,0,0.43465626
1,1,0.76073956
1,1,0.99308276
1,1,0.97773504
1,1,0.99871826
1,1,0.9948403
1,1,0.98623115
1,1,0.97949183
1,1,0.9712385
1,1,0.99929583
1,1,0.9875923
1,1,0.76812494
1,1,0.971564
1,1,0.70140636
1,1,0.9956006
1,1,0.83400166
1,0,0.34339675
1,0,0.3422967
1,1,0.82467383
1,1,0.83801806
1,1,0.9296961
1,1,0.9990434
1,1,0.98638946
1,1,0.53705657
1,1,0.99877447
1,1,0.9626028
1,1,0.99812883
1,1,0.9909972
1,1,0.9981933
1,1,0.9915216
1,1,0.99913234
1,1,0.80232334
1,1,0.9974541
1,1,0.9951703
1,1,0.99852496
1,1,0.99897385
1,1,0.9792154
1,1,0.99630713
1,1,0.9829547
1,1,0.99984276
1,1,0.99140584
1,0,0.4387401
1,1,0.63736945
1,1,0.6766733
1,1,0.97140163
1,1,0.63956726
1,1,0.9380673
1,1,0.9672869
1,1,0.95561
1,1,0.9495292
1,1,0.9899476
1,1,0.9893063
1,1,0.96095175
1,1,0.6512439
1,1,0.9998785
1,1,0.95606345
1,1,0.8708172
1,1,0.9878762
1,1,0.76454014
1,1,0.9946774
1,1,0.99790895
1,1,0.9939731
1,1,0.997537
1,1,0.9931496
1,0,0.3692014
1,1,0.88563144
1,1,0.99983776
1,1,0.9274948
1,1,0.9645559
1,1,0.9430336
1,1,0.95961094
1,1,0.9974837
1,1,0.9557341
1,1,0.692642
1,1,0.99983656
1,1,0.9926542
1,1,0.78637683
1,1,0.99789256
1,1,0.9957188
1,1,0.8003021
1,1,0.9951514
1,1,0.9972904
1,1,0.9870297
1,0,0.023197627
1,1,0.98892784
1,1,0.98986953
1,1,0.9986033
1,1,0.9762654
1,1,0.9968458
1,1,0.99863297
1,1,0.99040353
1,1,0.934455
1,1,0.98168314
1,1,0.91573364
1,1,0.776877
1,1,0.62983155
1,1,0.93587595
1,1,0.98815376
1,1,0.88038635
1,1,0.9393595
1,1,0.94810647
1,1,0.9998741
1,1,0.9968149
1,0,0.09920809
1,1,0.97334224
1,1,0.97419035
1,1,0.9628132
1,1,0.56615347
1,1,0.9985506
1,1,0.9526623
1,1,0.9933072
1,1,0.72845864
1,1,0.9959927
1,1,0.99268264
1,1,0.8349459
1,1,0.9989371
1,1,0.9935743
1,1,0.93663365
1,0,0.36234847
1,1,0.9973477
1,1,0.98835784
1,1,0.6937324
1,1,0.82914644
1,1,0.99101454
1,1,0.9781146
1,1,0.7240906
1,1,0.99843913
1,1,0.9825743
1,1,0.523565
1,1,0.9890554
1,1,0.9997273
1,1,0.9872528
1,1,0.9617859
1,1,0.90582335
1,0,0.080574244
1,1,0.9668514
1,1,0.99911517
1,1,0.9998267
1,1,0.98442644
1,0,0.064653486
1,1,0.9975274
1,1,0.99718815
1,1,0.9992519
1,1,0.8741309
1,1,0.661349
1,1,0.78621274
1,1,0.9863105
1,1,0.9137535
1,1,0.8232573
1,1,0.7574357
1,1,0.99396133
1,1,0.93127525
1,1,0.98365986
1,1,0.97436166
1,1,0.98986953
1,1,0.91125864
1,1,0.9555271
1,1,0.9998505
1,0,0.28781784
1,1,0.9976586
1,1,0.96415305
1,1,0.9975032
1,1,0.9036349
1,1,0.9457011
1,1,0.99407744
1,1,0.9819619
1,1,0.9955662
1,1,0.99964714
1,1,0.9849563
1,1,0.99947053
1,0,0.40606683
1,1,0.93546456
1,1,0.98387814
1,1,0.99978095
1,1,0.97889495
1,1,0.99722075
1,1,0.99097973
1,1,0.65141034
1,1,0.6236634
1,1,0.8653379
1,1,0.9943691
1,1,0.962462
1,1,0.9847231
1,1,0.9989267
1,1,0.9973477
1,1,0.9114165
1,1,0.97458035
1,1,0.9811488
1,1,0.80278754
1,1,0.992597
1,1,0.99793327
1,1,0.7160201
1,1,0.9152046
1,0,0.10585582
1,1,0.9989267
1,0,0.42599323
1,1,0.7372528
1,1,0.66974485
1,1,0.99981767
1,1,0.9889064
1,1,0.99664956
1,1,0.89256257
1,1,0.9370958
1,1,0.9704367
1,1,0.79692537
1,1,0.98264104
1,1,0.9977787
1,0,0.27904198
1,1,0.97828114
1,1,0.9961306
1,1,0.9894907
1,1,0.9951325
1,1,0.9911527
1,1,0.7304341
1,1,0.991032
1,1,0.99794525
1,1,0.93220687
1,1,0.9923193
1,1,0.99588215
1,1,0.8396682
1,0,0.112991005
1,1,0.9997826
1,1,0.9706599
1,1,0.8775293
1,0,0.22884513
1,1,0.7898827
1,1,0.9849563
1,1,0.9997584
1,1,0.8834373
1,0,0.090896755
1,0,0.20995523
1,1,0.7957375
1,1,0.90950596
1,1,0.9835338
1,1,0.68710536
1,1,0.9704367
1,1,0.99621993
1,1,0.98481095
1,1,0.58302534
1,1,0.9472348
1,1,0.9863631
1,1,0.99839276
1,1,0.67720723
1,0,0.35527143
1,1,0.99860877
1,1,0.82290184
1,1,0.9794133
1,1,0.99991417
1,1,0.9954261
1,1,0.9591543
1,1,0.9848401
1,1,0.6208803
1,1,0.9781146
1,1,0.9813286
1,1,0.9979532
1,1,0.5530075
1,0,0.22807053
1,1,0.99776125
1,1,0.8919523
1,1,0.9774571
1,1,0.9725193
1,1,0.9993148
1,1,0.8698252
1,1,0.8672045
1,1,0.98365986
1,1,0.99806195
1,1,0.9984633
1,1,0.9497627
1,1,0.9897315
1,1,0.8952483
1,1,0.9968702
1,1,0.97628796
1,1,0.9775644
1,1,0.9526623
1,0,0.029788302
1,1,0.93885684
1,1,0.96242666
1,1,0.9952632
1,1,0.94138527
1,1,0.9898892
1,1,0.98159516
1,1,0.8984106
1,1,0.94829834
1,1,0.60981464
1,1,0.9951984
1,1,0.9763782
1,0,0.40625823
1,1,0.9914887
1,1,0.97346866
1,1,0.5375573
1,0,0.18068421
1,1,0.9974885
1,1,0.99901116
1,0,0.38291994
1,1,0.99946004
1,1,0.93033177
1,1,0.9984269
1,1,0.97779876
1,1,0.9991689
1,0,0.25118822
1,1,0.9790758
1,1,0.67678016
1,1,0.9480585
1,1,0.9927812
1,1,0.9378969
1,1,0.9957767
1,1,0.8687154
1,1,0.9951137
1,1,0.9953181
1,1,0.967132
1,1,0.8061669
1,1,0.56083244
1,0,0.38205498
1,1,0.9914391
1,1,0.93451476
1,1,0.6308555
1,1,0.9932681
1,1,0.89048487
1,1,0.9702116
1,1,0.9950755
1,1,0.91648406
1,1,0.9992084
1,1,0.97520185
1,1,0.7685595
1,1,0.97510713
1,1,0.95683634
1,1,0.8684367
1,0,0.19713514
1,1,0.99935883
1,1,0.8929832
1,1,0.9930153
1,1,0.6848439
1,1,0.9984114
1,1,0.8853839
1,1,0.9992679
1,1,0.97275317
1,1,0.9539232
1,1,0.95506835
1,1,0.96329963
1,1,0.97052056
1,1,0.896614
1,1,0.81844676
1,1,0.9727791
1,1,0.99921453
1,1,0.9907499
1,1,0.99882597
1,1,0.9924666
1,1,0.94218844
1,0,0.03289904
1,1,0.9920002
1,1,0.9957848
1,1,0.9384633
1,1,0.7521036
1,1,0.9764681
1,1,0.9886464
1,1,0.99324185
1,1,0.81938803
1,1,0.9905874
1,1,0.99930406
1,1,0.5728572
1,1,0.99986064
1,1,0.8061669
1,1,0.99984455
1,0,0.06412401
1,1,0.9987503
1,1,0.9502266
1,1,0.9756001
1,0,0.3585215
1,1,0.9976311
1,1,0.9938309
1,1,0.5427137
1,1,0.65013415
1,1,0.9975418
1,1,0.9075583
1,1,0.8507789
1,1,0.9708817
1,1,0.9981067
1,1,0.99361163
1,1,0.9672869
1,0,0.3355141
1,0,0.08336651
1,0,0.038901985
1,1,0.6091173
1,1,0.9735945
1,0,0.17909941
1,0,0.2719762
1,1,0.9989225
1,1,0.9748691
1,1,0.9911355
1,1,0.8393393
1,1,0.7913377
1,1,0.58916986
1,1,0.9876401
1,1,0.99647564
1,1,0.9941801
1,1,0.6802417
1,1,0.8736466
1,1,0.9951703
1,1,0.62397856
1,1,0.98293835
1,1,0.99649614
1,1,0.5904546
1,1,0.993255
1,1,0.94901186
1,1,0.8821236
1,1,0.9913892
1,1,0.99544394
1,0,0.4903424
1,1,0.63091236
1,1,0.89228123
1,1,0.9996705
1,0,0.3990503
1,1,0.9793935
1,1,0.99984276
1,1,0.9992461
1,1,0.9967078
1,1,0.7570767
1,1,0.98672616
1,1,0.99983263
1,1,0.98574555
1,1,0.99317604
1,0,0.109372385
1,1,0.84195566
1,0,0.30270016
1,1,0.828731
1,1,0.99293363
1,1,0.99575186
1,1,0.9287327
1,1,0.99825555
1,1,0.6658453
1,0,0.4206442
1,1,0.76273346
1,1,0.80609053
1,1,0.98588216
1,1,0.9534921
1,1,0.5264436
1,1,0.649912
1,0,0.2633151
1,1,0.9979652
1,1,0.754282
1,1,0.95869267
1,1,0.99986494
1,1,0.7646281
1,1,0.9987081
1,1,0.97889495
1,0,0.00070277863
1,1,0.99914575
1,1,0.98846966
1,1,0.5456338
1,1,0.8716389
1,1,0.99664307
1,0,0.14039516
1,1,0.9913892
1,0,0.32546696
1,1,0.99588215
1,1,0.97879386
1,1,0.950503
1,1,0.6515766
1,1,0.95460516
1,1,0.86748546
1,0,0.11747085
1,1,0.99981266
1,1,0.99767226
1,0,0.3147873
1,1,0.99991417
1,1,0.8543386
1,1,0.9997154
1,1,0.9953635
1,1,0.7988153
1,0,0.017661398
1,1,0.668718
1,1,0.8900078
1,1,0.9449439
1,1,0.8120489
1,1,0.92523
1,1,0.9567556
1,0,0.43623173
1,1,0.9250947
1,1,0.9820826
1,1,0.99343574
1,0,0.25238404
1,1,0.994729
1,1,0.89152807
1,1,0.99852496
1,1,0.83406925
1,1,0.94417685
1,1,0.745491
1,1,0.9988305
1,1,0.88774097
1,1,0.7297124
1,1,0.9976126
1,1,0.9908213
1,1,0.9746528
1,1,0.845624
1,1,0.84581506
1,1,0.9300781
1,1,0.9987232
1,1,0.876423
1,1,0.96333414
1,1,0.9786107
1,0,0.24050692
1,1,0.9001793
1,1,0.94825053
1,0,0.09518112
1,1,0.98934746
1,1,0.97863114
1,1,0.55694187
1,1,0.7370635
1,1,0.9329437
1,1,0.9784466
1,1,0.984516
1,1,0.99847823
1,1,0.9592307
1,0,0.26293644
1,1,0.97046465
1,1,0.9635062
1,1,0.78099674
1,1,0.9831176
1,1,0.68563384
1,1,0.88278204
1,1,0.9666002
1,1,0.9923193
1,1,0.9929472
1,1,0.9838472
1,1,0.8766872
1,1,0.9902727
1,0,0.36489072
1,1,0.99779165
1,0,0.23757592
1,1,0.9907678
1,1,0.89991575
1,1,0.9694979
1,1,0.96777767
1,1,0.99735296
1,1,0.6898805
1,1,0.8183742
1,1,0.6380463
1,1,0.9750122
1,1,0.9936733
1,1,0.99954
1,1,0.99886644
1,1,0.9998727
1,1,0.9994547
1,1,0.99097973
1,1,0.8962514
1,1,0.9695556
1,1,0.65924066
1,1,0.998103
1,1,0.9922444
1,1,0.95511025
1,1,0.9997439
1,1,0.99193794
1,1,0.99262565
1,1,0.9958093
1,1,0.99972624
1,1,0.9689444
1,1,0.7557272
1,1,0.99002504
1,1,0.9765801
1,1,0.94600123
1,1,0.9984988
1,1,0.97038054
1,1,0.704516
1,1,0.99219924
1,1,0.9621787
1,1,0.9461506
1,1,0.9992267
1,1,0.9986802
1,1,0.6248374
1,1,0.9944343
1,1,0.90582335
1,1,0.840521
1,1,0.9083743
1,1,0.9737945
1,1,0.9997893
1,1,0.9183339
1,1,0.64159083
1,0,0.07504072
1,1,0.9622497
1,1,0.99182796
1,1,0.9975799
1,0,0.2174206
1,1,0.9997658
1,1,0.999539
1,1,0.9708817
1,1,0.6680145
1,0,0.40755442
1,1,0.95888567
1,0,0.23265867
1,1,0.6974029
1,0,0.37843037
1,1,0.9283439
1,1,0.9962782
1,1,0.994292
1,0,0.11348131
1,1,0.9979966
1,1,0.9944666
1,1,0.757346
1,1,0.71587116
1,1,0.9851003
1,1,0.96131647
1,1,0.99956864
1,1,0.77089626
1,1,0.9908744
1,1,0.9944559
1,1,0.6199316
1,1,0.9994797
1,1,0.73890465
1,1,0.753648
1,0,0.3876034
1,1,0.9730109
1,1,0.9993487
1,1,0.99984276
1,0,0.25293723
1,1,0.5149968
1,1,0.9384068
1,1,0.99735296
1,1,0.78407115
1,1,0.7373473
1,1,0.9329437
1,1,0.96697646
1,1,0.9521755
1,1,0.8711464
1,1,0.99518895
1,1,0.9591926
1,1,0.99985576
1,1,0.9987356
1,0,0.39557192
1,1,0.9567556
1,1,0.93581736
1,1,0.950457
1,1,0.9548163
1,1,0.9827738
1,1,0.9732915
1,1,0.7261344
1,1,0.755637
1,0,0.3081382
1,1,0.9883128
1,1,0.9803374
1,1,0.9997367
1,1,0.97962874
1,1,0.9546897
1,0,0.3441403
1,1,0.9601375
1,1,0.82997495
1,0,0.15178064
1,1,0.9650203
1,0,0.4528081
1,1,0.99381906
1,1,0.99808073
1,1,0.91543174
1,1,0.97369474
1,1,0.959001
1,1,0.98801583
1,1,0.9931496
1,1,0.9703525
1,1,0.9992679
1,0,0.1302301
1,1,0.5931969
1,1,0.72927886
1,0,0.12049055
1,1,0.9555686
1,1,0.98819935
1,1,0.92762595
1,0,0.20833996
1,1,0.9226916
1,1,0.99459416
1,0,0.28577045
1,0,0.22575782
1,1,0.9890343
1,1,0.9975177
1,1,0.9631613
1,1,0.66257817
1,1,0.86060363
1,1,0.94427973
1,1,0.96792966
1,1,0.85741025
1,1,0.9772191
1,1,0.90681833
1,1,0.648021
1,1,0.9984633
1,1,0.99384296
1,1,0.9691787
1,1,0.9783226
1,1,0.982117
1,1,0.990892
1,1,0.92563426
1,1,0.7632191
1,0,0.091058284
1,1,0.70201963
1,1,0.9914225
1,1,0.9952077
1,1,0.9227612
1,1,0.96408546
1,0,0.28402954
1,0,0.45354924
1,1,0.99543506
1,1,0.99485034
1,1,0.82997495
1,1,0.9871044
1,1,0.943608
1,1,0.8747742
1,1,0.99621993
1,1,0.9990188
1,1,0.99936634
1,1,0.7970834
1,1,0.9964204
1,1,0.8881781
1,1,0.9721515
1,1,0.9786719
1,1,0.99927205
1,1,0.9981505
1,1,0.72700745
1,1,0.5466625
1,1,0.9666002
1,1,0.9687677
1,1,0.982117
1,1,0.9840936
1,1,0.99674594
1,1,0.9764681
1,0,0.08108211
1,1,0.9474297
1,1,0.9933072
1,1,0.92523
1,1,0.8206851
1,1,0.9964064
1,1,0.79581684
1,1,0.87450653
1,1,0.997065
1,0,0.34648603
1,1,0.9592307
1,1,0.7584211
1,0,0.48575595
1,1,0.99948776
1,1,0.937783
1,1,0.99959
1,1,0.9655115
1,1,0.9981969
1,1,0.90958625
1,0,0.17133832
1,1,0.9976993
1,1,0.97773504
1,1,0.9947084
1,1,0.51721275
1,1,0.7645841
1,1,0.9965771
1,1,0.714379
1,1,0.7988153
1,1,0.72758853
1,1,0.9858549
1,1,0.9877587
1,1,0.9683214
1,1,0.551083
1,1,0.92290026
1,1,0.943919
1,1,0.8893368
1,0,0.1107113
1,1,0.9710193
1,1,0.91102153
1,1,0.91543174
1,0,0.44351006
1,1,0.99508506
1,1,0.94261247
1,1,0.994089
1,1,0.9885804
1,1,0.9402983
1,0,0.19163005
1,1,0.992837
1,1,0.9983354
1,1,0.97517824
1,1,0.8610131
1,1,0.9955662
1,1,0.9992834
1,1,0.99195355
1,1,0.9791158
1,1,0.9337335
1,1,0.93379396
1,1,0.99792516
1,1,0.9912548
1,1,0.9537512
1,1,0.96138906
1,1,0.9820655
1,1,0.77424216
1,1,0.9635062
1,1,0.99341017
1,1,0.9202897
1,1,0.99718815
1,1,0.7574357
1,1,0.9368073
1,0,0.15443976
1,1,0.9107044
1,1,0.96829146
1,1,0.97885466
1,0,0.36783782
1,0,0.094426885
1,1,0.63414687
1,1,0.9926399
1,1,0.99372226
1,1,0.9900058
1,1,0.99983263
1,1,0.99978846
1,1,0.9904221
1,1,0.8320321
1,1,0.998662
1,1,0.7374419
1,1,0.7183475
1,1,0.87584007
1,1,0.99302894
1,0,0.3807589
1,1,0.9502727
1,1,0.94664603
1,1,0.94224155
1,1,0.9899087
1,1,0.98932695
1,1,0.99727964
1,1,0.9626028
1,1,0.98922324
1,1,0.98324674
1,1,0.9444849
1,1,0.6898282
1,1,0.9791955
1,1,0.997459
1,0,0.27163795
1,1,0.93318766
1,1,0.99986124
1,1,0.99477994
1,1,0.99210805
1,0,0.4600387
1,0,0.008156249
1,1,0.5110036
1,1,0.66909647
1,1,0.9970131
1,1,0.9948704
1,1,0.9394706
1,1,0.99603915
1,1,0.99378294
1,0,0.17147702
1,1,0.96309197
1,1,0.9397477
1,1,0.53166914
1,1,0.8236123
1,1,0.8231153
1,1,0.8783664
1,1,0.9718593
1,1,0.9945201
1,1,0.99984527
1,1,0.8890481
1,0,0.12689333
1,1,0.87386215
1,1,0.9999316
1,1,0.99420255
1,1,0.9905509
1,0,0.16988736
1,1,0.9925249
1,1,0.95880854
1,1,0.9730877
1,1,0.9907499
1,0,0.15960997
1,1,0.99047756
1,0,0.13212213
1,1,0.990892
1,1,0.6963198
1,1,0.97573924
1,0,0.06383161
1,1,0.9799574
1,1,0.9973786
1,1,0.9636776
1,0,0.49342385
1,0,0.31294715
1,1,0.9979372
1,1,0.9248914
1,1,0.9991991
1,1,0.9994081
1,0,0.15297888
1,1,0.99867755
1,1,0.626067
1,1,0.9756001
1,1,0.99881905
1,1,0.9997098
1,0,0.07416429
1,1,0.97543687
1,1,0.99693656
1,1,0.82190347
1,1,0.93674946
1,1,0.99982125
1,1,0.9137535
1,1,0.8996516
1,1,0.7162186
1,0,0.085632786
1,1,0.99804676
1,1,0.94924754
1,1,0.9984692
1,1,0.9952077
1,1,0.988425
1,1,0.99589807
1,1,0.84097856
1,1,0.98571813
1,1,0.9781146
1,1,0.9915707
1,1,0.9829874
1,1,0.9795506
1,1,0.7919015
1,1,0.9197147
1,1,0.99687636
1,1,0.7848967
1,1,0.9977393
1,1,0.9974191
1,1,0.98986953
1,1,0.99750805
1,1,0.99855906
1,1,0.9813107
1,1,0.512039
1,1,0.9829547
1,1,0.937669
1,1,0.9998845
1,0,0.06041842
1,0,0.3438924
1,1,0.98215127
1,1,0.9982993
1,1,0.55573666
1,1,0.9152046
1,1,0.9336126
1,1,0.99965465
1,1,0.99867237
1,1,0.99952996
1,1,0.97280496
1,1,0.9961004
1,1,0.9730109
1,1,0.9982993
1,1,0.87621135
1,1,0.9914225
1,1,0.89358836
1,1,0.9912209
1,1,0.99866986
1,0,0.3753057
1,1,0.9974934
1,1,0.9384633
1,1,0.83682144
1,1,0.936285
1,1,0.88095075
1,1,0.9928092
1,1,0.94644845
1,0,0.33312345
1,1,0.9567556
1,1,0.96609205
1,1,0.82893884
1,1,0.9939964
1,0,0.0037362208
1,1,0.9355235
1,1,0.99970055
1,1,0.9905143
1,1,0.9995505
1,1,0.9449439
1,1,0.9111006
1,1,0.9824568
1,1,0.97298527
1,0,0.4431711
1,1,0.97246706
1,1,0.9848401
1,1,0.99855906
1,1,0.9990582
1,1,0.9000915
1,1,0.96378
1,1,0.58148134
1,1,0.9122018
1,1,0.9964551
1,1,0.9829874
1,1,0.99898773
1,1,0.99980515
1,1,0.99897975
1,1,0.96378
1,1,0.99273914
1,0,0.28851897
1,1,0.99324185
1,1,0.9952077
1,1,0.9468921
1,1,0.994615
1,1,0.9876639
1,1,0.83189553
1,1,0.99401975
1,1,0.79157954
1,1,0.89805347
1,1,0.92206234
1,1,0.87663436
1,1,0.9899087
1,1,0.86060363
1,1,0.9155828
1,1,0.55676866
1,1,0.97513086
1,1,0.9013143
1,1,0.9532315
1,1,0.882022
1,1,0.97520185
1,1,0.99858415
1,1,0.9898499
1,1,0.99984586
1,1,0.9843364
1,1,0.99834836
1,0,0.3316607
1,1,0.8283842
1,1,0.9831176
1,1,0.937669
1,1,0.9146726
1,1,0.9959693
1,0,0.26483342
1,1,0.99886864
1,1,0.704516
1,1,0.8263618
1,0,0.34532604
1,1,0.997813
1,1,0.99986494
1,1,0.98478174
1,1,0.8893368
1,1,0.98625773
1,1,0.9964619
1,1,0.9706599
1,1,0.96028674
1,1,0.6365791
1,1,0.9383503
1,1,0.8896248
1,1,0.9951703
1,1,0.9763105
1,1,0.9465967
1,1,0.9924521
1,1,0.9993094
1,1,0.8166259
1,1,0.9199307
1,1,0.9152803
1,1,0.9449947
1,1,0.9882676
1,1,0.9408442
1,1,0.8509647
1,1,0.9963924
1,1,0.9966168
1,1,0.97786224
1,1,0.99209267
1,1,0.99085677
1,1,0.7696867
1,1,0.99709344
1,1,0.81227237
1,1,0.81242126
1,1,0.9300781
1,1,0.9747491
1,0,0.08277146
1,1,0.99554896
1,1,0.943919
1,1,0.93611
1,1,0.76171577
1,1,0.99393785
1,1,0.9768024
1,1,0.9868281
1,1,0.57242405
1,1,0.996183
1,1,0.9973008
1,1,0.9259697
1,1,0.9631613
1,1,0.9973322
1,1,0.99313617
1,1,0.8527516
1,1,0.7235049
1,1,0.7913377
1,1,0.9924666
1,1,0.9835022
1,1,0.99454135
1,1,0.98410887
1,1,0.96210754
1,1,0.99097973
1,1,0.95253
1,1,0.9906238
1,1,0.96805066
1,1,0.9981067
1,0,0.47581273
1,1,0.8983214
1,1,0.99719363
1,1,0.9933589
1,1,0.5832034
1,1,0.9813643
1,1,0.83413684
1,1,0.84123963
1,1,0.99170023
1,1,0.9999151
1,1,0.8663589
1,1,0.86652833
1,1,0.9989956
1,1,0.9742639
1,1,0.9914391
1,1,0.94018847
1,0,0.40668523
1,1,0.9993893
1,1,0.9716448
1,1,0.9235233
1,1,0.988108
1,1,0.7480763
1,1,0.9909622
1,1,0.9742149
1,1,0.99425864
1,1,0.65450835
1,1,0.9914225
1,0,0.07323097
1,1,0.66562796
1,1,0.9872528
1,1,0.9251624
1,1,0.98157746
1,1,0.94829834
1,1,0.6285784
1,1,0.99586606
1,1,0.99517965
1,1,0.95976204
1,1,0.9898499
1,0,0.05296077
1,1,0.991339
1,1,0.5621164
1,1,0.96347195
1,1,0.9971495
1,1,0.9405172
1,1,0.6584175
1,1,0.99705935
1,1,0.9659317
1,1,0.9989698
1,1,0.9622497
1,1,0.9912378
1,1,0.9923786
1,1,0.9996743
1,0,0.022053316
1,1,0.67555064
1,1,0.9336126
1,1,0.9979048
1,1,0.9625677
1,1,0.997851
1,1,0.99907637
1,1,0.9998097
1,1,0.66519314
1,1,0.9899282
1,1,0.63238925
1,1,0.96672606
1,1,0.9822708
1,1,0.9994956
1,1,0.63522243
1,1,0.99906737
1,1,0.9845309
1,1,0.9309621
1,0,0.43212333
1,1,0.94509614
1,1,0.8255897
1,1,0.9894499
1,1,0.7839058
1,1,0.93587595
1,1,0.8017807
1,1,0.83828294
1,0,0.44934735
1,0,0.04304285
1,1,0.8177201
1,1,0.92563426
1,1,0.9083743
1,1,0.9129808
1,1,0.9981969
1,1,0.98638946
1,1,0.9922444
1,1,0.8933094
1,1,0.87010133
1,0,0.116161086
1,0,0.0060621547
1,1,0.9991524
1,1,0.9452985
1,1,0.94544977
1,1,0.9997527
1,1,0.6999214
1,1,0.89991575
1,1,0.967101
1,1,0.98672616
1,1,0.99926203
1,0,0.21019831
1,1,0.9073123
1,1,0.93991333
1,1,0.9974934
1,1,0.9977482
1,1,0.57475287
1,1,0.99582565
1,1,0.7372528
1,1,0.9700135
1,1,0.983597
1,1,0.997851
1,1,0.9448931
1,1,0.99952805
1,1,0.9541374
1,1,0.9532315
1,1,0.74539834
1,1,0.97730595
1,1,0.98623115
1,1,0.99187535
1,1,0.9814534
1,1,0.97555363
1,1,0.9756698
1,0,0.05696638
1,1,0.9995523
1,0,0.01243165
1,1,0.9993475
1,1,0.7531037
1,1,0.5511359
1,1,0.8772141
1,1,0.9073943
1,1,0.9847231
1,1,0.7662062
1,1,0.98427594
1,1,0.9993424
1,1,0.80448276
1,1,0.8337311
1,1,0.9673178
1,1,0.88247854
1,0,0.40280315
1,0,0.2798285
1,1,0.9451974
1,1,0.9744834
1,1,0.999049
1,1,0.97052056
1,1,0.8879841
1,1,0.9971384
1,1,0.9995851
1,1,0.72130173
1,1,0.8191712
1,1,0.9848401
1,1,0.99956435
1,1,0.9716717
1,1,0.967163
1,0,0.24703254
1,1,0.99253935
1,1,0.99943966
1,1,0.98337495
1,1,0.9563905
1,1,0.9976495
1,1,0.8808996
1,1,0.9462501
1,1,0.545891
1,1,0.9899476
1,1,0.99179614
1,1,0.8964329
1,1,0.9094255
1,1,0.9911527
1,1,0.9928786
1,1,0.84286314
1,1,0.6109178
1,1,0.96823144
1,1,0.9998907
1,0,0.31547233
1,1,0.9904406
1,1,0.9231778
1,1,0.99813604
1,1,0.9749646
1,1,0.99135584
1,1,0.9543506
1,0,0.13392411
1,1,0.89152807
1,1,0.999908
1,1,0.97684664
1,1,0.5138838
1,1,0.9947391
1,1,0.9707155
1,1,0.9790958
1,1,0.97957015
1,1,0.7901258
1,1,0.92709976
1,1,0.974018
1,0,0.13834533
1,1,0.9756698
1,1,0.93403506
1,1,0.9932156
1,1,0.9918595
1,1,0.586212
1,1,0.9083743
1,1,0.9590394
1,1,0.9867005
1,1,0.95540243
1,1,0.99060565
1,1,0.9922144
1,0,0.49908447
1,1,0.7711549
1,1,0.90829307
1,1,0.99374664
1,1,0.8199654
1,1,0.98173577
1,1,0.98638946
1,1,0.97436166
1,1,0.99213856
1,1,0.96557647
1,1,0.8532415
1,1,0.78931487
1,1,0.99619776
1,1,0.7995989
1,1,0.6955966
1,1,0.9985191
1,1,0.9990396
1,1,0.9790758
1,1,0.83801806
1,1,0.97057647
1,1,0.5265254
1,0,0.44773194
1,1,0.98168314
1,1,0.990732
1,1,0.99709916
1,1,0.89552265
1,1,0.7934263
1,1,0.9870046
1,1,0.78108025
1,1,0.7814974
1,1,0.9986594
1,1,0.99419135
1,1,0.9975751
1,1,0.88710684
1,1,0.7477081
1,1,0.8872046
1,0,0.45045006
1,0,0.4900907
1,1,0.99931884
1,1,0.99911696
1,1,0.93257624
1,1,0.99644804
1,1,0.7934263
1,1,0.99949074
1,1,0.99851626
1,1,0.6509112
1,1,0.8057851
1,1,0.87716144
1,1,0.9366916
1,1,0.990329
1,1,0.99566
1,1,0.9982351
1,1,0.9067358
1,1,0.936285
1,1,0.7248703
1,1,0.87546796
1,1,0.99184376
1,1,0.97085404
1,0,0.16238004
1,1,0.947186
1,0,0.33881506
1,1,0.9943251
1,1,0.9739189
1,1,0.9953635
1,1,0.9966036
1,1,0.9984269
1,1,0.99844813
1,1,0.74284166
1,0,0.13034077
1,1,0.99588215
1,1,0.82417905
1,1,0.8072328
1,1,0.999864
1,1,0.97836393
1,1,0.91978675
1,1,0.9892855
1,0,0.47315514
1,1,0.999608
1,1,0.96586746
1,1,0.99764496
1,1,0.7685595
1,1,0.99179614
1,1,0.89029425
1,1,0.9991186
1,1,0.76585615
1,1,0.7719295
1,1,0.90772206
1,1,0.9982827
1,1,0.97678024
1,1,0.9320215
1,1,0.99440175
1,1,0.92064714
1,1,0.9952356
1,1,0.9494355
1,1,0.6608841
1,1,0.9996692
1,1,0.8967045
1,0,0.41555092
1,1,0.89048487
1,1,0.997783
1,1,0.99642736
1,1,0.8967045
1,1,0.9662198
1,1,0.9935993
1,1,0.9180404
1,1,0.93071055
1,0,0.03771482
1,1,0.96691406
1,1,0.98588216
1,1,0.9724409
1,1,0.99228936
1,1,0.6432733
1,1,0.9798227
1,1,0.98147124
1,1,0.9007919
1,1,0.99700147
1,1,0.9856353
1,1,0.94844174
1,1,0.512094
1,1,0.9765801
1,1,0.9818231
1,0,0.09756222
1,1,0.9901211
1,1,0.7014575
1,1,0.98272413
1,1,0.9989759
1,1,0.9962638
1,1,0.9989371
1,0,0.103839464
1,0,0.29528072
1,1,0.8447295
1,1,0.60853595
1,1,0.8900078
1,1,0.99541724
1,1,0.9901972
1,1,0.9944988
1,1,0.99983
1,1,0.9923786
1,1,0.9924666
1,0,0.3047654
1,1,0.6998189
1,1,0.97796774
1,1,0.9983897
1,1,0.9935243
1,1,0.9794133
1,1,0.99085677
1,1,0.9036349
1,1,0.9981178
1,1,0.87794846
1,0,0.20347004
1,1,0.84940994
1,0,0.011619772
1,1,0.99529994
1,1,0.95803016
1,1,0.7932662
1,1,0.8725104
1,1,0.96485513
1,1,0.9973008
1,1,0.9993773
1,1,0.8493474
1,1,0.81589353
1,1,0.757346
1,0,0.40245086
1,1,0.98803884
1,0,0.106411695
1,1,0.8945133
1,0,0.18757874
1,1,0.9990638
1,1,0.55290186
1,1,0.83141696
1,1,0.9898303
1,1,0.96472245
1,1,0.96309197
1,1,0.69269395
1,1,0.98157746
1,1,0.99937123
1,1,0.98469365
1,1,0.98657167
1,1,0.99529076
1,1,0.99491006
1,1,0.99384296
1,1,0.9977393
1,1,0.992961
1,1,0.99850756
1,1,0.6151457
1,1,0.93127525
1,1,0.7992073
1,1,0.67555064
1,1,0.9989936
1,1,0.7112304
1,1,0.78032786
1,0,0.36988392
1,1,0.7710687
1,1,0.8847382
1,1,0.98569053
1,1,0.73244834
1,1,0.93698055
1,1,0.99195355
1,1,0.562507
1,0,0.39823094
1,0,0.23493281
1,1,0.96753323
1,0,0.25312182
1,1,0.98007214
1,1,0.99066
1,1,0.9874236
1,1,0.98644173
1,1,0.8961605
1,1,0.9589625
1,1,0.9913726
1,1,0.9916842
1,1,0.85699195
1,1,0.7207124
1,1,0.94463825
1,1,0.953188
1,1,0.8372876
1,1,0.9934865
1,1,0.9695268
1,1,0.7669051
1,1,0.60754675
1,1,0.64880025
1,1,0.97423947
1,0,0.11726853
1,1,0.98486924
1,1,0.677474
1,1,0.9959299
1,1,0.7535573
1,1,0.9858549
1,1,0.99770385
1,1,0.89058006
1,1,0.9998902
1,1,0.9572778
1,1,0.76951355
1,1,0.9802997
1,1,0.689985
1,0,0.28388065
1,1,0.99982184
1,1,0.9771538
1,1,0.7601169
1,1,0.7783967
1,1,0.95362175
1,1,0.7987368
1,0,0.0035657366
1,1,0.9788344
1,1,0.92643696
1,1,0.99895966
1,0,0.2798777
1,1,0.90174776
1,1,0.99723697
1,1,0.80942667
1,1,0.83128005
1,1,0.8976056
1,0,0.47508016
1,1,0.9091839
1,1,0.9832628
1,1,0.7244319
1,1,0.99987066
1,1,0.9863105
1,1,0.8358858
1,1,0.999841
1,1,0.9970708
1,0,0.23118001
1,1,0.9913892
1,1,0.9997428
1,1,0.9987478
1,1,0.82942295
1,1,0.9835338
1,1,0.99735296
1,1,0.9994493
1,1,0.9799574
1,1,0.99723697
1,1,0.9259697
1,1,0.9692369
1,1,0.995037
1,1,0.95783347
1,1,0.9839708
1,1,0.99701905
1,1,0.99040353
1,1,0.9656413
1,1,0.9874479
1,1,0.8560318
1,1,0.9500415
1,1,0.96354055
1,1,0.97662467
1,0,0.32936475
1,1,0.99293363
1,1,0.9771538
1,1,0.9836912
1,0,0.49382052
1,1,0.98466414
1,1,0.6579781
1,1,0.93874466
1,1,0.9300781
1,1,0.9992461
1,0,0.3710227
1,1,0.8741309
1,1,0.99812514
1,1,0.9841851
1,1,0.99517965
1,1,0.5943453
1,1,0.9872528
1,1,0.84286314
1,0,0.45712158
1,1,0.99494946
1,1,0.99374664
1,1,0.9238675
1,1,0.9672869
1,1,0.8350132
1,1,0.89143354
1,1,0.9526182
1,0,0.016106343
1,1,0.99773055
1,1,0.98913974
1,1,0.5878248
1,1,0.9709919
1,1,0.9603984
1,1,0.99843913
1,1,0.8767399
1,1,0.93183565
1,1,0.9980122
1,1,0.99987364
1,1,0.62926215
1,1,0.6827324
1,1,0.98947024
1,1,0.99111825
1,1,0.96560895
1,1,0.99047756
1,1,0.9321451
1,0,0.35370722
1,1,0.97608364
1,1,0.8684367
1,1,0.99379504
1,1,0.9915707
1,0,0.48648116
1,1,0.99842995
1,1,0.9534488
1,1,0.9989309
1,1,0.99957854
1,1,0.9991117
1,1,0.9747971
1,0,0.24310295
1,1,0.58530855
1,1,0.87147486
1,1,0.9985814
1,1,0.6410854
1,0,0.014227046
1,1,0.99525404
1,1,0.9871044
1,1,0.99968314
1,1,0.87120116
1,1,0.75868946
1,1,0.89414424
1,1,0.9980506
1,1,0.5491873
1,1,0.5176471
1,0,0.36727026
1,1,0.9450455
1,1,0.99855345
1,1,0.9964825
1,1,0.9465967
1,0,0.39826015
1,0,0.4620103
1,1,0.97578543
1,1,0.9566747
1,1,0.90105337
1,0,0.3617564
1,1,0.98771137
1,1,0.9792749
1,1,0.99968123
1,1,0.78224695
1,1,0.7543726
1,1,0.94165415
1,1,0.94024336
1,1,0.95190793
1,1,0.99029154
1,1,0.8989885
1,1,0.7053793
1,0,0.30928442
1,1,0.9950563
1,1,0.9817007
1,1,0.7833262
1,1,0.99907637
1,1,0.979354
1,1,0.997783
1,1,0.98651993
1,1,0.985663
1,1,0.8415002
1,0,0.19200853
1,1,0.99744415
1,1,0.9872528
1,1,0.92683524
1,1,0.8121234
1,1,0.9765801
1,1,0.5979307
1,1,0.6592955
1,1,0.996858
1,1,0.7348813
1,1,0.6363814
1,1,0.7451203
1,1,0.7669051
1,1,0.988108
1,1,0.8135349
1,1,0.9539661
1,1,0.7981868
1,0,0.391435
1,0,0.483938
1,1,0.95190793
1,1,0.9851003
1,1,0.66350543
1,1,0.9354055
1,1,0.9594213
1,1,0.95154905
1,1,0.984063
1,1,0.950503
1,1,0.9766024
1,1,0.8646537
1,0,0.49718094
1,1,0.59275496
1,1,0.98481095
1,1,0.99170023
1,1,0.99656373
1,1,0.99477994
1,1,0.76942694
1,1,0.9839091
1,0,0.48697197
1,0,0.21149825
1,1,0.9996402
1,1,0.8346092
1,1,0.9985392
1,1,0.95751673
1,1,0.89302987
1,1,0.99604684
1,1,0.87810534
1,1,0.99724776
1,0,0.32890654
1,0,0.43582648
1,1,0.8852848
1,1,0.64918953
1,1,0.9601375
1,1,0.98507166
1,1,0.9983158
1,1,0.8206851
1,1,0.9360516
1,1,0.99178034
1,1,0.9763331
1,1,0.98862445
1,1,0.9928231
1,1,0.99047756
1,0,0.44337445
1,1,0.9885361
1,1,0.9685601
1,1,0.98018634
1,1,0.9465473
1,1,0.9968087
1,1,0.63324016
1,1,0.99876
1,1,0.97779876
1,1,0.6965263
1,1,0.9915707
1,0,0.47917613
1,1,0.6469344
1,1,0.9830851
1,1,0.964355
1,1,0.9175984
1,1,0.9923341
1,1,0.9854124
1,1,0.9729595
1,1,0.9405172
1,1,0.9819447
1,1,0.81375694
1,1,0.9988236
1,1,0.9915216
1,1,0.9438154
1,1,0.9987453
1,0,0.16913125
1,1,0.96864927
1,0,0.22609939
1,1,0.88793546
1,1,0.9612802
1,1,0.6725468
1,0,0.41389167
1,1,0.9976949
1,0,0.25659907
1,1,0.92241246
1,1,0.9935743
1,1,0.95379424
1,1,0.99611557
1,1,0.992961
1,1,0.9931629
1,1,0.9405172
1,1,0.9730621
1,1,0.7606507
1,1,0.78249633
1,1,0.94261247
1,1,0.88563144
1,1,0.8007699
1,1,0.9986356
1,1,0.99213856
1,1,0.96267307
1,1,0.96560895
1,1,0.99937373
1,1,0.87873113
1,1,0.99957365
1,1,0.99634284
1,1,0.9980161
1,1,0.9306476
1,1,0.62592417
1,1,0.71646667
1,1,0.992597
1,1,0.9970708
1,1,0.9968149
1,1,0.99922824
1,1,0.93868846
1,1,0.9659317
1,1,0.98018634
1,1,0.983343
1,1,0.7256
1,1,0.9995435
1,1,0.8508408
1,1,0.9650863
1,1,0.9972154
1,1,0.9335521
1,1,0.97090924
1,1,0.9979691
1,1,0.99674594
1,1,0.8321685
1,1,0.9922294
1,1,0.94858485
1,1,0.95873135
1,1,0.98478174
1,1,0.9119669
1,1,0.9834705
1,1,0.93930376
1,1,0.9599126
1,1,0.86737317
1,1,0.91436726
1,1,0.71158123
1,0,0.0882686
1,1,0.9036349
1,1,0.9433998
1,1,0.9960699
1,0,0.20299561
1,1,0.9922294
1,1,0.9097468
1,1,0.99619776
1,1,0.98835784
1,1,0.99751294
1,1,0.9928786
1,0,0.034586217
1,1,0.8509647
1,1,0.9238675
1,1,0.8283148
1,1,0.8975158
1,1,0.50600404
1,1,0.99601597
1,1,0.99279517
1,1,0.994146
1,1,0.88095075
1,1,0.979354
1,1,0.842669
1,1,0.9912548
1,0,0.1698185
1,1,0.957794
1,1,0.9973218
1,1,0.9551521
1,0,0.3265935
1,1,0.9932288
1,1,0.6734064
1,1,0.5798763
1,1,0.6924341
1,1,0.952882
1,1,0.9921841
1,1,0.99980444
1,1,0.9958175
1,1,0.95226437
1,1,0.88413936
1,0,0.025858777
1,1,0.9094255
1,1,0.9406263
1,1,0.9394706
1,1,0.9990638
1,1,0.6638869
1,1,0.9905509
1,0,0.4788868
1,1,0.9807288
1,1,0.68757755
1,1,0.99101454
1,1,0.99989283
1,1,0.9942363
1,1,0.92241246
1,1,0.9219218
1,1,0.9733675
1,1,0.79486305
1,1,0.5204544
1,1,0.6914973
1,1,0.9861247
1,1,0.9901972
1,1,0.992062
1,0,0.31394538
1,1,0.988062
1,0,0.40142378
1,1,0.9927532
1,1,0.9976769
1,1,0.9636434
1,1,0.97773504
1,1,0.96017486
1,1,0.9836285
1,1,0.8337311
1,1,0.94018847
1,1,0.99545276
1,1,0.9633687
1,1,0.9858549
1,1,0.89209336
1,1,0.9877351
1,1,0.9458012
1,1,0.72749174
1,1,0.99984026
1,1,0.9959771
1,1,0.97675806
1,1,0.99554896
1,1,0.9753666
1,1,0.99460465
1,1,0.9130583
1,1,0.7518304
1,1,0.9814534
1,1,0.9971495
1,1,0.9955662
1,1,0.9617859
1,1,0.9939964
1,1,0.99732697
1,1,0.88308483
1,1,0.97543687
1,1,0.9990169
1,1,0.52267045
1,1,0.8975158
1,1,0.9881309
1,1,0.974018
1,1,0.95594025
1,0,0.42748633
1,0,0.34339675
1,1,0.58918464
1,1,0.9241418
1,1,0.99476975
1,1,0.98609793
1,1,0.9969722
1,1,0.5290505
1,1,0.99982184
1,1,0.9628132
1,1,0.99709344
1,1,0.9917163
1,1,0.5660935
1,0,0.3265398
1,0,0.44422194
1,1,0.94834626
1,1,0.97850823
1,1,0.70715195
1,1,0.68637
1,1,0.8093514
1,0,0.49676517
1,1,0.9998529
1,1,0.99968123
1,1,0.96841115
1,1,0.98400164
1,1,0.937669
1,1,0.92100316
1,1,0.9644221
1,1,0.98947024
1,1,0.6412539
1,1,0.99595356
1,1,0.64220816
1,1,0.9975177
1,1,0.98157746
1,0,0.24041776
1,1,0.9957188
1,1,0.94644845
1,1,0.9990073
1,1,0.9898107
1,1,0.82275945
1,1,0.99680245
1,1,0.9986904
1,1,0.80494314
1,1,0.9935243
1,1,0.88156396
1,1,0.99989367
1,1,0.99937123
1,1,0.9989818
1,1,0.9563497
1,1,0.73545164
1,1,0.99771726
1,0,0.20204929
1,1,0.78588426
1,1,0.7362584
1,1,0.99583375
1,1,0.98913974
1,1,0.5543046
1,0,0.14004198
1,0,0.4541771
1,1,0.9912717
1,1,0.9992549
1,1,0.9907499
1,1,0.9139073
1,1,0.9642878
1,1,0.9748452
1,1,0.9988708
1,1,0.77990913
1,1,0.99830914
1,1,0.9538373
1,1,0.9921841
1,1,0.99843913
1,1,0.9995141
1,1,0.99853635
1,0,0.24242975
1,1,0.94176143
1,1,0.9993424
1,1,0.6720627
1,1,0.99619776
1,1,0.9997826
1,1,0.98657167
1,1,0.9467446
1,1,0.9959693
1,1,0.9897315
1,1,0.972336
1,1,0.9214283
1,1,0.95418006
1,1,0.6440572
1,1,0.97085404
1,1,0.9444336
1,1,0.9097468
1,1,0.96753323
1,1,0.9997098
1,1,0.9988508
1,1,0.96028674
1,1,0.5827285
1,1,0.99568534
1,1,0.9969126
1,0,0.4341914
1,1,0.87191176
1,1,0.98213416
1,1,0.97409195
1,1,0.8894329
1,1,0.9968458
1,0,0.026912306
1,0,0.45025364
1,1,0.99664956
1,1,0.9535786
1,1,0.9999083
1,1,0.9976949
1,1,0.5387785
1,1,0.96472245
1,1,0.9998005
1,1,0.93220687
1,1,0.9747971
1,1,0.99271095
1,1,0.9026955
1,1,0.9984084
1,1,0.8842893
1,1,0.9940428
1,1,0.99529076
1,1,0.97262347
1,1,0.99948466
1,0,0.4075397
1,1,0.8961605
1,1,0.882883
1,1,0.99916553
1,1,0.8358858
1,0,0.3002837
1,1,0.83960253
1,1,0.99799275
1,1,0.9059898
1,1,0.61007607
1,1,0.8847382
1,1,0.99984944
1,1,0.7715854
1,1,0.9830688
1,0,0.03374837
1,1,0.99173236
1,1,0.8543993
1,1,0.91398406
1,1,0.9854124
1,1,0.9976949
1,1,0.9954261
1,1,0.9351099
1,1,0.9558166
1,1,0.8957965
1,1,0.5342404
1,1,0.9014011
1,1,0.95873135
1,1,0.7761991
1,0,0.26616648
1,1,0.9997428
1,1,0.57451415
1,1,0.9969187
1,1,0.9984603
1,1,0.98238933
1,1,0.9909272
1,1,0.91125864
1,1,0.94287604
1,1,0.9923638
1,1,0.7467858
1,1,0.83534926
1,1,0.90235174
1,1,0.9981614
1,1,0.9915216
1,1,0.9832628
1,0,0.44351006
1,1,0.9379537
1,1,0.7489954
1,1,0.97792566
1,1,0.99256825
1,0,0.003794834
1,1,0.99743915
1,1,0.9027811
1,1,0.9394706
1,1,0.9997305
1,0,0.4597791
1,1,0.9164094
1,1,0.966028
1,0,0.05572029
1,1,0.98080254
1,1,0.87283593
1,1,0.8304567
1,1,0.9581087
1,1,0.7078593
1,1,0.99603915
1,1,0.96069443
1,1,0.99963593
1,1,0.79366624
1,1,0.9521755
1,1,0.9590394
1,1,0.9241418
1,0,0.08709683
1,1,0.99760324
1,1,0.8145696
1,1,0.98862445
1,1,0.99984276
1,1,0.9981141
1,1,0.99066
1,1,0.64863324
1,1,0.7310586
1,1,0.9897315
1,1,0.97578543
1,1,0.9702681
1,1,0.99762183
1,1,0.9952448
1,1,0.99953806
1,1,0.7567173
1,1,0.99609274
1,1,0.8880812
1,1,0.9114953
1,1,0.91046584
1,1,0.6617043
1,1,0.9965166
1,1,0.7660312
1,0,0.20394525
1,1,0.99047756
1,1,0.9928231
1,1,0.9309621
1,1,0.89414424
1,1,0.9959771
1,1,0.8849373
1,1,0.6629601
1,1,0.98164797
1,1,0.96415305
1,1,0.9900828
1,0,0.049267832
1,1,0.8041754
1,1,0.9913223
1,1,0.99437994
1,1,0.9803186
1,0,0.022759156
1,1,0.89947516
1,1,0.99992573
1,1,0.503498
1,1,0.99792516
1,1,0.964822
1,1,0.9865976
1,1,0.86613256
1,1,0.9797647
1,1,0.9918595
1,1,0.9927812
1,1,0.9914722
1,1,0.99184376
1,1,0.8255897
1,1,0.9764681
1,1,0.99291986
1,0,0.17398883
1,1,0.6348546
1,1,0.99740905
1,1,0.98141783
1,1,0.8421505
1,1,0.8600169
1,1,0.9871044
1,1,0.98535615
1,1,0.9720986
1,1,0.9734938
1,1,0.99517965
1,0,0.39855278
1,1,0.64478445
1,0,0.43869504
1,1,0.9984176
1,1,0.9932811
1,1,0.8692713
1,1,0.9994611
1,1,0.93257624
1,1,0.9539661
1,1,0.9998766
1,1,0.99735296
1,1,0.9800913
1,1,0.8881297
1,0,0.17300858
1,1,0.9811849
1,1,0.9756698
1,1,0.98871195
1,1,0.9265035
1,1,0.9816127
1,1,0.84777886
1,1,0.9990471
1,1,0.9888419
1,1,0.9505489
1,1,0.90523857
1,1,0.76109487
1,1,0.9863105
1,1,0.97573924
1,1,0.99826247
1,1,0.9981969
1,1,0.9964825
1,1,0.62948996
1,1,0.9573974
1,1,0.8020909
1,1,0.9701835
1,1,0.91964257
1,1,0.9830851
1,0,0.4996376
1,1,0.9971661
1,0,0.21076632
1,1,0.9934738
1,0,0.24707796
1,1,0.99986863
1,1,0.98844737
1,1,0.93622667
1,1,0.9083743
1,1,0.9761519
1,0,0.24364243
1,1,0.9993881
1,1,0.85639244
1,1,0.9953454
1,1,0.991032
1,1,0.9970247
1,1,0.99419135
1,1,0.9393595
1,1,0.9352874
1,1,0.97726256
1,1,0.9984633
1,1,0.97773504
1,1,0.95145893
1,1,0.82650185
1,1,0.99918
1,1,0.9990656
1,1,0.9992848
1,1,0.82768893
1,1,0.83999664
1,1,0.88373864
1,1,0.7804952
1,1,0.99053264
1,1,0.9831822
1,1,0.9961456
1,1,0.9482025
1,0,0.2177531
1,1,0.95473194
1,1,0.98617804
1,1,0.9984603
1,1,0.9459513
1,1,0.88478804
1,1,0.89274967
1,1,0.98521465
1,1,0.9656736
1,1,0.99381906
1,1,0.90966654
1,1,0.9908744
1,1,0.950457
1,0,0.17816807
1,1,0.7397986
1,1,0.99298817
1,1,0.995488
1,1,0.87043214
1,1,0.9905691
1,1,0.9965904
1,1,0.9705485
1,1,0.91928095
1,0,0.174059
1,1,0.98264104
1,1,0.9969897
1,1,0.9916681
1,1,0.9858004
1,1,0.98375374
1,1,0.9990283
1,1,0.9932811
1,1,0.62079406
1,1,0.9543506
1,1,0.93318766
1,0,0.28051782
1,1,0.9714559
1,1,0.93930376
1,1,0.5628074
1,0,0.4353313
1,1,0.9725715
1,0,0.047869008
1,1,0.9272316
1,1,0.9723622
1,1,0.8080672
1,1,0.8975158
1,0,0.28562096
1,0,0.25991955
1,1,0.9731898
1,1,0.9993724
1,0,0.07613248
1,1,0.60209084
1,1,0.9819447
1,1,0.9716448
1,1,0.95430803
1,0,0.070176296
1,1,0.98899186
1,1,0.98549646
1,1,0.9983707
1,1,0.9776499
1,1,0.6898805
1,1,0.9948902
1,1,0.99735296
1,0,0.49316964
1,1,0.98833525
1,1,0.7314424
1,1,0.8983214
1,1,0.88353777
1,1,0.97267544
1,1,0.972336
1,1,0.99351174
1,1,0.9960083
1,1,0.9970536
1,1,0.9975514
1,1,0.9940428
1,1,0.9834705
1,1,0.7940658
1,1,0.9442283
1,1,0.7546439
1,1,0.99890554
1,1,0.96814114
1,1,0.98141783
1,1,0.96333414
1,1,0.9570777
1,1,0.9810401
1,1,0.97702265
1,1,0.99839276
1,1,0.9922294
1,1,0.8735388
1,1,0.8808996
1,1,0.8827315
1,1,0.76951355
1,1,0.99346113
1,1,0.9405718
1,1,0.9323302
1,1,0.99977916
1,1,0.992597
1,1,0.6784335
1,1,0.8085968
1,1,0.7559974
1,1,0.98105836
1,1,0.99594563
1,1,0.95783347
1,1,0.99291986
1,1,0.9363432
1,1,0.9998416
1,1,0.9328214
1,1,0.94018847
1,1,0.99678373
1,1,0.9630224
1,0,0.13799646
1,1,0.9001793
1,1,0.7636601
1,0,0.18293586
1,0,0.33824104
1,1,0.87914675
1,1,0.7315383
1,1,0.5829956
1,1,0.9167081
1,1,0.5365709
1,1,0.70232594
1,1,0.9519973
1,0,0.07682221
1,0,0.02426074
1,1,0.98947024
1,1,0.5118539
1,1,0.5124791
1,1,0.71869314
1,1,0.99861145
1,0,0.32971537
1,0,0.48158333
1,1,0.98833525
1,1,0.9078855
1,1,0.98752034
1,1,0.9983059
1,1,0.9730109
1,1,0.94877505
1,0,0.24725968
1,1,0.9814534
1,1,0.98383164
1,1,0.89533985
1,1,0.98942953
1,1,0.8362874
1,1,0.99980205
1,1,0.99705935
1,1,0.8108536
1,0,0.07323097
1,1,0.9984053
1,1,0.9468921
1,1,0.96557647
1,1,0.9423477
1,1,0.9335521
1,1,0.9951041
1,1,0.99847823
1,1,0.94994867
1,1,0.99374664
1,1,0.99789256
1,1,0.9892855
1,1,0.9985221
1,1,0.993807
1,1,0.9474783
1,1,0.88161486
1,1,0.9971827
1,1,0.7218412
1,1,0.9506406
1,1,0.9981541
1,1,0.9912548
1,1,0.99010193
1,1,0.8310745
1,1,0.98780584
1,0,0.09509706
1,1,0.9971717
1,1,0.99899954
1,1,0.9993436
1,0,0.07524433
1,1,0.9965771
1,1,0.9989975
1,1,0.9933072
1,1,0.9551521
1,1,0.9573974
1,1,0.97869223
1,1,0.8692158
1,1,0.9719393
1,1,0.9080487
1,1,0.97949183
1,1,0.89209336
1,1,0.9978719
1,0,0.323968
1,1,0.91715443
1,1,0.9693242
1,1,0.9280836
1,1,0.88418937
1,1,0.9883128
1,1,0.9574771
1,1,0.88548297
1,1,0.9992986
1,1,0.8095773
1,1,0.8736466
1,1,0.99834836
1,1,0.8260112
1,1,0.9557341
1,1,0.9933589
1,1,0.82859236
1,1,0.9771756
1,1,0.51678216
1,1,0.7311066
1,1,0.97923523
1,1,0.90934503
1,1,0.9997198
1,1,0.9888204
1,1,0.99701905
1,1,0.9645559
1,1,0.9910493
1,1,0.96618783
1,1,0.99986017
1,1,0.9967206
1,1,0.98521465
1,1,0.87234735
1,1,0.7783125
1,1,0.92156965
1,1,0.60387343
1,1,0.9869544
1,1,0.97767127
1,0,0.3560827
1,0,0.3469284
1,1,0.9173767
1,1,0.78481424
1,1,0.94165415
1,1,0.999864
1,1,0.8655654
1,1,0.9759006
1,1,0.9946568
1,1,0.93749756
1,1,0.99304235
1,1,0.9418149
1,1,0.9975274
1,1,0.9698712
1,1,0.88413936
1,1,0.9976769
1,1,0.9007046
1,1,0.9983991
1,1,0.9871293
1,1,0.964355
1,1,0.8198933
1,1,0.81368303
1,1,0.9737197
1,1,0.98873377
1,1,0.7962924
1,1,0.97298527
1,1,0.6888872
1,1,0.98507166
1,1,0.7896396
1,1,0.97838473
1,1,0.9998832
1,1,0.9993513
1,1,0.9167081
1,1,0.971537
1,1,0.78224695
1,1,0.95695716
1,1,0.99890983
1,1,0.9980276
1,1,0.99630713
1,1,0.9709644
1,1,0.9038049
1,1,0.99957615
1,1,0.72845864
1,1,0.8202536
1,1,0.99668854
1,1,0.9787533
1,1,0.9768687
1,1,0.90000373
1,1,0.9584989
1,1,0.99979585
1,1,0.97046465
1,1,0.99893504
1,1,0.9603984
1,1,0.98644173
1,0,0.47079745
1,1,0.9737945
1,1,0.99637836
1,1,0.97737074
1,1,0.9985923
1,1,0.90894175
1,0,0.2937589
1,1,0.6838419
1,1,0.97997653
1,1,0.99390244
1,1,0.8653379
1,1,0.8317589
1,0,0.010590936
1,1,0.90681833
1,1,0.98521465
1,1,0.91452
1,1,0.8756275
1,1,0.99931216
1,1,0.9960083
1,1,0.87966454
1,1,0.7669051
1,0,0.22185604
1,1,0.98080254
1,1,0.9934738
1,1,0.9951984
1,1,0.86675406
1,1,0.9107044
1,1,0.98421544
1,0,0.06153674
1,1,0.59763724
1,1,0.800614
1,1,0.99371004
1,1,0.99541724
1,1,0.9911011
1,0,0.4356539
1,1,0.97601515
1,0,0.07885492
1,0,0.04885778
1,1,0.8766872
1,1,0.96864927
1,1,0.9524416
1,1,0.9873018
1,1,0.95536083
1,1,0.8775293
1,1,0.8800775
1,0,0.43177885
1,1,0.88468844
1,1,0.9462501
1,1,0.9825743
1,1,0.988085
1,1,0.99852496
1,0,0.2501793
1,1,0.99752253
1,1,0.99936134
1,1,0.8591327
1,1,0.95643115
1,1,0.94402224
1,1,0.7743275
1,0,0.45750022
1,1,0.9584212
1,1,0.9828892
1,1,0.9965436
1,1,0.9964204
1,1,0.9783433
1,0,0.47944275
1,1,0.99771273
1,1,0.99918324
1,1,0.99804294
1,1,0.92643696
1,1,0.9883128
1,1,0.9801483
1,1,0.6637234
1,1,0.8384153
1,1,0.85931
1,1,0.9703525
1,1,0.7313465
1,1,0.80286485
1,1,0.9768908
1,1,0.9837225
1,1,0.9819447
1,1,0.9890343
1,1,0.93183565
1,1,0.9349913
1,0,0.43115002
1,1,0.9905509
1,1,0.99820733
1,1,0.71243227
1,1,0.99379504
1,1,0.99858415
1,0,0.1724504
1,1,0.9922444
1,1,0.98799264
1,1,0.9966365
1,1,0.9979048
1,1,0.9914556
1,1,0.9955576
1,1,0.99979335
1,1,0.72115445
1,1,0.9975177
1,1,0.68056023
1,1,0.9775858
1,1,0.95561
1,1,0.9467938
1,1,0.757884
1,1,0.76153845
1,1,0.93593454
1,1,0.99861693
1,0,0.19413853
1,1,0.8435088
1,1,0.52690196
1,1,0.98998636
1,1,0.98175323
1,1,0.817283
1,1,0.99564314
1,1,0.9380106
1,1,0.9293122
1,1,0.9959299
1,1,0.70150864
1,0,0.49717715
1,1,0.9838472
1,1,0.88483775
1,0,0.43423638
1,1,0.9997398
1,1,0.99083894
1,1,0.9913892
1,1,0.5666481
1,1,0.988514
1,1,0.9967206
1,1,0.8272706
1,1,0.9999181
1,1,0.97644573
1,1,0.9961606
1,1,0.54131794
1,1,0.89960754
1,0,0.020764738
1,1,0.8988553
1,1,0.8517063
1,1,0.9956937
1,1,0.874292
1,1,0.9832306
1,1,0.98815376
1,0,0.47434205
1,0,0.034848027
1,1,0.9251624
1,0,0.13245843
1,1,0.7749242
1,1,0.97986126
1,1,0.9718326
1,1,0.9627783
1,1,0.99420255
1,1,0.99985456
1,1,0.9993773
1,1,0.60353756
1,1,0.9914722
1,1,0.98768765
1,1,0.999864
1,1,0.96858984
1,1,0.99342304
1,1,0.9302684
1,1,0.71913713
1,1,0.93980294
1,1,0.8293538
1,1,0.73211324
1,1,0.7852262
1,1,0.98835784
1,1,0.99664956
1,1,0.874292
1,1,0.9217811
1,1,0.99528164
1,1,0.9689738
1,1,0.8996516
1,1,0.9723097
1,1,0.999423
1,1,0.96378
1,1,0.99196917
1,0,0.4115838
1,1,0.967101
1,1,0.9951137
1,1,0.99630713
1,1,0.98617804
1,1,0.9984812
1,0,0.014145104
1,1,0.89796406
1,1,0.9812928
1,1,0.9962782
1,1,0.96753323
1,1,0.999828
1,1,0.9875923
1,1,0.9462501
1,1,0.63973606
1,1,0.98292196
1,1,0.7833262
1,1,0.9846051
1,1,0.9953904
1,1,0.9994319
1,1,0.90448195
1,1,0.9930153
1,1,0.68710536
1,1,0.967101
1,1,0.9673178
1,1,0.9912717
1,1,0.937669
1,1,0.95418006
1,0,0.011984203
1,1,0.8156734
1,1,0.996123
1,1,0.93738294
1,1,0.8975158
1,0,0.22962159
1,0,0.021969225
1,1,0.99242276
1,0,0.059866417
1,1,0.99813974
1,1,0.99329424
1,1,0.6614583
1,1,0.9694979
1,1,0.60562414
1,1,0.99960023
1,1,0.6175415
1,0,0.33009315
1,1,0.99863297
1,1,0.99824536
1,1,0.92617035
1,0,0.3489224
1,1,0.85427785
1,1,0.98953116
1,1,0.9935743
1,1,0.99492985
1,1,0.86522406
1,1,0.9761746
1,1,0.992597
1,1,0.9961755
1,1,0.93721074
1,1,0.9882222
1,1,0.96017486
1,1,0.9718326
1,1,0.7286035
1,1,0.9920157
1,1,0.6271523
1,1,0.9160345
1,1,0.9702116
1,1,0.98871195
1,1,0.9907141
1,1,0.9267028
1,1,0.9845309
1,1,0.99983716
1,1,0.882022
1,1,0.5722746
1,1,0.99031025
1,1,0.99910825
1,1,0.9534054
1,1,0.9803562
1,1,0.9773492
1,1,0.9325147
1,1,0.9992889
1,1,0.9987005
1,1,0.9881309
1,0,0.325735
1,1,0.95987505
1,1,0.9568766
1,1,0.9168571
1,1,0.97316426
1,1,0.9853843
1,1,0.9976357
1,1,0.8107038
1,1,0.9870546
1,1,0.6555014
1,1,0.9983418
1,1,0.9974788
1,1,0.7246755
1,1,0.9707155
1,1,0.72076154
1,1,0.879043
1,1,0.9990564
1,1,0.7348337
1,1,0.9825743
1,1,0.99804676
1,0,0.005312205
1,1,0.9584212
1,0,0.47680807
1,1,0.9983707
1,1,0.9997775
1,1,0.8516446
1,1,0.81227237
1,1,0.9976814
1,1,0.6509112
1,1,0.99962807
1,1,0.9541374
1,1,0.692122
1,1,0.6212537
1,1,0.6858443
1,1,0.9956176
1,1,0.78099674
1,1,0.91398406
1,1,0.99938095
1,1,0.99657035
1,0,0.043528136
1,1,0.879043
1,1,0.6063382
1,1,0.93645954
1,1,0.87689817
1,1,0.9655439
1,1,0.86798984
1,1,0.9007919
1,1,0.9763782
1,1,0.99253935
1,1,0.9823386
1,1,0.8900078
1,1,0.90039855
1,1,0.9924666
1,0,0.10167861
1,1,0.6380181
1,1,0.95803016
1,0,0.41952902
1,1,0.93738294
1,0,0.1814807
1,1,0.5154065
1,1,0.57996553
1,1,0.9080487
1,1,0.89506495
1,1,0.9934738
1,1,0.9434519
1,1,0.66974485
1,0,0.13392411
1,1,0.9444336
1,1,0.9975177
1,1,0.95275027
1,1,0.9984723
1,1,0.97671366
1,1,0.7669051
1,1,0.92956835
1,1,0.992725
1,1,0.93349147
1,1,0.9879695
1,1,0.9869795
1,1,0.97986126
1,1,0.86350673
1,1,0.9997086
1,1,0.9940428
1,1,0.9672869
1,1,0.79117644
1,1,0.88363826
1,1,0.90252376
1,1,0.9932025
1,1,0.9725193
1,1,0.9984114
1,1,0.7477081
1,1,0.95013416
1,1,0.9957684
1,1,0.6712012
1,1,0.99938214
1,1,0.97423947
1,1,0.9825743
1,1,0.9996302
1,1,0.9930559
1,1,0.9994622
1,0,0.16165082
1,1,0.9967013
1,1,0.91062486
1,1,0.72081065
1,1,0.89395916
1,1,0.99543506
1,1,0.89724606
1,1,0.9953181
1,0,0.14223188
1,1,0.97803074
1,1,0.99924016
1,1,0.9158089
1,1,0.99386686
1,1,0.53802
1,1,0.7432612
1,1,0.6594326
1,1,0.9926967
1,1,0.99097973
1,0,0.20505732
1,0,0.14872593
1,1,0.9933975
1,1,0.988425
1,1,0.99937856
1,1,0.99389064
1,1,0.9975751
1,1,0.7015597
1,1,0.80363655
1,1,0.99941385
1,1,0.99564314
1,1,0.9860174
1,0,0.24472386
1,1,0.99688846
1,1,0.94853723
1,1,0.97482115
1,1,0.87450653
1,0,0.22337706
1,0,0.07416429
1,0,0.003787458
1,1,0.95506835
1,1,0.9687677
1,1,0.9592689
1,1,0.96544635
1,1,0.98707944
1,1,0.78481424
1,1,0.9808209
1,1,0.9710193
1,1,0.9775644
1,1,0.9980276
1,1,0.99986064
1,1,0.9166335
1,1,0.937783
1,1,0.9900058
1,1,0.9997739
1,0,0.24662407
1,1,0.9921537
1,1,0.81757444
1,1,0.98975134
1,1,0.9999168
1,1,0.98501414
1,0,0.47093427
1,1,0.91259205
1,1,0.964355
1,1,0.9704926
1,1,0.99420255
1,0,0.32552055
1,1,0.99014014
1,1,0.79889375
1,1,0.63199186
1,1,0.97889495
1,1,0.9992022
1,1,0.9975177
1,0,0.36545667
1,1,0.9806178
1,1,0.9075583
1,1,0.9382373
1,1,0.9128255
1,1,0.65329283
1,1,0.99369794
1,0,0.32936475
1,1,0.9701269
1,1,0.9970879
1,0,0.42506817
1,1,0.9853279
1,1,0.90200704
1,1,0.9788344
1,1,0.9964619
1,1,0.7862948
1,1,0.98844737
1,1,0.9907499
1,1,0.98439646
1,1,0.65063375
1,1,0.6569335
1,1,0.9775644
1,1,0.99968743
1,1,0.7538293
1,1,0.9826743
1,1,0.91796696
1,1,0.987375
1,1,0.9907499
1,1,0.9996451
1,1,0.86373675
1,1,0.97628796
1,1,0.98799264
1,1,0.97850823
1,1,0.988514
1,1,0.99979013
1,0,0.020410309
1,1,0.7376309
1,1,0.9706599
1,1,0.9502727
1,1,0.9919224
1,1,0.999866
1,0,0.4973984
1,1,0.99959236
1,1,0.56428605
1,1,0.90397453
1,1,0.9942139
1,1,0.954393
1,1,0.9918595
1,1,0.9778412
1,1,0.996183
1,1,0.9628132
1,0,0.24775985
1,1,0.9838161
1,1,0.9609151
1,1,0.9962126
1,1,0.9994173
1,1,0.9167827
1,1,0.96267307
1,1,0.54782695
1,0,0.17168523
1,1,0.9839245
1,0,0.47005618
1,1,0.9801293
1,1,0.9724409
1,1,0.98394
1,1,0.9949397
1,1,0.90523857
1,1,0.5960218
1,1,0.93220687
1,1,0.9997305
1,1,0.95610446
1,1,0.9686789
1,1,0.9306476
1,1,0.8919523
1,1,0.91985875
1,1,0.9980882
1,1,0.99273914
1,0,0.031648684
1,1,0.96612406
1,1,0.593786
1,1,0.88582915
1,1,0.98024315
1,1,0.9957104
1,1,0.9932288
1,1,0.72966427
1,1,0.9982248
1,1,0.9631613
1,0,0.26006046
1,1,0.99318933
1,1,0.98501414
1,1,0.9212869
1,1,0.53793657
1,1,0.99554896
1,0,0.44804138
1,1,0.9712929
1,1,0.9999138
1,1,0.9462501
1,1,0.99638534
1,1,0.994089
1,1,0.97151
1,1,0.992349
1,0,0.03461884
1,1,0.9984238
1,0,0.28239405
1,1,0.8843393
1,0,0.29604334
1,1,0.9985869
1,1,0.967225
1,1,0.9380673
1,1,0.99976856
1,1,0.91949815
1,1,0.57164705
1,1,0.8788872
1,1,0.966156
1,1,0.71213204
1,1,0.9965233
1,1,0.9503189
1,1,0.99966264
1,1,0.9925538
1,1,0.9975986
1,1,0.98780584
1,1,0.99604684
1,1,0.79117644
1,1,0.92529744
1,1,0.9694401
1,1,0.9973477
1,1,0.97790456
1,1,0.9977482
1,1,0.99529076
1,1,0.9951609
1,1,0.9891816
1,1,0.9780517
1,1,0.6339487
1,1,0.9930153
1,1,0.92617035
1,1,0.62552387
1,1,0.9714829
1,1,0.9800149
1,1,0.9988167
1,1,0.9725193
1,1,0.87488115
1,1,0.9920773
1,1,0.9678993
1,0,0.4545024
1,1,0.9841851
1,0,0.10141132
1,1,0.825097
1,1,0.9719393
1,1,0.8715296
1,1,0.9980122
1,0,0.29538235
1,1,0.6254953
1,1,0.99349916
1,1,0.9887554
1,1,0.9822708
1,1,0.9857729
1,1,0.66039145
1,1,0.8153795
1,1,0.8183742
1,1,0.9968273
1,1,0.7799929
1,1,0.9997273
1,1,0.9666002
1,1,0.98771137
1,1,0.98886347
1,0,0.07329728
1,1,0.98953116
1,1,0.85176796
1,1,0.9917163
1,1,0.6244939
1,1,0.9465967
1,1,0.9645559
1,1,0.95540243
1,1,0.9973477
1,1,0.9867517
1,1,0.99637127
1,1,0.578597
1,1,0.9977482
1,1,0.99632156
1,1,0.9963994
1,1,0.66486675
1,1,0.7252596
1,1,0.99400806
1,1,0.8000679
1,1,0.9952356
1,1,0.7266682
1,1,0.9261035
1,1,0.73278314
1,0,0.20260093
1,1,0.9981792
1,0,0.22832854
1,0,0.21584621
1,1,0.9587699
1,1,0.9991736
1,1,0.98365986
1,1,0.66725606
1,1,0.99522626
1,1,0.9650533
1,1,0.99108386
1,1,0.74456346
1,1,0.9247557
1,1,0.8392076
1,1,0.99308276
1,1,0.87992275
1,1,0.9492005
1,1,0.99298817
1,1,0.9875923
1,1,0.9774355
1,1,0.8388118
1,1,0.7194822
1,0,0.49413896
1,0,0.021885453
1,1,0.99816495
1,1,0.96468914
1,1,0.9488225
1,1,0.9974039
1,1,0.9997428
1,1,0.9860174
1,1,0.9694979
1,1,0.98319834
1,1,0.9961456
1,1,0.55402565
1,1,0.99991584
1,1,0.81227237
1,1,0.9773924
1,1,0.953188
1,1,0.9887554
1,1,0.88890356
1,1,0.99302894
1,1,0.98961186
1,1,0.6188093
1,1,0.97458035
1,1,0.9158089
1,1,0.9768687
1,1,0.92847365
1,1,0.90200704
1,0,0.4944174
1,1,0.986904
1,1,0.8221891
1,0,0.06922646
1,1,0.9405172
1,1,0.9988927
1,1,0.9776285
1,0,0.49476644
1,1,0.9549004
1,1,0.9380673
1,1,0.64841074
1,1,0.7930258
1,1,0.98780584
1,1,0.88338697
1,1,0.7929457
1,1,0.99460465
1,1,0.98607117
1,0,0.39545515
1,1,0.98574555
1,1,0.61592567
1,1,0.979354
1,0,0.0054269433
1,1,0.9967333
1,0,0.42930976
1,1,0.9591926
1,1,0.9890554
1,1,0.9628831
1,1,0.9996613
1,1,0.99518895
1,1,0.9932156
1,1,0.9849274
1,1,0.8996516
1,1,0.9679902
1,1,0.7980295
1,1,0.997285
1,1,0.9749646
1,1,0.95253
1,0,0.47667247
1,0,0.4921576
1,1,0.9807288
1,1,0.84990895
1,1,0.9907499
1,1,0.97943294
1,1,0.99829596
1,1,0.99931085
1,1,0.8456877
1,1,0.86373675
1,1,0.597373
1,1,0.92563426
1,1,0.9524416
1,1,0.9993749
1,0,0.2578585
1,1,0.9968458
1,1,0.99704784
1,1,0.9930962
1,1,0.99649614
1,1,0.99649614
1,1,0.98478174
1,0,0.10659756
1,0,0.10885028
1,1,0.93721074
1,1,0.9247557
1,1,0.91949815
1,1,0.99155444
1,0,0.47212824
1,1,0.969469
1,1,0.73192173
1,1,0.90515476
1,1,0.8963875
1,1,0.9691787
1,1,0.99917525
1,1,0.9895716
1,1,0.9300146
1,1,0.97074324
1,0,0.48999158
1,1,0.9933717
1,1,0.99553156
1,0,0.23890516
1,0,0.44957387
1,1,0.9678689
1,1,0.5161077
1,1,0.9118885
1,1,0.92262185
1,1,0.99972624
1,1,0.8482194
1,1,0.98955137
1,1,0.9502727
1,1,0.5917527
1,1,0.9936733
1,1,0.9700703
1,1,0.9995092
1,1,0.99979585
1,1,0.97730595
1,1,0.9947187
1,1,0.9645559
1,1,0.92379886
1,1,0.9174507
1,1,0.95460516
1,1,0.9739932
1,1,0.999765
1,1,0.9973008
1,1,0.5102372
1,1,0.92290026
1,1,0.99637836
1,1,0.99806195
1,1,0.7871959
1,1,0.7177049
1,1,0.86849254
1,1,0.93980294
1,1,0.9998118
1,1,0.98582757
1,1,0.580352
1,1,0.5048674
1,1,0.93318766
1,1,0.729327
1,1,0.94886994
1,1,0.9704926
1,1,0.6729768
1,1,0.62346286
1,1,0.9512782
1,0,0.16059488
1,1,0.8047898
1,1,0.8228307
1,1,0.9714829
1,1,0.52323765
1,0,0.23196201
1,0,0.2216875
1,1,0.9946359
1,1,0.9856076
1,1,0.97933435
1,0,0.20142026
1,1,0.55694187
1,0,0.20244318
1,1,0.9865458
1,1,0.9728308
1,1,0.5842267
1,1,0.9979412
1,1,0.9971827
1,1,0.999539
1,1,0.9555686
1,1,0.990329
1,1,0.9684709
1,1,0.88483775
1,1,0.6074012
1,1,0.9745319
1,1,0.99038494
1,1,0.735024
1,1,0.6918097
1,1,0.9986594
1,1,0.9443824
1,1,0.93880075
1,1,0.6302014
1,1,0.9585377
1,1,0.82204634
1,1,0.99682117
1,1,0.9980994
1,1,0.6608841
1,1,0.9719126
1,1,0.7940658
1,1,0.9998859
1,1,0.93587595
1,1,0.9971661
1,0,0.08874128
1,1,0.9991013
1,1,0.9708264
1,1,0.9956346
1,1,0.9909272
1,1,0.9850429
1,1,0.9953635
1,1,0.9187722
1,1,0.9994429
1,1,0.9781563
1,1,0.9570777
1,1,0.9997209
1,1,0.576609
1,1,0.9951137
1,0,0.49152452
1,1,0.966156
1,1,0.9950177
1,0,0.35031024
1,1,0.8326453
1,1,0.99173236
1,1,0.9887988
1,1,0.99298817
1,1,0.9998634
1,1,0.6547844
1,1,0.98860246
1,1,0.53742075
1,1,0.96189344
1,1,0.95430803
1,1,0.77982527
1,1,0.97546023
1,1,0.99256825
1,1,0.5905136
1,1,0.8360867
1,1,0.99135584
1,1,0.9491535
1,1,0.8732689
1,0,0.44502068
1,1,0.92100316
1,1,0.61508787
1,0,0.3351876
1,0,0.49865726
1,1,0.9602495
1,1,0.8583628
1,1,0.9941347
1,1,0.9787533
1,1,0.9964825
1,1,0.99771273
1,0,0.20347004
1,1,0.800146
1,1,0.9659317
1,1,0.8565125
1,1,0.98166555
1,1,0.9780517
1,1,0.8886622
1,1,0.9434519
1,1,0.9248914
1,1,0.885582
1,1,0.9953454
1,1,0.9877351
1,1,0.68773484
1,0,0.34202188
1,0,0.42687586
1,1,0.9155828
1,1,0.9568766
1,1,0.95880854
1,1,0.9511422
1,0,0.14157787
1,1,0.95783347
1,1,0.9038897
1,1,0.9967013
1,1,0.9649213
1,1,0.62274617
1,1,0.995142
1,0,0.3440301
1,0,0.17924304
1,1,0.9864157
1,1,0.983597
1,1,0.99876
1,1,0.9706322
1,1,0.8465777
1,0,0.19132768
1,1,0.99803144
1,1,0.9957353
1,1,0.99379504
1,1,0.91789335
1,1,0.9142907
1,1,0.7725307
1,1,0.85567033
1,1,0.8555497
1,1,0.93403506
1,1,0.7352616
1,1,0.67848676
1,1,0.65770334
1,1,0.6432733
1,1,0.9794133
1,1,0.99939764
1,1,0.99941623
1,1,0.9952077
1,1,0.9712929
1,1,0.9564718
1,1,0.7557272
1,1,0.9892855
1,1,0.9494823
1,1,0.78931487
1,1,0.9875923
1,1,0.8260112
1,1,0.9365757
1,1,0.9257686
1,1,0.9274291
1,1,0.983597
1,1,0.8901988
1,1,0.96829146
1,1,0.7633074
1,1,0.9701835
1,1,0.99532723
1,1,0.92892635
1,0,0.14737102
1,1,0.9700135
1,1,0.9972262
1,1,0.754463
1,0,0.38078773
1,1,0.99631435
1,1,0.6517983
1,1,0.9904959
1,1,0.97869223
1,1,0.6410854
1,1,0.99038494
1,1,0.9964064
1,1,0.7151754
1,1,0.82082874
1,1,0.7937462
1,1,0.95473194
1,1,0.99773055
1,1,0.9868787
1,1,0.99541724
1,1,0.9361684
1,1,0.99949956
1,1,0.8978745
1,1,0.78604853
1,1,0.9342753
1,1,0.9907141
1,1,0.67997617
1,1,0.9889492
1,0,0.0946777
1,1,0.99984455
1,1,0.91413754
1,1,0.92338526
1,1,0.9974491
1,1,0.9916358
1,1,0.79581684
1,1,0.989791
1,1,0.9908744
1,1,0.9913054
1,1,0.9828562
1,1,0.97684664
1,1,0.9137535
1,1,0.8513358
1,0,0.19954185
1,1,0.7100758
1,1,0.9962126
1,1,0.65351397
1,1,0.90422857
1,1,0.99378294
1,0,0.26483342
1,1,0.5988988
1,1,0.98272413
1,1,0.8830344
1,1,0.98582757
1,1,0.99433607
1,1,0.9977083
1,0,0.04107589
1,1,0.97573924
1,1,0.9981969
1,1,0.9084556
1,1,0.99394965
1,1,0.56850564
1,1,0.9709644
1,1,0.8433798
1,1,0.99959713
1,1,0.99653685
1,1,0.99529994
1,1,0.9423477
1,1,0.81895405
1,1,0.5603316
1,1,0.9355235
1,1,0.9474783
1,1,0.984516
1,1,0.99469805
1,1,0.9695556
1,0,0.33660358
1,1,0.524937
1,0,0.0818861
1,1,0.96777767
1,1,0.97562337
1,1,0.9906781
1,1,0.9987031
1,1,0.97223073
1,1,0.80278754
1,0,0.32167304
1,1,0.62030536
1,1,0.9546897
1,1,0.996271
1,1,0.99749833
1,1,0.9940544
1,1,0.94138527
1,1,0.9976172
1,1,0.9168571
1,1,0.9912039
1,1,0.9932156
1,1,0.7326396
1,1,0.98913974
1,1,0.94355595
1,1,0.9981433
1,1,0.73786706
1,1,0.9986436
1,1,0.99952805
1,1,0.9764232
1,1,0.6630692
1,1,0.7051256
1,1,0.9955662
1,1,0.99440175
1,1,0.9881765
1,1,0.99980587
1,1,0.9844114
1,1,0.9835022
1,1,0.96891505
1,1,0.9916842
1,1,0.9967269
1,1,0.94287604
1,1,0.8975158
1,1,0.988514
1,1,0.8814109
1,1,0.8828326
1,1,0.99935883
1,1,0.51602674
1,1,0.74279505
1,1,0.91436726
1,1,0.946051
1,0,0.16783154
1,1,0.55321866
1,1,0.9966102
1,1,0.96267307
1,1,0.714628
1,0,0.14110379
1,1,0.8610131
1,1,0.91490096
1,1,0.78637683
1,1,0.9912039
1,1,0.92944044
1,1,0.996357
1,1,0.9466954
1,1,0.99495924
1,0,0.35192332
1,1,0.9968458
1,1,0.99979585
1,1,0.9930153
1,1,0.9933201
1,1,0.99262565
1,1,0.9813107
1,1,0.9502727
1,0,0.48264247
1,1,0.9928509
1,1,0.9939261
1,1,0.59837085
1,1,0.9996087
1,1,0.75904685
1,1,0.98178816
1,1,0.99196917
1,1,0.97223073
1,1,0.9328826
1,1,0.9539232
1,1,0.94694114
1,1,0.9964412
1,1,0.95938325
1,1,0.9970536
1,1,0.99967873
1,1,0.6461812
1,1,0.9986223
1,1,0.7815808
1,1,0.99945253
1,1,0.9916681
1,1,0.53155893
1,1,0.9968273
1,1,0.8326453
1,1,0.99983263
1,1,0.9664738
1,1,0.9825743
1,0,0.048767097
1,1,0.8234704
1,1,0.7424217
1,1,0.9948001
1,1,0.98469365
1,1,0.8392076
1,1,0.99619776
1,0,0.3465413
1,1,0.9462997
1,1,0.99804676
1,1,0.99953544
1,1,0.94218844
1,1,0.9874236
1,1,0.5650288
1,1,0.87065226
1,1,0.8794059
1,1,0.83808434
1,1,0.8288003
1,0,0.18705843
1,1,0.99782157
1,1,0.9926684
1,1,0.9835338
1,1,0.6490227
1,1,0.99293363
1,0,0.49415618
1,1,0.72841036
1,1,0.90523857
1,1,0.99170023
1,1,0.9911868
1,0,0.0008626078
1,1,0.99944395
1,1,0.9826909
1,1,0.99894744
1,1,0.9097468
1,1,0.88582915
1,1,0.7531037
1,1,0.9907856
1,1,0.9872773
1,1,0.7619816
1,1,0.9917163
1,1,0.9755304
1,1,0.98998636
1,1,0.9743861
1,1,0.99827933
1,1,0.94407386
1,1,0.9990396
1,1,0.9906238
1,1,0.93220687
1,1,0.99649614
1,1,0.7246755
1,1,0.6555014
1,1,0.60431135
1,1,0.96586746
1,1,0.9791955
1,1,0.95145893
1,1,0.9950563
1,1,0.9933589
1,1,0.9995453
1,1,0.9908213
1,1,0.9919224
1,1,0.994615
1,1,0.64751965
1,1,0.5035438
1,1,0.99384296
1,1,0.70942193
1,1,0.99929583
1,1,0.93880075
1,1,0.8641386
1,0,0.07323097
1,1,0.886322
1,1,0.99881446
1,0,0.42730707
1,1,0.98213416
1,1,0.99977654
1,0,0.29335386
1,1,0.9602495
1,1,0.97038054
1,1,0.9914391
1,1,0.85741025
1,1,0.99549675
1,1,0.9828892
1,1,0.9966691
1,1,0.86748546
1,1,0.9882676
1,1,0.99972194
1,1,0.9893885
1,1,0.8321685
1,1,0.7520126
1,1,0.8641959
1,1,0.99974185
1,1,0.91796696
1,1,0.9984238
1,0,0.049176432
1,1,0.99740905
1,1,0.9912717
1,1,0.52691334
1,1,0.9217811
1,1,0.9810765
1,1,0.95873135
1,1,0.5907202
1,1,0.9912717
1,1,0.6439453
1,0,0.28189957
1,1,0.78654087
1,0,0.4799759
1,1,0.9841851
1,1,0.98677725
1,1,0.6717398
1,1,0.9998771
1,0,0.3297693
1,1,0.8804891
1,1,0.9792749
1,1,0.97953105
1,1,0.9693532
1,0,0.16224726
1,1,0.99490017
1,1,0.97684664
1,1,0.9997749
1,1,0.99642736
1,1,0.99457306
1,1,0.6897238
1,1,0.99806195
1,0,0.48906693
1,1,0.8446654
1,1,0.9474783
1,1,0.9844862
1,1,0.9075583
1,1,0.94901186
1,1,0.51872396
1,1,0.98552436
1,1,0.988085
1,1,0.9869292
1,1,0.9510059
1,1,0.99256825
1,1,0.99903023
1,1,0.955444
1,1,0.99682117
1,1,0.79061115
1,1,0.9959849
1,1,0.99588215
1,1,0.99909246
1,1,0.99389064
1,1,0.99785525
1,1,0.9982827
1,1,0.91648406
1,1,0.87652874
1,1,0.99977213
1,1,0.9956091
1,1,0.9997069
1,1,0.91700584
1,1,0.99979895
1,0,0.36624968
1,1,0.87647593
1,1,0.99711037
1,0,0.4984131
1,1,0.9969126
1,1,0.9901972
1,1,0.9524416
1,1,0.8657925
1,1,0.997981
1,1,0.99300176
1,1,0.9567556
1,1,0.9943141
1,1,0.9995073
1,1,0.9570375
1,1,0.99682117
1,1,0.9648882
1,1,0.93874466
1,1,0.9980045
1,1,0.937669
1,1,0.8572311
1,1,0.9728308
1,0,0.28897023
1,1,0.9947595
1,1,0.9258357
1,1,0.9808209
1,1,0.98873377
1,1,0.96888566
1,1,0.95972437
1,1,0.9992693
1,1,0.9749884
1,0,0.09670579
1,1,0.9843062
1,1,0.99279517
1,1,0.7664248
1,1,0.9988643
1,0,0.42420328
1,1,0.9932681
1,1,0.9957353
1,1,0.9957104
1,0,0.07068779
1,1,0.9764681
1,0,0.12341844
1,1,0.9977569
1,1,0.969985
1,0,0.16438228
1,1,0.82183194
1,1,0.9989556
1,1,0.6144518
1,1,0.9467938
1,1,0.8180837
1,1,0.9972262
1,1,0.8697146
1,1,0.8996957
1,1,0.99688846
1,0,0.28076425
1,1,0.9923638
1,1,0.84344435
1,1,0.55314326
1,1,0.97562337
1,1,0.9926684
1,1,0.997399
1,1,0.86675406
1,1,0.5361611
1,1,0.980034
1,1,0.54422617
1,1,0.98752034
1,1,0.82010955
1,1,0.9941233
1,1,0.9992944
1,1,0.7539199
1,1,0.97891515
1,1,0.9964688
1,1,0.99951124
1,1,0.6556668
1,1,0.98886347
1,1,0.99940693
1,1,0.7898827
1,1,0.79565805
1,1,0.82976806
1,1,0.99351174
1,1,0.9918595
1,1,0.97903574
1,0,0.48259294
1,1,0.78057885
1,1,0.8784707
1,1,0.9976265
1,1,0.97991896
1,1,0.99036634
1,1,0.7604728
1,1,0.77696157
1,1,0.99178034
1,1,0.99971205
1,1,0.8864204
1,1,0.80685264
1,1,0.5629275
1,1,0.9534921
1,1,0.9189906
1,1,0.9241418
1,1,0.99433607
1,1,0.88268095
1,1,0.9994374
1,1,0.9510514
1,1,0.98223674
1,1,0.90371984
1,1,0.99371004
1,1,0.9925538
1,1,0.7804952
1,1,0.79061115
1,1,0.99818975
1,1,0.9997284
1,1,0.97555363
1,1,0.6285784
1,1,0.6909241
1,0,0.49485034
1,1,0.9314625
1,1,0.9505489
1,1,0.9900058
1,1,0.99317604
1,1,0.9134452
1,1,0.9038049
1,1,0.9573974
1,1,0.93306583
1,1,0.99545276
1,1,0.9962565
1,1,0.9928786
1,1,0.9746045
1,1,0.9574373
1,1,0.998606
1,0,0.28041926
1,1,0.9967775
1,1,0.9964619
1,1,0.9224824
1,0,0.046986636
1,1,0.9979966
1,1,0.85615206
1,1,0.9908035
1,1,0.9993228
1,1,0.90966654
1,1,0.9794526
1,1,0.8506548
1,1,0.8874487
1,1,0.90723
1,1,0.9672869
1,1,0.8529355
1,0,0.13660839
1,1,0.9394706
1,0,0.2592626
1,1,0.96203625
1,1,0.99879104
1,1,0.99529076
1,1,0.98197925
1,1,0.9113377
1,1,0.9494823
1,1,0.9291838
1,1,0.9762654
1,1,0.9962782
1,1,0.96888566
1,1,0.9845754
1,1,0.9911355
1,1,0.9103862
1,1,0.9064877
1,1,0.99580115
1,1,0.85427785
1,1,0.9957353
1,1,0.9925103
1,1,0.9248914
1,1,0.8749346
1,1,0.8872046
1,1,0.8533637
1,1,0.9977482
1,1,0.82183194
1,1,0.99656373
1,1,0.96028674
1,1,0.8283148
1,1,0.7247242
1,1,0.99737346
1,1,0.95305705
1,1,0.99827933
1,0,0.29706192
1,1,0.9976586
1,1,0.9924959
1,1,0.95683634
1,1,0.99494946
1,1,0.7588682
1,1,0.99273914
1,1,0.984063
1,1,0.99549675
1,1,0.9761973
1,0,0.47670147
1,1,0.99568534
1,1,0.9997594
1,1,0.9909972
1,1,0.99346113
1,1,0.9982993
1,1,0.958187
1,1,0.80746067
1,1,0.8288696
1,1,0.9291838
1,1,0.9975177
1,1,0.9861514
1,1,0.9964134
1,1,0.9995778
1,1,0.9974191
1,1,0.7537387
1,1,0.9974291
1,0,0.11536141
1,0,0.22867283
1,0,0.29874703
1,1,0.99090964
1,1,0.999826
1,1,0.99444515
1,0,0.07270252
1,1,0.5118558
1,1,0.9882222
1,1,0.9946568
1,1,0.98768765
1,1,0.78199726
1,1,0.99883956
1,1,0.9951137
1,0,0.39280254
1,1,0.9219218
1,0,0.37533432
1,1,0.9995253
1,1,0.991339
1,1,0.9991474
1,1,0.976513
1,1,0.9995915
1,1,0.9755304
1,1,0.943086
1,1,0.80746067
1,1,0.96309197
1,1,0.999826
1,1,0.98707944
1,1,0.9993462
1,1,0.9997187
1,1,0.9611345
1,1,0.9928509
1,1,0.99952435
1,0,0.22962159
1,1,0.9940428
1,1,0.99751294
1,1,0.9407897
1,0,0.18810016
1,1,0.9996923
1,1,0.9798997
1,1,0.6300876
1,1,0.9951137
1,1,0.66050094
1,0,0.19178139
1,1,0.9920157
1,1,0.9931229
1,1,0.8853344
1,1,0.57182634
1,1,0.983597
1,0,0.40436044
1,1,0.91204524
1,1,0.72301626
1,1,0.645064
1,1,0.9942251
1,1,0.97316426
1,1,0.99227446
1,1,0.828523
1,1,0.99804676
1,0,0.4028325
1,1,0.9939731
1,1,0.84959716
1,1,0.85269034
1,1,0.99566
1,0,0.18513554
1,1,0.9069832
1,1,0.9908035
1,0,0.48259294
1,1,0.97966766
1,1,0.9784671
1,1,0.9966756
1,1,0.9614615
1,1,0.986904
1,1,0.99273914
1,1,0.90000373
1,1,0.9788344
1,1,0.95418006
1,1,0.9990452
1,1,0.90665317
1,1,0.8162599
1,1,0.99608517
1,1,0.97947216
1,1,0.83237296
1,1,0.9757161
1,1,0.96312666
1,0,0.07814849
1,0,0.1625129
1,0,0.3835836
1,1,0.99894744
1,1,0.78274554
1,1,0.90958625
1,1,0.89991575
1,1,0.99182796
1,1,0.92716575
1,1,0.9239362
1,1,0.98244
1,0,0.2921407
1,1,0.98445636
1,1,0.99630713
1,1,0.9533619
1,1,0.9974738
1,1,0.9936241
1,0,0.2671213
1,1,0.7668179
1,1,0.9351099
1,1,0.83781904
1,1,0.8916225
1,1,0.9374402
1,0,0.06687324
1,1,0.7272496
1,1,0.92324704
1,1,0.98571813
1,1,0.99674594
1,1,0.90397453
1,1,0.9930962
1,1,0.9755304
1,1,0.99173236
1,1,0.9751545
1,1,0.8327133
1,1,0.6668223
1,0,0.28086287
1,1,0.9781146
1,1,0.69755745
1,1,0.989791
1,0,0.3412257
1,1,0.9474297
1,1,0.9988373
1,1,0.9936487
1,1,0.9706043
1,1,0.9519973
1,1,0.9821684
1,1,0.9910493
1,1,0.99677116
1,1,0.92643696
1,1,0.8755211
1,0,0.3731617
1,1,0.99603146
1,0,0.1753968
1,0,0.10989668
1,1,0.7646281
1,1,0.9981104
1,1,0.98394
1,1,0.98638946
1,1,0.97118384
1,1,0.99083894
1,1,0.9321451
1,1,0.99557483
1,0,0.09260569
1,1,0.7830775
1,1,0.99893504
1,1,0.9939731
1,1,0.8992099
1,1,0.77029204
1,1,0.63522243
1,1,0.9970073
1,1,0.9546897
1,0,0.12592277
1,1,0.54337823
1,1,0.95540243
1,1,0.7314904
1,0,0.46042916
1,1,0.99459416
1,1,0.9781563
1,1,0.81530607
1,1,0.995523
1,1,0.98026204
1,1,0.98720354
1,1,0.66443145
1,1,0.90582335
1,1,0.87805307
1,1,0.5203897
1,1,0.66524744
1,1,0.98886347
1,1,0.99964297
1,1,0.9458012
1,1,0.9984692
1,1,0.9974738
1,1,0.98768765
1,1,0.5475321
1,1,0.654812
1,1,0.89982784
1,1,0.96189344
1,1,0.9197147
1,1,0.89552265
1,1,0.9943581
1,1,0.99916387
1,1,0.7106283
1,1,0.9980882
1,1,0.7851439
1,1,0.9997367
1,1,0.9997131
1,1,0.9933589
1,1,0.98501414
1,1,0.9467938
1,1,0.99128854
1,1,0.81427443
1,1,0.9971661
1,1,0.9968149
1,0,0.3114792
1,1,0.9967524
1,1,0.9629877
1,1,0.7059371
1,1,0.99425864
1,1,0.9989956
0,0,0.09990845
0,0,0.023939194
0,0,0.0034902103
0,1,0.8934954
0,0,0.010448625
0,0,0.018599967
0,0,0.31679183
0,0,0.03591449
0,0,0.36590973
0,0,0.18440005
0,0,0.10374863
0,0,0.15739572
0,0,0.0022040892
0,0,0.01243165
0,0,0.012845959
0,0,0.0006932423
0,0,0.0009678616
0,0,0.019014435
0,0,0.17909941
0,0,0.00069867563
0,0,0.13156325
0,0,0.18616901
0,0,0.04903963
0,1,0.5911038
0,0,0.03803509
0,0,0.0019304943
0,0,0.007922627
0,0,0.044265877
0,0,0.0009830883
0,1,0.6915494
0,0,0.15443976
0,1,0.8659059
0,0,0.01243165
0,0,0.0042069694
0,0,0.011463797
0,1,0.6769403
0,0,0.004093958
0,1,0.86036915
0,1,0.8636793
0,0,0.2177531
0,0,0.0018208296
0,0,0.44436884
0,0,0.024516335
0,0,0.0023596606
0,0,0.0006932423
0,0,0.20721471
0,0,0.050190788
0,0,0.11526177
0,0,0.0017718029
0,0,0.091220066
0,0,0.0030873693
0,0,0.06524657
0,0,0.29538235
0,0,0.24171305
0,0,0.0012768145
0,0,0.025492331
0,0,0.0118005965
0,0,0.16020033
0,0,0.0021742254
0,1,0.5570623
0,1,0.5026664
0,0,0.20378675
0,1,0.7422816
0,0,0.0033244372
0,0,0.2205942
0,0,0.20721471
0,1,0.7981868
0,0,0.26507115
0,0,0.042206
0,0,0.009936419
0,0,0.035444103
0,0,0.018564347
0,0,0.18787655
0,0,0.09041373
0,0,0.39242414
0,0,0.013045614
0,0,0.024869107
0,0,0.10484337
0,0,0.025035424
0,0,0.009633653
0,0,0.30585283
0,0,0.0008575725
0,0,0.0012136718
0,0,0.013325147
0,0,0.023939194
0,0,0.0014522278
0,0,0.0008575725
0,0,0.06754669
0,1,0.9521755
0,0,0.0017718029
0,1,0.6061197
0,0,0.00071943254
0,1,0.95945925
0,1,0.9812928
0,0,0.0021364216
0,0,0.00519988
0,0,0.1502157
0,1,0.7422816
0,0,0.14408863
0,1,0.8931697
0,0,0.0022474632
0,0,0.024869107
0,0,0.004962942
0,0,0.0674852
0,1,0.6541219
0,0,0.003750789
0,0,0.00619299
0,0,0.02878888
0,0,0.19322348
0,0,0.006731917
0,0,0.023939194
0,1,0.57263315
0,0,0.006026952
0,0,0.03378023
0,0,0.040922303
0,0,0.017359
0,1,0.969814
0,0,0.001518851
0,1,0.80950195
0,1,0.54212856
0,0,0.07075197
0,0,0.009214366
0,0,0.0017207356
0,0,0.1200772
0,0,0.0610871
0,0,0.0018137436
0,0,0.1735682
0,0,0.06897519
0,0,0.24310295
0,0,0.026581826
0,0,0.108377546
0,0,0.0017718029
0,0,0.009143315
0,0,0.1996979
0,0,0.03825006
0,0,0.0030873693
0,1,0.67055434
0,0,0.00519988
0,0,0.019456575
0,0,0.041539967
0,0,0.0019494022
0,0,0.41693017
0,0,0.032009806
0,1,0.97678024
0,0,0.13449147
0,0,0.051510453
0,1,0.86726075
0,0,0.023916388
0,0,0.0671174
0,1,0.8203975
0,0,0.3668449
0,0,0.0050211498
0,0,0.022737447
0,0,0.0068107313
0,0,0.02774289
0,0,0.027117655
0,0,0.021024456
0,0,0.15386674
0,0,0.01153039
0,1,0.5858122
0,0,0.061143138
0,0,0.04845096
0,0,0.010209056
0,0,0.25326028
0,0,0.052037824
0,0,0.0036428906
0,0,0.0059919516
0,1,0.9820655
0,0,0.28982374
0,1,0.8865187
0,1,0.7871959
0,1,0.67635274
0,0,0.05921025
0,0,0.061649624
0,1,0.57335
0,0,0.16715068
0,0,0.16783154
0,0,0.016183902
0,0,0.41771674
0,0,0.0006411777
0,0,0.23361893
0,0,0.012552118
0,0,0.16749083
0,0,0.0072890776
0,0,0.00059071044
0,0,0.07126734
0,0,0.002940673
0,0,0.010189338
0,0,0.031114379
0,0,0.010368156
0,0,0.0245397
0,0,0.01605998
0,0,0.0024919678
0,0,0.041578867
0,1,0.91359943
0,0,0.086864166
0,1,0.81640637
0,0,0.1810459
0,1,0.8465143
0,0,0.05572029
0,0,0.010673116
0,1,0.5943747
0,0,0.0012089458
0,0,0.0017718029
0,0,0.020665687
0,0,0.0012255674
0,0,0.015769396
0,0,0.20087102
0,1,0.9333701
0,0,0.026205413
0,1,0.52044874
0,0,0.10230471
0,1,0.9935868
0,1,0.86036915
0,0,0.06602513
0,0,0.40171716
0,0,0.31790254
0,0,0.29670522
0,0,0.025662707
0,0,0.1693372
0,0,0.024076488
0,1,0.7806625
0,1,0.5217377
0,0,0.05350215
0,0,0.13483286
0,0,0.0016842225
0,1,0.71943295
0,0,0.019927852
0,0,0.03491378
0,0,0.025130948
0,0,0.032100707
0,1,0.68846846
0,0,0.0014550629
0,0,0.004485795
0,0,0.006984649
0,0,0.39563024
0,0,0.010308208
0,0,0.008172064
0,1,0.9444336
0,0,0.0705596
0,1,0.8362874
0,0,0.0076066726
0,0,0.032466814
0,0,0.010328153
0,0,0.056652423
0,0,0.12121684
0,1,0.5057523
0,0,0.06650853
0,1,0.91117966
0,0,0.074500255
0,0,0.003937739
0,0,0.0007657964
0,0,0.0008575725
0,0,0.008478402
0,0,0.0058426056
0,0,0.23970512
0,0,0.07389651
0,0,0.0059803305
0,1,0.5447787
0,0,0.3421318
0,1,0.6932653
0,1,0.63686144
0,0,0.12085323
0,0,0.008950711
0,1,0.74232835
0,0,0.024869107
0,0,0.010881333
0,0,0.18403316
0,0,0.028167475
0,0,0.011309892
0,1,0.86652833
0,0,0.015000313
0,0,0.0017718029
0,0,0.0190509
0,1,0.87810534
0,0,0.0121003855
0,1,0.5789839
0,0,0.3283679
0,0,0.0021157034
0,0,0.10706346
0,0,0.0047552
0,1,0.95226437
0,0,0.0040072887
0,0,0.05281402
0,0,0.016801614
0,0,0.027822025
0,0,0.07416429
0,0,0.058399517
0,1,0.99832565
0,0,0.014871003
0,0,0.011331754
0,0,0.040692955
0,0,0.3024426
0,0,0.020586777
0,0,0.022672439
0,0,0.0033179715
0,0,0.034586217
0,0,0.37045312
0,0,0.013376605
0,1,0.54958016
0,0,0.002038787
0,0,0.0029984983
0,0,0.014281935
0,0,0.018546565
0,1,0.77551985
0,0,0.0019304943
0,0,0.050190788
0,0,0.013636835
0,1,0.5366089
0,0,0.27958253
0,0,0.05355163
0,0,0.0003792433
0,0,0.068912506
0,1,0.84453726
0,0,0.36761075
0,0,0.15247342
0,0,0.31679183
0,0,0.22034244
0,0,0.0018208296
0,0,0.060363
0,0,0.13916224
0,0,0.06041842
0,0,0.0024919678
0,0,0.017442483
0,0,0.019927852
0,0,0.004895881
0,0,0.02025469
0,0,0.21395141
0,0,0.021084841
0,0,0.050893724
0,0,0.05797139
0,0,0.13106197
0,0,0.110951886
0,0,0.008830246
0,0,0.022032265
0,0,0.06669066
0,0,0.13857834
0,1,0.7830775
0,0,0.3480355
0,0,0.0029121786
0,0,0.003607617
0,0,0.11606087
0,0,0.03803509
0,1,0.87794846
0,0,0.00930395
0,0,0.0628467
0,0,0.2893215
0,0,0.051224932
0,0,0.109801196
0,0,0.04724971
0,1,0.64643234
0,1,0.71143085
0,0,0.00066410477
0,1,0.9642206
0,0,0.007651032
0,0,0.06590479
0,1,0.7292306
0,0,0.20236436
0,0,0.0674852
0,0,0.023087243
0,0,0.004895881
0,0,0.3840744
0,1,0.9887771
0,0,0.003607617
0,0,0.03085051
0,0,0.4430544
0,0,0.01214717
0,0,0.1899715
0,0,0.017342348
0,0,0.16304526
0,0,0.029958114
0,0,0.05449988
0,0,0.010052368
0,1,0.9957188
0,0,0.21650808
0,0,0.006917242
0,0,0.014281935
0,0,0.01894171
0,0,0.23997217
0,0,0.008745182
0,0,0.0014186349
0,0,0.011485952
0,0,0.06412401
0,0,0.013376605
0,1,0.87256473
0,0,0.0067975316
0,0,0.077099696
0,0,0.05834584
0,0,0.0030873693
0,0,0.089136936
0,0,0.0036428906
0,1,0.9146726
0,0,0.074500255
0,0,0.049912196
0,0,0.0009966077
0,0,0.0073032235
0,0,0.01214717
0,1,0.82761925
0,0,0.0033831915
0,0,0.0012668908
0,0,0.0017718029
0,0,0.0058086696
0,0,0.0067449897
0,0,0.13695431
0,0,0.003021945
0,1,0.6666053
0,0,0.055926174
0,0,0.08137364
0,0,0.031291503
0,1,0.9235233
0,1,0.6737823
0,0,0.008267597
0,0,0.0030873693
0,0,0.00087617995
0,0,0.014117894
0,0,0.17788225
0,0,0.005945599
0,0,0.054600604
0,0,0.05345272
0,0,0.11716748
0,0,0.02475097
0,0,0.0065388246
0,0,0.17953056
0,0,0.03807084
0,0,0.13318956
0,0,0.10338596
0,0,0.045437217
0,0,0.0008575725
0,0,0.040692955
0,0,0.017712297
0,0,0.03073393
0,0,0.09501305
0,0,0.026581826
0,0,0.0042895884
0,0,0.017176708
0,0,0.027769243
0,1,0.7296161
0,0,0.11706649
0,0,0.0017718029
0,0,0.022032265
0,1,0.5264645
0,1,0.8230441
0,0,0.0275591
0,0,0.11706649
0,0,0.035982184
0,0,0.0011095015
0,1,0.72628
0,0,0.0038844768
0,0,0.02704047
0,0,0.06325053
0,0,0.015936993
0,0,0.478902
0,1,0.9593071
0,1,0.9486801
0,0,0.012771868
0,0,0.017951746
0,0,0.4079819
0,0,0.010308208
0,0,0.41353634
0,0,0.008950711
0,0,0.012288597
0,1,0.7558173
0,0,0.39878687
0,0,0.0065008723
0,0,0.111627996
0,0,0.069604956
0,0,0.025154885
0,1,0.8540954
0,0,0.03601607
0,0,0.020705251
0,0,0.002631674
0,1,0.5001221
0,0,0.17852582
0,0,0.4162923
0,0,0.0017718029
0,1,0.5930791
0,0,0.0011116682
0,1,0.6541219
0,0,0.23997217
0,0,0.010448625
0,0,0.09392703
0,0,0.0023504829
0,0,0.11992252
0,0,0.0008575725
0,0,0.042802144
0,0,0.19329962
0,0,0.0042069694
0,0,0.007999754
0,0,0.09276993
0,0,0.014364656
0,0,0.0025809042
0,0,0.036356665
0,0,0.014871003
0,0,0.004876887
0,0,0.004297939
0,0,0.0019380354
0,1,0.8997397
0,0,0.020844316
0,0,0.0017718029
0,0,0.001194878
0,0,0.031026179
0,0,0.22329238
0,0,0.0024919678
0,0,0.022650808
0,0,0.010860332
0,0,0.33502442
0,1,0.98235554
0,0,0.007680747
0,0,0.24644266
0,0,0.029173618
0,0,0.0032986512
0,0,0.028517084
0,0,0.0046185427
0,0,0.32364726
0,0,0.01584536
0,0,0.0008575725
0,1,0.84632385
0,0,0.48759714
0,0,0.013376605
0,0,0.17781086
0,0,0.06267437
0,0,0.42281738
0,0,0.0034564096
0,0,0.0011695102
0,0,0.0075187185
0,0,0.032558974
0,0,0.021044565
0,0,0.24229525
0,0,0.0026419468
0,0,0.19284318
0,1,0.54334795
0,0,0.026733862
0,1,0.81779283
0,0,0.14116298
0,0,0.029844802
0,0,0.07316472
0,0,0.0013831175
0,0,0.011309892
0,0,0.1753968
0,0,0.017342348
0,0,0.00045741905
0,0,0.023043232
0,1,0.83601975
0,0,0.018671406
0,0,0.049405243
0,0,0.02678473
0,0,0.024237636
0,0,0.22499062
0,1,0.89912134
0,0,0.2374875
0,0,0.4249488
0,0,0.00090220553
0,0,0.051749542
0,0,0.15552686
0,0,0.25506523
0,0,0.011397587
0,1,0.7300975
0,0,0.015906392
0,0,0.01533582
0,1,0.9459513
0,0,0.058938842
0,0,0.38491216
0,0,0.007922627
0,0,0.0008934456
0,0,0.0008575725
0,0,0.01243165
0,0,0.005030917
0,1,0.7592254
0,0,0.00619299
0,0,0.011823394
0,0,0.004512037
0,0,0.07786754
0,0,0.05439932
0,0,0.09903368
0,1,0.8924688
0,1,0.8900078
0,0,0.11506276
0,1,0.5278337
0,0,0.0017718029
0,0,0.03608394
0,0,0.011597362
0,0,0.14360756
0,0,0.012053779
0,1,0.99671423
0,0,0.002795477
0,0,0.18155324
0,0,0.03803509
0,0,0.0047000605
0,0,0.09293445
0,0,0.22567248
0,0,0.39600977
0,0,0.25757825
0,1,0.9928647
0,0,0.028355205
0,0,0.037326884
0,0,0.07191642
0,0,0.010570489
0,0,0.011201214
0,0,0.0015011822
0,0,0.0032413602
0,0,0.039937317
0,0,0.11407212
0,0,0.0014522278
0,0,0.00089869124
0,0,0.0058996035
0,0,0.017442483
0,0,0.0729663
0,0,0.00063371257
0,0,0.020924192
0,0,0.011984203
0,0,0.0029008577
0,0,0.012241275
0,0,0.07592666
0,0,0.026733862
0,0,0.16913125
0,0,0.44036397
0,0,0.017797453
0,0,0.010881333
0,0,0.09990845
0,0,0.089375086
0,1,0.73244834
0,0,0.016434573
0,0,0.30642328
0,0,0.044764314
0,0,0.1969034
0,0,0.042364195
0,0,0.0005714301
0,0,0.0034902103
0,0,0.0029178553
0,0,0.29472217
0,0,0.011597362
0,1,0.9873018
0,0,0.03882902
0,0,0.0010182288
0,0,0.085403666
0,0,0.023043232
0,0,0.19790912
0,0,0.046464663
0,0,0.0009004467
0,0,0.32375416
0,0,0.0416178
0,0,0.13603349
0,0,0.27508104
0,0,0.0018932257
0,1,0.80821866
0,0,0.036254164
0,1,0.7394224
0,1,0.92821383
0,0,0.019512545
0,0,0.0135061005
0,0,0.012649318
0,0,0.01678549
0,1,0.7425151
0,1,0.92338526
0,0,0.023330767
0,0,0.003160353
0,0,0.47055417
0,1,0.9036349
0,0,0.090896755
0,0,0.39975303
0,1,0.99486035
0,0,0.004264634
0,1,0.66530186
0,0,0.060252324
0,0,0.0026419468
0,0,0.11797801
0,0,0.0830685
0,0,0.07270252
0,1,0.7225759
0,0,0.057176594
0,0,0.0008575725
0,0,0.010986943
0,0,0.02237146
0,0,0.019345103
0,0,0.015906392
0,0,0.11777492
0,0,0.004133968
0,0,0.14675854
0,0,0.0135061005
0,0,0.0008934456
0,0,0.022222439
0,0,0.07871317
0,1,0.72671664
0,0,0.037012346
0,0,0.4424031
0,0,0.033117235
0,0,0.03601607
0,0,0.045819953
0,0,0.16647206
0,0,0.007149102
0,0,0.008283627
0,0,0.015043661
0,1,0.997459
0,0,0.14928316
0,0,0.4307309
0,0,0.048767097
0,0,0.0020427648
0,0,0.024563087
0,0,0.04057874
0,0,0.011664719
0,0,0.029563345
0,0,0.007922627
0,0,0.33862367
0,0,0.15077755
0,0,0.058938842
0,1,0.9704086
0,0,0.15437602
0,0,0.070495576
0,1,0.64010173
0,0,0.0026419468
0,0,0.021409772
0,0,0.039011665
0,0,0.09426001
0,0,0.18616901
0,0,0.04138472
0,0,0.019662576
0,0,0.0014982575
0,0,0.023043232
0,0,0.01949387
0,0,0.2767394
0,0,0.023644341
0,0,0.0017718029
0,0,0.20633377
0,0,0.043204036
0,0,0.007891985
0,0,0.03143985
0,0,0.14517595
0,0,0.0017718029
0,0,0.034456022
0,0,0.13161905
0,1,0.70634234
0,0,0.013982613
0,0,0.004297939
0,1,0.6326446
0,1,0.9079672
0,0,0.08064662
0,0,0.0022738955
0,1,0.5497615
0,0,0.015513789
0,0,0.11767349
0,0,0.41771674
0,1,0.570451
0,0,0.0019532058
0,0,0.074432954
0,0,0.02371207
0,0,0.0059803305
0,0,0.033148516
0,0,0.12765263
0,0,0.0045032725
0,0,0.010328153
0,0,0.11143445
0,0,0.0074317735
0,0,0.02578508
0,0,0.09894658
0,0,0.0065008723
0,1,0.9556928
0,1,0.6077504
0,0,0.0008575725
0,0,0.40092528
0,0,0.08811155
0,0,0.026056303
0,0,0.110855594
0,0,0.29047742
0,0,0.13095081
0,1,0.9805993
0,0,0.008412978
0,0,0.009214366
0,0,0.17196317
0,0,0.06383161
0,0,0.04061678
0,0,0.017325716
0,1,0.94154674
0,1,0.676032
0,0,0.04050277
0,0,0.04738177
0,0,0.4726226
0,0,0.006944127
0,0,0.0035796429
0,0,0.44450453
0,0,0.0027202787
0,0,0.008445628
0,0,0.1501534
0,0,0.0045561143
0,0,0.006253385
0,0,0.0030337367
0,0,0.007907292
0,0,0.010209056
0,0,0.03861093
0,0,0.49398452
0,0,0.0017718029
0,0,0.026733862
0,0,0.0009927261
0,0,0.4539199
0,0,0.1201288
0,0,0.4800064
0,0,0.016434573
0,0,0.039305616
0,0,0.02237146
0,1,0.5353869
0,0,0.036908068
0,0,0.07382972
0,0,0.0025311115
0,0,0.006277706
0,1,0.928668
0,0,0.4274266
0,0,0.05775844
0,0,0.07198163
0,1,0.8583628
0,0,0.10856642
0,0,0.0017173839
0,0,0.036942795
0,0,0.15084007
0,0,0.0017718029
0,1,0.97856975
0,0,0.015998371
0,0,0.29767406
0,0,0.017644463
0,0,0.011115013
0,0,0.35025468
0,0,0.10374863
0,0,0.02867986
0,0,0.008203785
0,0,0.005060332
0,0,0.06773145
0,0,0.2977251
0,0,0.0029121786
0,0,0.008203785
0,0,0.00932197
0,0,0.0023596606
0,0,0.035880696
0,0,0.019345103
0,0,0.03541073
0,0,0.21166113
0,0,0.06897519
0,0,0.011201214
0,0,0.38291994
0,0,0.0019080463
0,1,0.57263315
0,0,0.06669066
0,1,0.8962514
0,1,0.9742639
0,0,0.04922211
0,0,0.03971326
0,0,0.0010024584
0,0,0.004645557
0,0,0.028463027
0,0,0.010755925
0,0,0.18974619
0,0,0.30523115
0,0,0.010570489
0,0,0.0045032725
0,0,0.022672439
0,0,0.000990791
0,0,0.10338596
0,1,0.9748691
0,0,0.2667391
0,1,0.5737754
0,1,0.76829886
0,0,0.009670992
0,0,0.0007096704
0,0,0.013768816
0,0,0.023021257
0,0,0.002969445
0,0,0.017475989
0,1,0.95145893
0,0,0.19551727
0,0,0.0017718029
0,0,0.22661245
0,1,0.6891487
0,0,0.0014103585
0,1,0.7433543
0,0,0.024869107
0,0,0.074432954
0,0,0.0030337367
0,0,0.014447853
0,1,0.95791227
0,0,0.033972
0,1,0.9869292
0,0,0.0055012386
0,0,0.0068239546
0,0,0.13500383
0,0,0.0017718029
0,0,0.20465964
0,0,0.0014186349
0,0,0.06388999
0,0,0.21733752
0,0,0.0024968276
0,0,0.022414217
0,0,0.0008575725
0,0,0.001261958
0,0,0.012527932
0,0,0.07992552
0,0,0.0029008577
0,0,0.016403032
0,0,0.03825006
0,0,0.043895528
0,0,0.11701602
0,0,0.014036571
0,0,0.06656919
0,0,0.008560892
0,1,0.84606963
0,0,0.0072608665
0,0,0.009670992
0,0,0.14384793
0,0,0.4294892
0,0,0.010776726
0,0,0.1768137
0,0,0.3668449
0,1,0.84733725
0,0,0.46283722
0,0,0.0017718029
0,0,0.087252244
0,0,0.34103364
0,0,0.0047552
0,0,0.16092426
0,1,0.9634375
0,1,0.83011264
0,0,0.022435624
0,0,0.023419945
0,0,0.004663655
0,1,0.6683935
0,1,0.96637875
0,0,0.3376948
0,0,0.011419616
0,1,0.74456346
0,1,0.9732661
0,0,0.0017718029
0,0,0.00818791
0,0,0.0013537587
0,0,0.07613248
0,0,0.4970856
0,0,0.46283722
0,0,0.18017878
0,1,0.9423477
0,0,0.15418486
0,0,0.03132112
0,0,0.029201292
0,0,0.0882686
0,0,0.25404602
0,0,0.28806815
0,1,0.60504085
0,0,0.010091315
0,1,0.98715407
0,0,0.06359858
0,0,0.005322535
0,0,0.1666754
0,1,0.54671544
0,0,0.0729663
0,0,0.07178617
0,0,0.0026419468
0,0,0.15304215
0,1,0.50419605
0,1,0.84664106
0,0,0.3149453
0,0,0.0017718029
0,0,0.1424107
0,0,0.015906392
0,0,0.017342348
0,0,0.013273888
0,0,0.11201596
0,0,0.026380423
0,0,0.009898064
0,0,0.09484525
0,0,0.0830685
0,0,0.10132236
0,0,0.46722543
0,0,0.28562096
0,0,0.25860673
0,0,0.1996979
0,0,0.0026419468
0,0,0.063424334
0,0,0.06267437
0,0,0.0042069694
0,1,0.73545164
0,0,0.0019304943
0,0,0.004314688
0,1,0.52034396
0,0,0.043936532
0,0,0.008172064
0,0,0.20858167
0,0,0.13403744
0,0,0.012053779
0,0,0.43351677
0,0,0.0010712142
0,1,0.63583034
0,0,0.074500255
0,0,0.015633563
0,1,0.99756086
0,0,0.0072608665
0,0,0.08351589
0,0,0.046986636
0,0,0.017342348
0,0,0.08858347
0,1,0.59231293
0,0,0.007740521
0,0,0.024237636
0,1,0.65704346
0,0,0.035880696
0,0,0.24175783
0,0,0.006463138
0,0,0.0017718029
0,1,0.97708833
0,0,0.41131777
0,0,0.17852582
0,0,0.09195129
0,0,0.00062755786
0,0,0.0062170783
0,0,0.0067580864
0,0,0.10221505
0,0,0.0023596606
0,1,0.83768636
0,0,0.40406644
0,0,0.023689471
0,0,0.0011832798
0,1,0.6171378
0,0,0.28467542
0,1,0.9947391
0,0,0.01335085
0,0,0.020488555
0,0,0.05061143
0,0,0.054651037
0,0,0.16599831
0,0,0.0008575725
0,0,0.0008575725
0,1,0.62837887
0,0,0.00069867563
0,0,0.00932197
0,1,0.5940803
0,1,0.9650203
0,0,0.0067188703
0,0,0.055412795
0,0,0.021084841
0,0,0.3349972
0,0,0.0011763748
0,0,0.0012184161
0,1,0.97826034
0,0,0.06388999
0,0,0.0212467
0,0,0.4742355
0,0,0.12570794
0,0,0.40836522
0,0,0.027246771
0,0,0.08449275
0,0,0.0083319
0,0,0.0021489493
0,0,0.32756075
0,1,0.9628482
0,0,0.049635068
0,0,0.026105914
0,0,0.012576347
0,0,0.043406326
0,0,0.014842417
0,1,0.94138527
0,0,0.021267017
0,0,0.012870749
0,1,0.6040778
0,0,0.006050398
0,0,0.0022430879
0,0,0.0010796069
0,0,0.010881333
0,0,0.14566138
0,0,0.018422542
0,1,0.7291824
0,0,0.20331179
0,0,0.0030873693
0,1,0.98302
0,0,0.07716922
0,0,0.12215622
0,1,0.98089427
0,0,0.019345103
0,0,0.17589168
0,0,0.025274899
0,1,0.8964329
0,1,0.9064877
0,1,0.636805
0,0,0.030938225
0,0,0.042642396
0,0,0.0059919516
0,0,0.025011597
0,0,0.0028449094
0,1,0.90371984
0,0,0.051510453
0,0,0.0011313597
0,0,0.35723108
0,0,0.2571583
0,0,0.006050398
0,1,0.9005298
0,0,0.004117918
0,0,0.05572029
0,0,0.028436033
0,0,0.028463027
0,0,0.019719128
0,0,0.00036117696
0,0,0.014281935
0,0,0.0040622284
0,0,0.27958253
0,0,0.00930395
0,0,0.23048648
0,0,0.008251599
0,1,0.6543428
0,1,0.9434519
0,0,0.05834584
0,0,0.0063883206
0,0,0.0038769261
0,1,0.52586627
0,0,0.08456834
0,0,0.022824407
0,0,0.037821285
0,0,0.41771674
0,0,0.007800757
0,1,0.9251624
0,0,0.008380454
0,0,0.26006046
0,0,0.015424551
0,0,0.07613248
0,0,0.09799297
0,1,0.8865187
0,0,0.02215887
0,0,0.0007702932
0,0,0.002673006
0,1,0.8241083
0,1,0.99400806
0,0,0.0008575725
0,0,0.051749542
0,0,0.490453
0,0,0.14010078
0,1,0.8773192
0,0,0.44446683
0,1,0.9798034
0,0,0.22811353
0,0,0.039416388
0,0,0.10008423
0,1,0.91648406
0,1,0.86036915
0,0,0.011984203
0,0,0.010328153
0,0,0.0016549241
0,0,0.0041824942
0,0,0.23370637
0,0,0.2386389
0,1,0.9828562
0,0,0.012870749
0,1,0.9060729
0,0,0.22678365
0,0,0.071202725
0,0,0.077587515
0,0,0.057176594
0,0,0.108471945
0,0,0.003305079
0,0,0.056288198
0,0,0.07409725
0,0,0.028194217
0,0,0.0021742254
0,0,0.12586902
0,0,0.03591449
0,0,0.017226238
0,0,0.0017718029
0,0,0.2799269
0,0,0.039564554
0,0,0.08028533
0,0,0.03355782
0,0,0.027454607
0,0,0.28601965
0,0,0.0027522563
0,0,0.0049725967
0,0,0.0072047687
0,0,0.0010587475
0,0,0.016183902
0,0,0.0007748164
0,0,0.012649318
0,0,0.14633107
0,0,0.04724971
0,0,0.014756983
0,1,0.9328826
0,0,0.0074317735
0,1,0.7468782
0,0,0.16783154
0,0,0.28731766
0,0,0.0014522278
0,0,0.0013458604
0,0,0.008445628
0,1,0.8732689
0,0,0.018797072
0,0,0.031499382
0,1,0.53633565
0,0,0.3083985
0,0,0.095771484
0,1,0.66044617
0,0,0.0248928
0,0,0.24826072
0,0,0.007562568
0,0,0.18668744
0,0,0.018564347
0,0,0.0674852
0,0,0.3377494
0,0,0.029788302
0,0,0.018316885
0,0,0.005522651
0,0,0.005533388
0,0,0.005220126
0,1,0.94980925
0,0,0.05379964
0,0,0.39420095
0,0,0.18352045
0,1,0.6820975
0,0,0.33502442
0,0,0.0018315101
0,0,0.00619299
0,0,0.030675802
0,0,0.0029121786
0,0,0.008267597
0,0,0.0030994155
0,1,0.9212869
0,0,0.0008575725
0,1,0.9170801
0,0,0.07751766
0,0,0.0009622126
0,0,0.008156249
0,0,0.0024438866
0,0,0.014842417
0,0,0.0009491592
0,1,0.8978745
0,0,0.35426554
0,0,0.0065388246
0,0,0.4584093
0,0,0.05345272
0,0,0.0017718029
0,0,0.37582102
0,0,0.2919893
0,0,0.1689255
0,0,0.024191486
0,0,0.055412795
0,0,0.005554925
0,0,0.00619299
0,0,0.014842417
0,0,0.16640432
0,0,0.043406326
0,0,0.0996453
0,0,0.060863446
0,1,0.9916842
0,0,0.0008575725
0,1,0.98947024
0,0,0.0063883206
0,0,0.0009528706
0,0,0.014254464
0,1,0.79842263
0,0,0.0009773503
0,0,0.005641909
0,1,0.99496907
0,0,0.0014607495
0,0,0.26166096
0,1,0.9152046
0,0,0.097218834
0,0,0.0017718029
0,0,0.0012768145
0,0,0.016403032
0,0,0.017746313
0,0,0.0028393746
0,1,0.9974491
0,0,0.1510278
0,1,0.96381396
0,0,0.0026419468
0,0,0.20633377
0,0,0.0021742254
0,0,0.031114379
0,0,0.0068107313
0,1,0.54842407
0,0,0.0030873693
0,0,0.3168447
0,0,0.015424551
0,0,0.0072608665
0,0,0.015394919
0,0,0.010590936
0,0,0.31531414
0,1,0.9770445
0,0,0.0018858586
0,0,0.17924304
0,0,0.38757443
0,0,0.005220126
0,1,0.66137636
0,0,0.027195055
0,0,0.19884089
0,0,0.014700297
0,0,0.035244323
0,0,0.086400524
0,0,0.0064131636
0,1,0.75716645
0,0,0.0017718029
0,0,0.078642376
0,0,0.0095224865
0,0,0.0017718029
0,0,0.00705271
0,0,0.02463338
0,0,0.039231926
0,0,0.012407694
0,0,0.030329255
0,0,0.20537588
0,1,0.55187565
0,0,0.015189049
0,0,0.041307304
0,0,0.006903838
0,0,0.014785408
0,0,0.0041099153
0,0,0.037999377
0,0,0.051605966
0,0,0.16377953
0,0,0.0008263576
0,0,0.037999377
0,0,0.03442355
0,0,0.026480937
0,0,0.006692851
0,0,0.18787655
0,0,0.4139805
0,1,0.7422816
0,0,0.021024456
0,0,0.42074832
0,0,0.008933403
0,0,0.1592174
0,0,0.014309456
0,0,0.033431366
0,1,0.9759923
0,0,0.00087617995
0,0,0.0008575725
0,0,0.014700297
0,0,0.0008575725
0,0,0.0019304943
0,0,0.010328153
0,0,0.05515777
0,0,0.0072047687
0,0,0.003937739
0,0,0.0060152626
0,1,0.6417592
0,0,0.050051305
0,0,0.0019229825
0,1,0.8385476
0,0,0.014913983
0,0,0.020274078
0,0,0.0017996542
0,0,0.0061570317
0,0,0.016434573
0,0,0.41693017
0,0,0.19876309
0,0,0.018743115
0,0,0.0020269
0,0,0.014643826
0,0,0.052182533
0,0,0.07369626
0,0,0.023043232
0,1,0.88592786
0,0,0.006121282
0,0,0.26421598
0,0,0.38757443
0,0,0.0069576087
0,1,0.6132655
0,0,0.055463932
0,0,0.0025708678
0,0,0.18278992
0,0,0.20473911
0,0,0.026305282
0,0,0.0077705807
0,0,0.057493284
0,0,0.0017718029
0,0,0.054651037
0,0,0.063714996
0,0,0.13398077
0,0,0.21068507
0,1,0.7305783
0,0,0.003991728
0,0,0.0070254076
0,1,0.54994273
0,1,0.6078378
0,1,0.5707501
0,0,0.06489012
0,0,0.0014186349
0,0,0.0017718029
0,0,0.0030873693
0,0,0.20347004
0,0,0.0008575725
0,1,0.53717035
0,1,0.9761973
0,0,0.09594075
0,0,0.013096004
0,1,0.5409845
0,0,0.1424107
0,0,0.005652876
0,0,0.004895881
0,0,0.045057535
0,0,0.01566365
0,0,0.012455653
0,1,0.6183772
0,1,0.8123469
0,0,0.040731095
0,0,0.051415112
0,0,0.19261527
0,0,0.27943507
0,0,0.015365342
0,0,0.3989039
0,0,0.2761534
0,0,0.08993301
0,0,0.026130756
0,0,0.00930395
0,0,0.0016974094
0,0,0.050004896
0,0,0.019456575
0,0,0.0039839703
0,0,0.36164367
0,0,0.009936419
0,0,0.0008056567
0,0,0.0038244836
0,0,0.061819322
0,0,0.0010142631
0,0,0.42517254
0,0,0.029284457
0,0,0.023984876
0,0,0.4345213
0,0,0.18839863
0,0,0.020215968
0,0,0.011288074
0,0,0.019456575
0,1,0.5675097
0,0,0.022414217
0,0,0.28234455
0,0,0.019927852
0,0,0.04134599
0,1,0.609437
0,0,0.011008186
0,0,0.036700353
0,0,0.010150015
0,1,0.9940428
0,0,0.0008575725
0,0,0.010388218
0,0,0.036185976
0,0,0.0008575725
0,0,0.11008788
0,0,0.033023555
0,0,0.0009869322
0,0,0.0013327986
0,0,0.09747628
0,0,0.23005375
0,0,0.08601587
0,1,0.8828326
0,0,0.010368156
0,0,0.024964012
0,0,0.008380454
0,1,0.9480103
0,0,0.006903838
0,0,0.051510453
0,1,0.637313
0,0,0.0059919516
0,0,0.00577493
0,0,0.4076871
0,0,0.0017718029
0,0,0.057705317
0,0,0.018281797
0,0,0.29777616
0,0,0.0064131636
0,0,0.029844802
0,0,0.4015411
0,0,0.3104853
0,1,0.6729768
0,0,0.1567492
0,0,0.30264866
0,0,0.0729663
0,0,0.0014550629
0,0,0.03448853
0,0,0.23651622
0,1,0.97212505
0,0,0.42277274
0,0,0.0043568457
0,0,0.089375086
0,0,0.24871664
0,0,0.12912793
0,0,0.0025311115
0,0,0.07613248
0,0,0.0024438866
0,0,0.103476524
0,0,0.0008575725
0,0,0.0057413853
0,0,0.4294892
0,0,0.033907957
0,0,0.017442483
0,0,0.0025558867
0,0,0.0032986512
0,0,0.026733862
0,1,0.6866853
0,0,0.09611029
0,0,0.35092172
0,0,0.0017207356
0,0,0.048002712
0,1,0.69134104
0,0,0.2780117
0,0,0.020004287
0,0,0.14866412
0,1,0.9901592
0,0,0.011463797
0,0,0.09501305
0,1,0.9287327
0,1,0.7886646
0,0,0.0992954
0,0,0.08291985
0,0,0.0033569518
0,0,0.002070827
0,0,0.006903838
0,0,0.0004373344
0,0,0.0004076526
0,0,0.004962942
0,0,0.0033309148
0,0,0.00079008617
0,0,0.27435136
0,0,0.034782395
0,0,0.016090874
0,0,0.019087432
0,0,0.015101651
0,0,0.0039300853
0,0,0.001867566
0,0,0.0023096215
0,0,0.00029827765
0,0,0.0023276936
0,0,0.0012279605
0,0,0.0010628869
0,0,0.008235631
0,0,0.0118005965
0,0,0.01584536
0,0,0.0010262068
0,0,0.00062267727
0,0,0.018546565
0,0,0.0010362669
0,0,0.016434573
0,0,0.001648483
0,0,0.047691286
0,0,0.0057413853
0,0,0.00048217614
0,0,0.0024919678
0,0,0.0014241792
0,0,0.000628784
0,0,0.00076281314
0,0,0.0026678042
0,0,0.001247274
0,0,0.004681822
0,0,0.0022916892
0,0,0.0029579026
0,0,0.008364238
0,0,0.0005636751
0,0,0.0006654022
0,0,0.004645557
0,0,0.02532306
0,0,0.03027187
0,0,0.19132768
0,0,0.1685146
0,0,0.0004100472
0,0,0.045015533
0,0,0.0008312098
0,0,0.0014953385
0,0,0.0036146443
0,0,0.0012818055
0,0,0.003370046
0,0,0.07185127
0,0,0.0036570965
0,0,0.00079162966
0,0,0.0024774452
0,0,0.0012375797
0,0,0.0018350843
0,0,0.002195515
0,0,0.0011380006
0,0,0.003572683
0,0,0.0030813639
0,0,0.005250641
0,0,0.0005884088
0,0,0.000559291
0,0,0.003678509
0,0,0.003503823
0,0,0.0046909326
0,0,0.08921626
0,0,0.00109019
0,0,0.002364263
0,0,0.00034129503
0,0,0.0008199321
0,0,0.0020308546
0,0,0.009055264
0,0,0.0063883206
0,0,0.042483203
0,0,0.008219693
0,0,0.0040860027
0,0,0.014700297
0,0,0.00079162966
0,0,0.003991728
0,0,0.0015397267
0,0,0.00028185718
0,0,0.001092319
0,0,0.023802664
0,0,0.04369106
0,0,0.0057302467
0,0,0.008694534
0,0,0.0011902251
0,0,0.0027846089
0,0,0.0030693877
0,0,0.034848027
0,0,0.1112895
0,0,0.0018932257
0,0,0.0064506084
0,0,0.0007336117
0,0,0.008429287
0,0,0.003586616
0,0,0.0008328334
0,0,0.17314835
0,0,0.013299493
0,0,0.00080880744
0,0,0.0010965895
0,0,0.00048311835
0,0,0.010091315
0,0,0.10650459
0,0,0.028220987
0,0,0.00047470425
0,0,0.0011008767
0,0,0.0040072887
0,0,0.0015129383
0,0,0.0030396497
0,0,0.0017477858
0,0,0.00041084853
0,0,0.0008247465
0,0,0.024307018
0,0,0.06394842
0,0,0.00027694734
0,0,0.0023276936
0,0,0.0075772414
0,0,0.0037800956
0,0,0.0041581606
0,0,0.00057031563
0,0,0.003678509
0,0,0.0045208177
0,0,0.015424551
0,0,0.017900169
0,0,0.00052954187
0,0,0.0014750635
0,0,0.00039977106
0,0,0.00063247676
0,0,0.0071629784
0,0,0.008283627
0,0,0.00809329
0,0,0.0004124559
0,0,0.01170984
0,0,0.003254005
0,0,0.01745923
0,0,0.00067324063
0,0,0.1399244
0,0,0.0010859445
0,0,0.04672496
0,0,0.00349701
0,0,0.0021364216
0,0,0.0020111583
0,0,0.0018785202
0,0,0.011115013
0,0,0.00079317606
0,0,0.00161665
0,0,0.0011181936
0,0,0.00038899214
0,0,0.0008119704
0,0,0.0038543637
0,0,0.0013070537
0,0,0.0037217084
0,0,0.0022430879
0,0,0.04720577
0,0,0.070623666
0,0,0.039527465
0,0,0.0031850608
0,0,0.0021784669
0,0,0.002458213
0,0,0.0008934456
0,0,0.0024534282
0,0,0.004331502
0,0,0.006930672
0,0,0.0027149855
0,0,0.002074867
0,0,0.0036713579
0,0,0.011331754
0,0,0.0012521496
0,0,0.0028783479
0,0,0.00056588
0,0,0.08173938
0,0,0.001194878
0,0,0.00026530237
0,0,0.0061450917
0,0,0.018689308
0,0,0.004223366
0,0,0.037821285
0,0,0.30850264
0,0,0.22507578
0,0,0.0046727294
0,0,0.00030061635
0,0,0.0005826939
0,0,0.01566365
0,0,0.008046387
0,0,0.003337405
0,0,0.0010796069
0,0,0.006050398
0,0,0.0009217804
0,0,0.00046734812
0,0,0.0019117693
0,0,0.006205023
0,0,0.0017409837
0,0,0.0028560124
0,0,0.013273888
0,0,0.0061094104
0,0,0.008364238
0,0,0.003678509
0,0,0.0146720335
0,0,0.0019380354
0,0,0.03591449
0,0,0.008030812
0,0,0.005250641
0,0,0.028598359
0,0,0.0014636011
0,0,0.0050211498
0,0,0.003707253
0,0,0.008830246
0,0,0.0005941797
0,0,0.0039454065
0,0,0.0146720335
0,0,0.00049650425
0,0,0.0034030052
0,0,0.00034397095
0,0,0.0020911063
0,0,0.00056588
0,0,0.014559518
0,0,0.007345827
0,0,0.0072890776
0,0,0.026733862
0,0,0.015483988
0,0,0.021125194
0,0,0.00021824207
0,0,0.0012918457
0,0,0.0005152657
0,0,0.0030278352
0,0,0.0011160143
0,0,0.0015792594
0,0,0.0007657964
0,0,0.00042637467
0,0,0.0014437558
0,0,0.024916517
0,0,0.016947424
0,0,0.0005826939
0,0,0.0085278
0,1,0.57496166
0,0,0.0017106996
0,0,0.0012768145
0,0,0.003105456
0,0,0.0040385914
0,0,0.017644463
0,0,0.0045738644
0,0,0.0061094104
0,0,0.093512304
0,0,0.00086767256
0,0,0.01107216
0,0,0.006085737
0,0,0.022350114
0,0,0.0017477858
0,0,0.050846573
0,0,0.00043308618
0,0,0.0006190416
0,0,0.021024456
0,0,0.013020489
0,0,0.0015457438
0,0,0.0006538155
0,0,0.0015548134
0,0,0.004512037
0,0,0.008267597
0,0,0.0013354007
0,0,0.006097562
0,0,0.0013804223
0,0,0.009232215
0,0,0.044639207
0,0,0.011984203
0,0,0.0011626856
0,0,0.0009792591
0,0,0.082180254
0,0,0.0060152626
0,0,0.0015070488
0,0,0.0062899017
0,0,0.010408315
0,0,0.00063992746
0,0,0.0018315101
0,0,0.036220055
0,0,0.0003466678
0,0,0.011201214
0,0,0.0009181901
0,0,0.00037046144
0,0,0.0008813243
0,0,0.020764738
0,0,0.103839464
0,0,0.054098696
0,0,0.0009308179
0,0,0.0023276936
0,0,0.002601094
0,0,0.0015978455
0,0,0.0028063876
0,0,0.0013302016
0,0,0.014813886
0,0,0.0012594985
0,0,0.0032858336
0,0,0.008445628
0,0,0.0085278
0,0,0.017695317
0,0,0.01189205
0,0,0.0017274586
0,0,0.00039666123
0,0,0.0025212683
0,0,0.0011763748
0,0,0.016593177
0,0,0.0012399962
0,0,0.003045574
0,0,0.005281334
0,0,0.029563345
0,0,0.009821792
0,0,0.0017891594
0,0,0.00046917636
0,0,0.010755925
0,0,0.19360435
0,0,0.047646955
0,0,0.0044079763
0,0,0.00092900335
0,0,0.0017683518
0,0,0.015454242
0,0,0.004512037
0,0,0.0086441785
0,0,0.017028963
0,0,0.00046371284
0,0,0.0045738644
0,0,0.00055711175
0,0,0.10248422
0,0,0.00088477065
0,0,0.0016517006
0,0,0.00088649895
0,0,0.0006190416
0,0,0.012383785
0,0,0.008203785
0,0,0.0063883206
0,0,0.06170614
0,0,0.012527932
0,0,0.0015608892
0,0,0.00062267727
0,0,0.0043994132
0,0,0.028517084
0,0,0.0021615503
0,0,0.0130707845
0,0,0.0006589401
0,0,0.015693791
0,0,0.0042151595
0,0,0.0034902103
0,0,0.004190637
0,0,0.00063124346
0,0,0.0006771942
0,0,0.00036686257
0,0,0.00096975197
0,0,0.0030396497
0,0,0.003292236
0,0,0.004264634
0,0,0.009898064
0,0,0.0021322616
0,0,0.0004036926
0,0,0.0021742254
0,0,0.005448068
0,0,0.045522
0,0,0.0027629985
0,0,0.003999501
0,0,0.2792876
0,0,0.004348382
0,0,0.03030055
0,0,0.001778725
0,0,0.011397587
0,0,0.006944127
0,0,0.00037555918
0,0,0.004494525
0,0,0.006475691
0,0,0.0018712104
0,0,0.0021827165
0,0,0.00059883716
0,0,0.0012545943
0,0,0.001261958
0,0,0.0008231385
0,0,0.003538086
0,0,0.0005838325
0,0,0.004564981
0,0,0.05623634
0,0,0.0022040892
0,0,0.0003867204
0,0,0.0023688741
0,0,0.00041731578
0,0,0.013402404
0,0,0.0018530595
0,0,0.0030994155
0,0,0.015906392
0,0,0.029535338
0,0,0.01155267
0,0,0.003254005
0,0,0.0018821859
0,0,0.00034062934
0,0,0.0003521251
0,0,0.023464657
0,0,0.002157342
0,0,0.0021364216
0,0,0.0019684948
0,0,0.013020489
0,0,0.004663655
0,0,0.026330305
0,0,0.0008899655
0,0,0.005220126
0,0,0.0024249142
0,0,0.0007748164
0,0,0.02072506
0,0,0.004239825
0,0,0.0016072203
0,0,0.0019916527
0,0,0.0003859661
0,0,0.00036259
0,0,0.10017222
0,0,0.0068239546
0,0,0.005448068
0,0,0.0033439077
0,0,0.00016219281
0,0,0.0045472644
0,0,0.007680747
0,0,0.004582765
0,0,0.0013804223
0,0,0.021044565
0,0,0.00093263603
0,0,0.07971036
0,0,0.04867657
0,0,0.012407694
0,0,0.000611834
0,0,0.00058042357
0,0,0.0005582003
0,0,0.0005254231
0,0,0.052667655
0,0,0.0007702932
0,0,0.0023051254
0,0,0.0014664584
0,0,0.002992665
0,0,0.001194878
0,0,0.00059650384
0,0,0.0016198053
0,0,0.0023550675
0,0,0.0021615503
0,0,0.009670992
0,0,0.007665875
0,0,0.0042151595
0,0,0.110663235
0,0,0.0043230867
0,0,0.0026939143
0,0,0.00030594572
0,0,0.044597577
0,0,0.0017961492
0,0,0.001999432
0,0,0.1133831
0,0,0.00054103555
0,0,0.0013537587
0,0,0.017359
0,0,0.013982613
0,0,0.0037580945
0,0,0.019142363
0,0,0.0017140384
0,0,0.0033115193
0,0,0.011961098
0,0,0.006903838
0,0,0.0009199836
0,0,0.003021945
0,0,0.0027737827
0,0,0.0006945966
0,0,0.08993301
0,0,0.04142348
0,0,0.014531522
0,0,0.0013564017
0,0,0.003510649
0,0,0.0011536479
0,0,0.0051396107
0,0,0.00053787645
0,0,0.0041581606
0,0,0.06766981
0,0,0.0014241792
0,0,0.0029065125
0,0,0.0014550629
0,0,0.001044386
0,0,0.0025163612
0,0,0.000865981
0,0,0.0009850082
0,0,0.010693759
0,0,0.17342815
0,0,0.0009869322
0,0,0.00102221
0,0,0.009540926
0,0,0.0054164114
0,0,0.0111580305
0,0,0.22832854
0,0,0.0030160663
0,0,0.0042895884
0,0,0.12394767
0,0,0.016947424
0,0,0.0028504555
0,0,0.07793769
0,0,0.000720838
0,0,0.004256349
0,0,0.008711384
0,0,0.00660257
0,0,0.0026061658
0,0,0.0028009268
0,0,0.01200735
0,0,0.002883959
0,0,0.009376237
0,0,0.01515986
0,0,0.0028783479
0,0,0.016931161
0,0,0.012288597
0,0,0.0016356753
0,0,0.016090874
0,0,0.0355444
0,0,0.0020111583
0,0,0.0028063876
0,0,0.0077555366
0,0,0.00045652693
0,0,0.058776557
0,0,0.08419108
0,0,0.0014048679
0,0,0.00042058743
0,0,0.05061143
0,0,0.0046727294
0,0,0.0036570965
0,0,0.0036642202
0,0,0.05179748
0,0,0.0061809816
0,0,0.0017649074
0,0,0.0063266307
0,0,0.00016282752
0,0,0.0003777654
0,0,0.00932197
0,0,0.0014241792
0,0,0.0030693877
0,0,0.015543648
0,0,0.014728613
0,0,0.006930672
0,0,0.0010691264
0,0,0.0008199321
0,0,0.0071076322
0,0,0.22832854
0,0,0.0008295892
0,0,0.0068107313
0,0,0.0018712104
0,0,0.0015129383
0,0,0.0041581606
0,0,0.009633653
0,0,0.006085737
0,0,0.01395571
0,0,0.0017649074
0,0,0.0012207953
0,0,0.0015731123
0,0,0.031055551
0,0,0.00069867563
0,0,0.012649318
0,0,0.1364357
0,0,0.005945599
0,0,0.0006654022
0,0,0.012945405
0,0,0.00054740964
0,0,0.011309892
0,0,0.0011972112
0,0,0.00198004
0,0,0.005641909
0,0,0.012053779
0,0,0.00053578056
0,0,0.0003144242
0,0,0.010071823
0,0,0.0031297363
0,0,0.0034030052
0,0,0.06754669
0,0,0.00071662973
0,0,0.0011008767
0,0,0.17009403
0,0,0.0139288595
0,0,0.006121282
0,0,0.00044682765
0,0,0.003802225
0,0,0.00080251833
0,0,0.0046545975
0,0,0.025834186
0,0,0.0010733063
0,0,0.00024536948
0,0,0.003292236
0,0,0.0075772414
0,0,0.0012893283
0,0,0.0006563728
0,0,0.0010505168
0,0,0.004150081
0,0,0.0034030052
0,0,0.00088649895
0,0,0.0003829636
0,0,0.008412978
0,0,0.019549947
0,0,0.06041842
0,0,0.00064999826
0,0,0.0004181313
0,0,0.020645931
0,0,0.005565725
0,0,0.010550082
0,0,0.0026061658
0,0,0.00085924764
0,0,0.0032162166
0,0,0.016657041
0,0,0.0067580864
0,0,0.0013302016
0,0,0.0074317735
0,0,0.0034902103
0,0,0.0022872274
0,0,0.014828144
0,0,0.022499971
0,0,0.042166542
0,0,0.00070140825
0,0,0.016593177
0,0,0.006944127
0,0,0.0018566754
0,0,0.0022650503
0,0,0.0016135006
0,0,0.0021447653
0,0,0.010590936
0,0,0.00026426834
0,0,0.11987099
0,0,0.0010691264
0,0,0.0007110568
0,0,0.017593754
0,0,0.012624948
0,0,0.06530615
0,0,0.01102947
0,0,0.0002959571
0,0,0.00045563653
0,0,0.000603531
0,0,0.0012231792
0,0,0.014842417
0,0,0.0086441785
0,0,0.0004888105
0,0,0.011777842
0,0,0.0006263342
0,0,0.0010775026
0,0,0.024423089
0,0,0.0015457438
0,0,0.0064256205
0,0,0.0023096215
0,0,0.008315778
0,0,0.0005614787
0,0,0.003503823
0,0,0.016434573
0,0,0.0075187185
0,0,0.041307304
0,0,0.017475989
0,0,0.002889581
0,0,0.064065434
0,0,0.00090750254
0,0,0.00096033677
0,0,0.0018639286
0,0,0.00062267727
0,0,0.0024391296
0,0,0.000423058
0,0,0.010169657
0,0,0.0058086696
0,0,0.00040290525
0,0,0.0025261848
0,0,0.05079946
0,0,0.15817435
0,0,0.001133569
0,0,0.009540926
0,0,0.00047656128
0,0,0.0012327607
0,0,0.0013643618
0,0,0.1584346
0,0,0.0004897656
0,0,0.0004955359
0,0,0.0008626078
0,0,0.0094125895
0,0,0.0014437558
0,0,0.0004888105
0,0,0.041307304
0,0,0.0015158918
0,0,0.0015608892
0,0,0.002238721
0,0,0.0012303581
0,0,0.00286158
0,0,0.011179602
0,0,0.0024678102
0,0,0.00071662973
0,0,0.0010083435
0,0,0.0004984466
0,0,0.024307018
0,0,0.001999432
0,0,0.0004503306
0,0,0.03182875
0,0,0.00068919506
0,0,0.014309456
0,0,0.008577485
0,0,0.015276946
0,0,0.005685907
0,0,0.000771798
0,0,0.001006378
0,0,0.023984876
0,0,0.0041743675
0,0,0.00080880744
0,0,0.004645557
0,0,0.00206277
0,0,0.020984294
0,0,0.027980948
0,0,0.00041731578
0,0,0.0007657964
0,0,0.000423058
0,0,0.006903838
0,0,0.0020829707
0,0,0.0005647765
0,0,0.009559399
0,0,0.004166256
0,0,0.06325053
0,0,0.0016809416
0,0,0.008511303
0,0,0.0006130294
0,0,0.0014664584
0,0,0.09833879
0,0,0.012845959
0,0,0.2616138
0,0,0.0054905633
0,0,0.0037580945
0,0,0.01217063
0,0,0.009936419
0,0,0.00077784655
0,0,0.0008509045
0,0,0.0072749583
0,0,0.030996833
0,0,0.0012718429
0,0,0.0005495509
0,0,0.0073173973
0,0,0.0012497094
0,0,0.0041099153
0,0,0.00048595612
0,0,0.0060621547
0,0,0.00076281314
0,0,0.00033863995
0,0,0.01919745
0,0,0.00091640017
0,0,0.0020547444
0,0,0.003692853
0,0,0.0035796429
0,0,0.0030994155
0,0,0.0014131119
0,0,0.0015397267
0,0,0.0025658647
0,0,0.0022083889
0,0,0.00039588756
0,0,0.0041581606
0,0,0.04611975
0,0,0.0131973615
0,0,0.00079162966
0,0,0.0041259355
0,0,0.0010142631
0,0,0.00079162966
0,0,0.0022083889
0,0,0.0045916834
0,0,0.000998554
0,0,0.017143767
0,0,0.009285965
0,0,0.0018208296
0,0,0.006073935
0,0,0.013402404
0,0,0.004198795
0,0,0.006097562
0,0,0.0064131636
0,0,0.0010024584
0,0,0.055412795
0,0,0.00096033677
0,0,0.003907215
0,0,0.0008710656
0,0,0.0013019645
0,0,0.005050508
0,0,0.0008312098
0,0,0.0057302467
0,0,0.008494837
0,0,0.00069595367
0,0,0.008881674
0,0,0.0022606407
0,0,0.0046727294
0,0,0.0009344577
0,0,0.054349106
0,0,0.0010859445
0,0,0.00028910325
0,0,0.008156249
0,0,0.040426936
0,0,0.005565725
0,0,0.0018969199
0,0,0.034848027
0,0,0.0010182288
0,0,0.0047644526
0,0,0.0020507437
0,0,0.003370046
0,0,0.00048217614
0,0,0.009485713
0,0,0.0069711166
0,0,0.0021364216
0,0,0.0014186349
0,0,0.0072890776
0,0,0.007149102
0,0,0.024191486
0,0,0.010368156
0,0,0.0012893283
0,0,0.0014048679
0,0,0.00045831295
0,0,0.0045561143
0,0,0.000712446
0,0,0.0016678823
0,0,0.00083446025
0,0,0.0010546242
0,0,0.0076956474
0,0,0.00032950874
0,0,0.0017961492
0,0,0.0034564096
0,0,0.006903838
0,0,0.0008744718
0,0,0.0015427325
0,0,0.0025960316
0,0,0.006903838
0,0,0.00060471025
0,0,0.00020027377
0,0,0.006277706
0,0,0.049681157
0,0,0.0069711166
0,0,0.00044076296
0,0,0.0007082866
0,0,0.0025960316
0,0,0.005384938
0,0,0.004314688
0,0,0.006463138
0,0,0.00093263603
0,0,0.029367855
0,0,0.0017856744
0,0,0.014036571
0,0,0.4079229
0,0,0.005533388
0,0,0.00381705
0,0,0.018996224
0,0,0.0022083889
0,0,0.0038920413
0,0,0.0008796062
0,0,0.00020825012
0,0,0.028625505
0,0,0.00037629314
0,0,0.0008040859
0,0,0.0072468016
0,0,0.00075836
0,0,0.00462753
0,0,0.0010464255
0,0,0.000990791
0,0,0.0004592085
0,0,0.00047936052
0,0,0.004425152
0,0,0.0007509956
0,0,0.011093566
0,0,0.00087789143
0,0,0.0023459073
0,0,0.033716537
0,0,0.010388218
0,0,0.001690803
0,0,0.1373588
0,0,0.001626135
0,0,0.0054799085
0,0,0.005945599
0,0,0.0011604195
0,0,0.002828336
0,0,0.03778577
0,0,0.00033863995
0,0,0.005708034
0,0,0.0018137436
0,0,0.037012346
0,0,0.013045614
0,0,0.011508149
0,0,0.010570489
0,0,0.0005072812
0,0,0.0027683857
0,0,0.3375856
0,0,0.004150081
0,0,0.0012843083
0,0,0.00031319875
0,0,0.00093811157
0,0,0.0022474632
0,0,0.0085278
0,0,0.06822643
0,0,0.0009622126
0,0,0.00089693937
0,0,0.0012668908
0,0,0.00048311835
0,0,0.0053018946
0,0,0.0027629985
0,0,0.0012594985
0,0,0.005070175
0,0,0.044806086
0,0,0.0014437558
0,0,0.0008312098
0,0,0.002828336
0,0,0.037608635
0,0,0.046899263
0,0,0.0020547444
0,0,0.00024632958
0,0,0.0020348171
0,0,0.0006436856
0,0,0.0047644526
0,0,0.016293107
0,0,0.0016009645
0,0,0.0009773503
0,0,0.0055012386
0,0,0.00042388475
0,0,0.0009811718
0,0,0.002119831
0,0,0.00067324063
0,0,0.025687136
0,0,0.004416556
0,0,0.0005243984
0,0,0.00028462242
0,0,0.0047183693
0,0,0.0010546242
0,0,0.002688672
0,0,0.021718835
0,0,0.001194878
0,0,0.0014186349
0,0,0.007446194
0,0,0.07857165
0,0,0.0071629784
0,0,0.00047193223
0,0,0.00027053355
0,0,0.0032794434
0,0,0.05992141
0,0,0.006438102
0,0,0.004736749
0,0,0.020567097
0,0,0.0018932257
0,0,0.0027202787
0,0,0.018089995
0,0,0.004198795
0,0,0.0002758679
0,0,0.0026163394
0,0,0.002078915
0,0,0.012649318
0,0,0.00041084853
0,0,0.0022430879
0,0,0.0011095015
0,0,0.015276946
0,0,0.0038844768
0,0,0.00036901768
0,0,0.00478301
0,0,0.0012868157
0,0,0.008677716
0,0,0.0015854306
0,0,0.014447853
0,0,0.00057031563
0,0,0.00042804275
0,0,0.0042729364
0,0,0.009107993
0,1,0.6853707
0,0,0.00091105123
0,0,0.09476144
0,0,0.0025459477
0,0,0.001734208
0,0,0.00046280847
0,0,0.0031912678
0,0,0.0034296038
0,0,0.00080880744
0,0,0.00032313753
0,0,0.0004339325
0,0,0.00036400868
0,0,0.0012184161
0,0,0.003976228
0,0,0.017712297
0,0,0.012288597
0,0,0.00705271
0,0,0.0004339325
0,0,0.01042845
0,0,0.0031850608
0,0,0.019456575
0,0,0.020274078
0,0,0.0008409995
0,0,0.03355782
0,0,0.0003859661
0,0,0.11412148
0,0,0.00028573602
0,0,0.16297863
0,0,0.007876707
0,0,0.0035657366
0,0,0.0023920655
0,0,0.0073743653
0,0,0.00060589175
0,0,0.020764738
0,0,0.0025163612
0,0,0.011485952
0,0,0.00087617995
0,0,0.0063389214
0,0,0.0005193048
0,0,0.0014186349
0,0,0.0086441785
0,0,0.0009092752
0,0,0.0013327986
0,0,0.001638868
0,0,0.0025909794
0,0,0.00035697062
0,0,0.0030994155
0,0,0.001778725
0,0,0.0065134987
0,0,0.0015792594
0,0,0.0003393018
0,0,0.21708846
0,0,0.00054634205
0,0,0.00096975197
0,0,0.00087617995
0,0,0.062273983
0,0,0.002169992
0,0,0.0005132578
0,0,0.030559864
0,0,0.0058996035
0,0,0.009764973
0,0,0.00135905
0,0,0.015218292
0,0,0.00068785116
0,0,0.0011855904
0,0,0.0024249142
0,0,0.011485952
0,0,0.00023968687
0,0,0.00087789143
0,0,0.0006719279
0,0,0.009340025
0,0,0.0023459073
0,0,0.00071943254
0,0,0.005001672
0,0,0.003476651
0,0,0.0005884088
0,0,0.00034062934
0,0,0.00091105123
0,0,0.0017477858
0,0,0.09790669
0,0,0.0029810332
0,0,0.008046387
0,0,0.0012668908
0,0,0.00046190582
0,0,0.0019456057
0,0,0.0007279067
0,0,0.00089869124
0,0,0.0007264875
0,0,0.0029521482
0,0,0.100967236
0,0,0.0019117693
0,0,0.0003867204
0,0,0.016152835
0,0,0.0030278352
0,0,0.0025065753
0,0,0.002103369
0,0,0.00043478046
0,0,0.01844021
0,0,0.010631946
0,0,0.0008442883
0,0,0.0012545943
0,0,0.0016743994
0,0,0.0024154834
0,0,0.008046387
0,0,0.0013147246
0,0,0.0011559008
0,0,0.0016809416
0,0,0.0015397267
0,0,0.0009754452
0,0,0.008745182
0,0,0.0023688741
0,0,0.0068107313
0,0,0.0011902251
0,0,0.0083319
0,0,0.003991728
0,0,0.0010005045
0,0,0.006463138
0,0,0.0013198635
0,0,0.0006011795
0,0,0.02145073
0,0,0.0024296434
0,0,0.0038996206
0,0,0.016497836
0,0,0.035111744
0,0,0.00086936745
0,0,0.024168445
0,0,0.0005680935
0,0,0.008445628
0,0,0.0015427325
0,0,0.000998554
0,0,0.0039300853
0,0,0.022933565
0,0,0.00058955856
0,0,0.0045738644
0,0,0.0008247465
0,0,0.0014269596
0,0,0.0020587533
0,0,0.015101651
0,0,0.00025915823
0,0,0.0008525667
0,0,0.00462753
0,0,0.002119831
0,0,0.00073648075
0,0,0.0041743675
0,0,0.0017683518
0,0,0.015101651
0,0,0.0019456057
0,0,0.0049725967
0,0,0.011485952
0,0,0.0008813243
0,0,0.00581996
0,0,0.0014021305
0,0,0.008762129
0,0,0.0024968276
0,0,0.00029711513
0,0,0.0013858177
0,0,0.4499817
0,0,0.04308309
0,0,0.00028573602
0,0,0.036700353
0,0,0.0015608892
0,0,0.013222822
0,0,0.00044421837
0,0,0.0008642928
0,0,0.025250848
0,0,0.0024154834
0,0,0.0004076526
0,0,0.01107216
0,0,0.00026426834
0,0,0.0010566838
0,0,0.002741556
0,0,0.003869391
0,0,0.020351814
0,0,0.0038618704
0,0,0.005080037
0,0,0.0012424174
0,0,0.00063247676
0,0,0.0014158707
0,0,0.0009199836
0,0,0.017309094
0,0,0.010328153
0,0,0.003209961
0,0,0.0008813243
0,0,0.01065251
0,0,0.0013537587
0,0,0.046205748
0,0,0.015543648
0,0,0.0012594985
0,0,0.005030917
0,0,0.00049650425
0,0,0.0032986512
0,0,0.007651032
0,0,0.013768816
0,0,0.00029137006
0,0,0.012312326
0,0,0.0041420166
0,0,0.0002726548
0,0,0.35454482
0,0,0.0007408056
0,0,0.017012624
0,0,0.0012375797
0,0,0.2869679
0,0,0.0007568814
0,0,0.00045563653
0,0,0.00047470425
0,0,0.00063247676
0,0,0.002078915
0,0,0.02446967
0,0,0.0029121786
0,0,0.0015885253
0,0,0.020626193
0,0,0.0022040892
0,0,0.0072468016
0,0,0.00029827765
0,0,0.029451482
0,0,0.005652876
0,0,0.00050137425
0,0,0.000771798
0,0,0.0016072203
0,0,0.0042729364
0,0,0.0007748164
0,0,0.006641113
0,0,0.001032231
0,0,0.02145073
0,0,0.0020911063
0,0,0.013982613
0,0,0.0020033333
0,0,0.0019684948
0,0,0.027480692
0,0,0.0038996206
0,0,0.0042315875
0,0,0.00047842565
0,0,0.011266297
0,0,0.050988145
0,0,0.0008710656
0,0,0.010189338
0,0,0.061875988
0,0,0.0011672309
0,0,0.0146720335
0,0,0.010248601
0,0,0.0018748618
0,0,0.0008710656
0,0,0.07483763
0,0,0.008030812
0,0,0.0011879054
0,0,0.19946387
0,0,0.31747916
0,0,0.010776726
0,0,0.00045563653
0,0,0.001582342
0,0,0.0007422528
0,0,0.0020992733
0,0,0.018475594
0,0,0.004876887
0,0,0.0004916815
0,0,0.06383161
0,0,0.0005420927
0,0,0.0028338498
0,0,0.00042887926
0,0,0.006205023
0,0,0.0033244372
0,0,0.0140907345
0,0,0.0019839033
0,0,0.0024014052
0,0,0.026280278
0,0,0.0030278352
0,0,0.009232215
0,0,0.12241826
0,0,0.0030634168
0,0,0.00519988
0,0,0.0009417797
0,0,0.0010691264
0,0,0.00093811157
0,0,0.01533582
0,0,0.0006785172
0,0,0.003538086
0,0,0.010130412
0,0,0.021512313
0,0,0.009859855
0,0,0.0036146443
0,0,0.0012255674
0,0,0.00015537225
0,0,0.0063266307
0,0,0.0068771075
0,0,0.016947424
0,0,0.011331754
0,0,0.0016776673
0,0,0.0008796062
0,0,0.008219693
0,0,0.0072047687
0,0,0.012217682
0,0,0.0006785172
0,0,0.0022083889
0,0,0.043204036
0,0,0.005708034
0,0,0.00055711175
0,0,0.00046461902
0,0,0.00462753
0,0,0.004339933
0,0,0.014728613
0,0,0.0027791902
0,0,0.0014158707
0,0,0.03262055
0,0,0.00040685752
0,0,0.0024822769
0,0,0.0013511209
0,0,0.0019877742
0,0,0.0003077431
0,0,0.045183755
0,0,0.010368156
0,0,0.00051829213
0,0,0.0012160417
0,0,0.008283627
0,0,0.0016072203
0,0,0.00035627434
0,0,0.021574067
0,0,0.0013302016
0,0,0.004681822
0,0,0.20370752
0,0,0.0074606435
0,0,0.0930168
0,0,0.025347175
0,0,0.0019192374
0,0,0.0005336929
0,0,0.0007055272
0,0,0.007562568
0,0,0.0022738955
0,0,0.0020229532
0,0,0.0004339325
0,0,0.012970388
0,0,0.0013198635
0,0,0.012698199
0,0,0.0045032725
0,0,0.009859855
0,0,0.0027308967
0,0,0.00049650425
0,0,0.05470151
0,0,0.011619772
0,0,0.00086936745
0,0,0.0009830883
0,0,0.006314365
0,0,0.00093263603
0,0,0.053700306
0,0,0.001810211
0,0,0.015967654
0,0,0.0009181901
0,0,0.013325147
0,0,0.0003618828
0,0,0.002406089
0,0,0.0032730647
0,0,0.0022300123
0,0,0.0012375797
0,0,0.018996224
0,0,0.0032476767
0,0,0.0009436193
0,0,0.0013250223
0,0,0.003021945
0,0,0.005685907
0,0,0.016121823
0,0,0.0019532058
0,0,0.0016517006
0,0,0.000796278
0,0,0.0041099153
0,0,0.0011995488
0,0,0.0007379196
0,0,0.0008744718
0,0,0.0045384313
0,0,0.0030753699
0,0,0.0013276093
0,0,0.000506292
0,0,0.00084924564
0,0,0.000611834
0,0,0.005544146
0,0,0.00079162966
0,0,0.005522651
0,0,0.013376605
0,0,0.0013276093
0,0,0.008348054
0,0,0.0118005965
0,0,0.002688672
0,0,0.000854232
0,0,0.0118005965
0,0,0.0058086696
0,0,0.002111584
0,0,0.0013250223
0,0,0.0065897712
0,0,0.030588808
0,0,0.120180435
0,0,0.00024346045
0,0,0.0004840624
0,0,0.00045209235
0,0,0.0009811718
0,0,0.0028063876
0,0,0.0008509045
0,0,0.003254005
0,0,0.005641909
0,0,0.001092319
0,0,0.00088477065
0,0,0.0028393746
0,0,0.0015457438
0,0,0.08961382
0,0,0.0007321813
0,0,0.003787458
0,0,0.032867983
0,0,0.0008459375
0,0,0.0020951857
0,0,0.0034030052
0,0,0.00091105123
0,0,0.077447854
0,0,0.003976228
0,0,0.0005420927
0,0,0.0003089472
0,0,0.0040464555
0,0,0.0013777326
0,0,0.0035518843
0,0,0.00069595367
0,0,0.021906367
0,0,0.041852135
0,0,0.00161665
0,0,0.00472755
0,0,0.0069982093
0,0,0.0076066726
0,0,0.09409339
0,0,0.01627746
0,0,0.0006654022
0,0,0.0016776673
0,0,0.0028449094
0,0,0.0007379196
0,0,0.016215032
0,0,0.001044386
0,0,0.002795477
0,0,0.11056716
0,0,0.0015457438
0,0,0.007135252
0,0,0.0018315101
0,0,0.006277706
0,0,0.018689308
0,0,0.17497346
0,0,0.0007978335
0,0,0.0043823365
0,0,0.0023596606
0,0,0.0012018913
0,0,0.0004124559
0,0,0.00087789143
0,0,0.0019456057
0,0,0.0032603461
0,0,0.014447853
0,0,0.00051829213
0,0,0.0008626078
0,0,0.002889581
0,0,0.0043568457
0,0,0.01925269
0,0,0.012455653
0,0,0.0022126965
0,0,0.0026112476
0,0,0.0057525453
0,0,0.00034196203
0,0,0.0025311115
0,0,0.018316885
0,0,0.0008103873
0,0,0.00072365726
0,0,0.00135905
0,0,0.0005102608
0,0,0.0064256205
0,0,0.0009092752
0,0,0.008933403
0,0,0.11377637
0,0,0.0010775026
0,0,0.00035557942
0,0,0.0003314445
0,0,0.000872767
0,0,0.0023006375
0,0,0.007039046
0,0,0.0005452766
0,0,0.047646955
0,0,0.00066410477
0,0,0.07578975
0,0,0.0009510131
0,0,0.00057703455
0,0,0.0011181936
0,0,0.00055062474
0,0,0.023893602
0,0,0.0008575725
0,0,0.0028393746
0,0,0.00061662967
0,0,0.00052850915
0,0,0.015218292
0,0,0.0140907345
0,0,0.005070175
0,0,0.00519988
0,0,0.0006361913
0,0,0.017045317
0,0,0.0011380006
0,0,0.00462753
0,0,0.004512037
0,0,0.017526364
0,0,0.010169657
0,0,0.00031688946
0,0,0.009232215
0,0,0.0035174885
0,0,0.0061331755
0,0,0.00091105123
0,0,0.0040543335
0,0,0.00028910325
0,0,0.0004373344
0,0,0.010091315
0,0,0.0010242065
0,0,0.0014076104
0,0,0.000506292
0,0,0.0051797125
0,0,0.00044945232
0,0,0.010408315
0,0,0.00093263603
0,0,0.00036901768
0,0,0.00027694734
0,0,0.0072749583
0,0,0.11114469
0,0,0.0006771942
0,0,0.011485952
0,0,0.0012136718
0,0,0.049085185
0,0,0.010130412
0,0,0.0064506084
0,0,0.0025261848
0,0,0.00031750882
0,0,0.0004076526
0,0,0.005089918
0,0,0.00066670234
0,0,0.103476524
0,0,0.0014924251
0,0,0.0017614698
0,0,0.0023596606
0,0,0.002688672
0,0,0.0011116682
0,0,0.0011513996
0,0,0.005291605
0,0,0.0004100472
0,0,0.010448625
0,0,0.012945405
0,0,0.0017546144
0,0,0.0063759354
0,0,0.00087617995
0,0,0.00089693937
0,0,0.0005003964
0,0,0.00051829213
0,0,0.0021074724
0,0,0.0010566838
0,0,0.0040464555
0,0,0.009840806
0,0,0.021409772
0,0,0.00212811
0,0,0.000998554
0,0,0.00093263603
0,0,0.0019916527
0,0,0.002103369
0,0,0.0065897712
0,0,0.0007643033
0,0,0.27722833
0,0,0.12326005
0,0,0.03384404
0,0,0.04845096
0,0,0.0025114634
0,0,0.007360082
0,0,0.1207495
0,0,0.4174199
0,0,0.0021322616
0,0,0.43483624
0,0,0.035982184
0,0,0.0766838
0,0,0.07429851
0,0,0.13517499
0,0,0.0038244836
0,0,0.11992252
0,0,0.0672398
0,0,0.1320102
0,0,0.024774553
0,0,0.0075919423
0,0,0.2906284
0,0,0.37802845
0,0,0.030646777
0,1,0.8662457
0,0,0.46928462
0,1,0.56658816
0,0,0.055412795
0,0,0.06383161
0,0,0.002828336
0,0,0.07165614
0,0,0.05975658
0,0,0.0050407024
0,1,0.9101469
0,0,0.057493284
0,0,0.07723878
0,1,0.54548246
0,0,0.00932197
0,0,0.09451043
0,0,0.34748176
0,0,0.006302122
0,0,0.39855278
0,0,0.14971775
0,0,0.004645557
0,0,0.1683778
0,0,0.22918999
0,0,0.0551069
0,0,0.06822643
0,0,0.049405243
0,1,0.9091032
0,0,0.049267832
0,0,0.39561567
0,0,0.05556634
0,0,0.009214366
0,0,0.024237636
0,0,0.20473911
0,0,0.005533388
0,0,0.1973671
0,0,0.055463932
0,0,0.43204838
0,0,0.20906569
0,0,0.019624962
0,0,0.044597577
0,0,0.093678
0,0,0.49607095
0,0,0.004150081
0,0,0.0020667946
0,0,0.07558479
0,0,0.02865267
0,0,0.05281402
0,0,0.16099021
0,0,0.482632
0,0,0.22261564
0,0,0.08262329
0,0,0.040275678
0,0,0.03384404
0,0,0.3426815
0,0,0.1176228
0,0,0.03708202
0,0,0.054349106
0,0,0.114963345
0,0,0.034391105
0,0,0.03194934
0,1,0.90772206
0,0,0.18817474
0,1,0.8767399
0,0,0.045225907
0,0,0.21076632
0,1,0.7594039
0,0,0.14872593
0,0,0.000998554
0,0,0.0830685
0,0,0.026180506
0,0,0.13811268
0,0,0.020508163
0,0,0.17441027
0,0,0.118946835
0,1,0.5993386
0,0,0.027376488
0,0,0.22996725
0,0,0.022307476
0,0,0.034586217
0,0,0.08291985
0,0,0.012123755
0,0,0.05572029
0,0,0.029284457
0,0,0.089057684
0,0,0.040464837
0,0,0.2271263
0,0,0.0012743262
0,0,0.39755827
0,0,0.0018137436
0,0,0.16066071
0,0,0.005030917
0,0,0.20173459
0,0,0.012796518
0,0,0.048002712
0,0,0.11167642
0,0,0.054148693
0,0,0.1742697
0,0,0.1819163
0,0,0.011755131
0,0,0.12220857
0,0,0.0054164114
0,0,0.018743115
0,0,0.025662707
0,0,0.17981842
0,0,0.10225988
0,0,0.0061570317
0,1,0.78931487
0,0,0.26222736
0,0,0.38708195
0,0,0.09691927
0,1,0.6329566
0,0,0.33878773
0,1,0.682415
0,0,0.08834723
0,0,0.47554064
0,0,0.047293697
0,1,0.6927459
0,0,0.3414727
0,0,0.48456398
0,1,0.5760427
0,0,0.020332353
0,0,0.0882686
0,0,0.020685459
0,0,0.0083319
0,0,0.01626183
0,0,0.03448853
0,1,0.6725468
0,0,0.03989989
0,0,0.41845924
0,0,0.032313783
0,0,0.02371207
0,0,0.34931073
0,1,0.6288064
0,0,0.0055012386
0,0,0.025883388
0,1,0.81271875
0,0,0.028328313
0,0,0.44593665
0,0,0.31195062
0,1,0.5662884
0,0,0.089853115
0,0,0.02215887
0,0,0.3327168
0,1,0.8143483
0,0,0.0362883
0,0,0.018107349
0,1,0.73196965
0,0,0.10052487
0,0,0.03448853
0,0,0.45398036
0,0,0.09065495
0,0,0.18484107
0,0,0.13161905
0,0,0.03810662
0,0,0.058938842
0,1,0.749179
0,0,0.19390947
0,0,0.014531522
0,1,0.6739432
0,0,0.124585316
0,1,0.7829116
0,0,0.003045574
0,0,0.046248805
0,0,0.11787643
0,0,0.07626997
0,0,0.14499424
0,0,0.0035936027
0,0,0.33966333
0,0,0.17182416
0,0,0.036254164
0,1,0.7757747
0,0,0.0014297453
0,0,0.0145035805
0,0,0.3486174
0,0,0.029063188
0,0,0.052327625
0,0,0.049543016
0,0,0.037186775
0,0,0.036493763
0,0,0.45049536
0,0,0.050283976
0,1,0.85034436
0,0,0.029563345
0,0,0.01892357
0,0,0.20402452
0,0,0.0017409837
0,0,0.0009128307
0,0,0.19475038
0,0,0.03567855
0,0,0.022911694
0,0,0.3106421
0,0,0.026657738
0,0,0.019419348
0,0,0.0071076322
0,0,0.09833879
0,0,0.005250641
0,0,0.0013406205
0,0,0.01572399
0,1,0.57567745
0,0,0.015276946
0,0,0.086864166
0,0,0.044764314
0,0,0.16749083
0,0,0.020567097
0,0,0.0640069
0,1,0.9882902
0,0,0.012527932
0,0,0.3506715
0,0,0.023487046
0,0,0.14792405
0,0,0.045437217
0,0,0.35728714
0,0,0.0014837189
0,0,0.3038351
0,0,0.31090358
0,0,0.0033309148
0,0,0.0076956474
0,0,0.008898884
0,0,0.24301313
0,0,0.026230346
0,0,0.01877907
0,0,0.046378206
0,0,0.067423776
0,0,0.36523023
0,0,0.1302301
0,0,0.04845096
0,0,0.108471945
0,0,0.10989668
0,0,0.11318691
0,1,0.9719925
0,0,0.36296922
0,0,0.022650808
0,0,0.12646118
0,0,0.44107106
0,0,0.059537493
0,0,0.0025708678
0,0,0.031291503
0,0,0.042722195
0,0,0.019681409
0,1,0.5828324
0,0,0.052134257
0,0,0.044764314
0,0,0.03680407
0,0,0.018725164
0,0,0.08517511
0,0,0.23170114
0,0,0.48973992
0,0,0.00062755786
0,1,0.9662198
0,0,0.026305282
0,0,0.046248805
0,0,0.012771868
0,0,0.047735658
0,0,0.020351814
0,0,0.06941547
0,0,0.09309922
0,0,0.0031236487
0,0,0.006363574
0,0,0.032992378
0,1,0.5565879
0,0,0.005119676
0,0,0.48642302
0,0,0.20866227
0,0,0.045437217
0,0,0.2549725
0,0,0.012649318
0,0,0.16377953
0,0,0.43910083
0,0,0.21174262
0,0,0.0013939502
0,1,0.73654276
0,0,0.003794834
0,0,0.15687835
0,0,0.30259714
0,1,0.76825535
0,0,0.49899292
0,1,0.6729231
0,1,0.9254997
0,0,0.03659692
0,0,0.10203597
0,0,0.008219693
0,0,0.0016613906
0,0,0.013121271
0,0,0.113432206
0,1,0.64159083
0,0,0.3004376
0,0,0.042127114
0,0,0.008950711
0,0,0.41486922
0,0,0.03591449
0,1,0.8838389
0,0,0.033462934
0,0,0.016947424
0,0,0.018281797
0,0,0.20890425
0,0,0.01048909
0,0,0.46730137
0,0,0.09227797
0,0,0.20817894
0,0,0.43994284
0,0,0.0019192374
0,0,0.13139598
0,0,0.43810892
0,0,0.2525684
0,0,0.007331598
0,0,0.3744761
0,0,0.14657521
0,0,0.48341596
0,0,0.18498826
0,0,0.15934817
0,0,0.1384618
0,0,0.11187033
0,0,0.03339982
0,0,0.12857984
0,0,0.14560063
0,0,0.09990845
0,0,0.07185127
0,0,0.33339468
0,0,0.02426074
0,1,0.93397486
0,0,0.4250234
0,0,0.04410091
0,0,0.06336634
0,0,0.0010587475
0,0,0.04115289
0,0,0.029479407
0,0,0.05531065
0,1,0.64980084
0,0,0.10338596
0,0,0.07892589
0,1,0.57714534
0,0,0.000865981
0,0,0.25916883
0,0,0.1218424
0,0,0.4837246
0,0,0.14360756
0,0,0.3468178
0,0,0.009196552
0,0,0.04747001
0,1,0.90772206
0,0,0.11606087
0,0,0.18155324
0,0,0.20275871
0,0,0.08509905
0,0,0.24418274
0,0,0.0070254076
0,0,0.1289633
0,0,0.2491731
0,0,0.025083141
0,0,0.013480104
0,0,0.24454337
0,0,0.07343005
0,1,0.93919235
0,0,0.040351234
0,0,0.07999737
0,0,0.005708034
0,0,0.00498227
0,0,0.0627892
0,0,0.343617
0,1,0.98866826
0,1,0.5258254
0,0,0.010860332
0,0,0.024237636
0,0,0.058938842
0,1,0.88587856
0,0,0.07276838
0,0,0.039601684
0,0,0.0017856744
0,0,0.04611975
0,0,0.05165378
0,1,0.87261903
0,0,0.3022366
0,0,0.087252244
0,0,0.20110625
0,0,0.11581063
0,0,0.05829221
0,0,0.008219693
0,0,0.040692955
0,0,0.016914913
0,0,0.14098549
0,1,0.70150864
0,0,0.27207288
0,0,0.024821788
0,0,0.006073935
0,0,0.01048909
0,0,0.0065008723
0,1,0.7778066
0,0,0.02878888
0,0,0.471132
0,0,0.16871995
0,0,0.0028560124
0,0,0.07178617
0,1,0.6321054
0,0,0.07389651
0,0,0.018334452
0,0,0.0493136
0,0,0.16599831
0,0,0.3055419
0,1,0.99750805
0,0,0.009746104
0,0,0.18624301
0,0,0.029395705
0,0,0.028898302
0,0,0.26855758
0,0,0.28756768
0,0,0.015967654
0,0,0.06773145
0,0,0.4047721
0,0,0.036117923
0,0,0.004962942
0,0,0.028301444
0,0,0.030444348
0,0,0.0059919516
0,0,0.07191642
0,0,0.02688674
0,0,0.13106197
0,0,0.06250249
0,0,0.083740406
0,0,0.062273983
0,0,0.44948322
0,0,0.07165614
0,0,0.0628467
0,0,0.01894171
0,0,0.11736965
0,0,0.042009056
0,0,0.20577459
0,0,0.19536372
0,0,0.0042315875
0,0,0.15443976
0,0,0.0006628098
0,0,0.11157958
0,0,0.14903529
0,0,0.36477757
0,0,0.42548585
0,0,0.009002838
0,0,0.34169233
0,1,0.58097625
0,1,0.5322686
0,0,0.30084828
0,0,0.0059340666
0,0,0.03442355
0,0,0.019345103
0,0,0.06170614
0,0,0.19946387
0,0,0.020332353
0,0,0.050893724
0,0,0.0055012386
0,0,0.08593914
0,0,0.05404875
0,0,0.07409725
0,1,0.62623847
0,0,0.007218753
0,1,0.5561284
0,0,0.35950464
0,0,0.0033115193
0,0,0.15642677
0,0,0.080069266
0,0,0.013171949
0,1,0.85299677
0,0,0.21875283
0,0,0.104660206
0,0,0.09401018
0,0,0.25307566
0,0,0.06250249
0,0,0.01678549
0,1,0.7582422
0,0,0.031648684
0,0,0.11426965
0,0,0.0013537587
0,0,0.01757688
0,0,0.3714786
0,1,0.9305845
0,1,0.78613067
0,0,0.13517499
0,0,0.02209548
0,0,0.08464395
0,0,0.007876707
0,0,0.002940673
0,0,0.0042069694
0,0,0.12517227
0,0,0.03810662
0,0,0.056548137
0,0,0.012383785
0,0,0.037326884
0,0,0.23144047
0,0,0.20071429
0,0,0.0050211498
0,1,0.5411891
0,0,0.28081354
0,0,0.093512304
0,0,0.3826027
0,0,0.020100236
0,0,0.37296185
0,0,0.14288844
0,0,0.24844301
0,0,0.35577488
0,0,0.020138742
0,0,0.0046185427
0,0,0.08601587
0,0,0.012407694
0,0,0.08479541
0,0,0.03715183
0,0,0.120283715
0,0,0.00577493
0,0,0.1584346
0,0,0.22329238
0,0,0.079281576
0,0,0.21452682
0,0,0.006863781
0,0,0.01892357
0,1,0.9785903
0,0,0.17469169
0,0,0.018905448
0,0,0.030415535
0,0,0.07821887
0,0,0.13432105
0,0,0.097734325
0,1,0.5920771
0,1,0.70217276
0,0,0.018211821
0,0,0.3051794
0,0,0.21019831
0,0,0.1454792
0,0,0.016308766
0,0,0.18337418
0,0,0.03015741
0,0,0.044806086
0,0,0.025468081
0,1,0.8253083
0,0,0.02663241
0,0,0.027298586
0,0,0.13730097
0,0,0.0048297215
0,0,0.013558245
0,0,0.07030384
0,1,0.51953703
0,0,0.004886375
0,1,0.72233117
0,0,0.05992141
0,0,0.26630956
0,0,0.12179017
0,0,0.29178742
0,0,0.12613791
0,0,0.106411695
0,0,0.108471945
0,0,0.0065261493
0,0,0.035712164
0,0,0.17433996
0,0,0.023644341
0,0,0.04672496
0,0,0.027220903
0,0,0.19985402
0,0,0.24427286
0,0,0.032009806
0,0,0.060363
0,0,0.0057525453
0,0,0.0048297215
0,1,0.60112536
0,0,0.035344075
0,0,0.091625646
0,1,0.83134854
0,0,0.0066153933
0,0,0.3198114
0,0,0.118946835
0,0,0.030502053
0,1,0.98282325
0,0,0.023419945
0,1,0.9593071
0,1,0.50332254
0,0,0.025107034
0,0,0.33851433
0,0,0.3807589
0,0,0.00957791
0,0,0.093760945
0,0,0.009143315
0,0,0.045394883
0,0,0.00818791
0,1,0.8467679
0,0,0.020527788
0,0,0.0060386634
0,0,0.0067058485
0,0,0.3149453
0,0,0.092359796
0,0,0.14282864
0,0,0.03155902
0,0,0.010881333
0,0,0.011463797
0,0,0.068288535
0,1,0.5852789
0,0,0.13352816
0,0,0.24880788
0,0,0.08359068
0,0,0.013982613
0,1,0.5900412
0,0,0.2295352
0,0,0.020606475
0,0,0.04324442
0,0,0.0053536464
0,0,0.03197956
0,0,0.0074751205
0,1,0.88498694
0,0,0.08173938
0,1,0.80193585
0,0,0.15178064
0,0,0.05291181
0,0,0.29502678
0,0,0.4792752
0,0,0.039601684
0,0,0.10087862
0,1,0.8021684
0,0,0.020042613
0,0,0.043406326
0,1,0.86350673
0,0,0.0006918906
0,0,0.007846238
0,0,0.32119378
0,0,0.0039148238
0,0,0.02463338
0,0,0.10087862
0,1,0.874988
0,0,0.10999225
0,0,0.086864166
0,0,0.28522262
0,0,0.03143985
0,0,0.0046365354
0,0,0.03807084
0,0,0.036254164
0,0,0.16899407
0,0,0.007861458
0,0,0.46086892
0,0,0.23170114
0,0,0.48096618
0,0,0.21076632
0,0,0.002946405
0,0,0.036390893
0,0,0.045141645
0,0,0.030444348
0,0,0.030704854
0,0,0.041462272
0,0,0.010860332
0,0,0.13358466
0,0,0.03204008
0,1,0.65679586
0,0,0.0014269596
0,0,0.07100922
0,0,0.015936993
0,0,0.24526574
0,0,0.051558185
0,0,0.04822634
0,0,0.026031533
0,0,0.034391105
0,0,0.004905406
0,0,0.37230548
0,0,0.051319946
0,0,0.03739713
0,1,0.78440166
0,1,0.78365755
0,0,0.1384618
0,0,0.092359796
0,0,0.04177388
0,0,0.44779983
0,0,0.3433142
0,0,0.08624649
0,1,0.56413597
0,1,0.56398875
0,0,0.1357468
0,0,0.012194133
0,0,0.05975658
0,1,0.5852789
0,1,0.8026329
0,0,0.12415989
0,0,0.16728666
0,0,0.0282746
0,0,0.06985835
0,0,0.18322797
0,0,0.35401422
0,0,0.116161086
0,0,0.03521114
0,1,0.85806566
0,0,0.011331754
0,0,0.08021325
0,0,0.08993301
0,1,0.5868188
0,0,0.12262824
0,0,0.008108984
0,1,0.9506406
0,0,0.010839369
0,1,0.7516481
0,0,0.039862495
0,0,0.124213
0,0,0.10913479
0,0,0.3033705
0,0,0.014337031
0,0,0.26175532
0,0,0.17967445
0,0,0.016657041
0,0,0.11606087
0,1,0.8850366
0,0,0.16954334
0,0,0.00957791
0,1,0.9462997
0,0,0.0992954
0,0,0.39201677
0,0,0.034391105
0,0,0.004905406
0,0,0.014531522
0,1,0.8356848
0,0,0.37250522
0,0,0.0610871
0,0,0.11828322
0,0,0.15707219
0,0,0.016013753
0,0,0.1744806
0,0,0.49175143
0,0,0.056029387
0,0,0.14469185
0,0,0.27629983
0,0,0.089534186
0,0,0.01395571
0,0,0.4491661
0,0,0.10123348
0,0,0.14426938
0,0,0.32498476
0,0,0.014559518
0,0,0.16789974
0,0,0.0061570317
0,1,0.79117644
0,0,0.05613278
0,0,0.38572168
0,0,0.23379382
0,0,0.06797852
0,0,0.25701842
0,0,0.028301444
0,0,0.02211659
0,0,0.06590479
0,0,0.337149
0,0,0.0010202174
0,0,0.27874738
0,0,0.3633927
0,1,0.765418
0,0,0.006463138
0,0,0.36353388
0,1,0.7483523
0,1,0.5564297
0,0,0.1991522
0,0,0.008916127
0,0,0.096620515
0,0,0.11904921
0,0,0.06910072
0,0,0.043772742
0,0,0.031678624
0,0,0.040237945
0,0,0.34535363
0,0,0.18032308
0,0,0.008251599
0,0,0.010986943
0,0,0.23678085
0,0,0.062731765
0,1,0.6633419
0,0,0.01498589
0,0,0.008711384
0,0,0.0085278
0,0,0.12710989
0,0,0.15482272
0,0,0.26340988
0,0,0.08609268
0,0,0.08021325
0,0,0.14145923
0,0,0.017078074
0,0,0.24265401
0,1,0.97112906
0,1,0.83514774
0,0,0.109801196
0,0,0.42080784
0,0,0.039750516
0,0,0.15241033
0,0,0.02867986
0,0,0.0012065897
0,0,0.074432954
0,0,0.35281476
0,0,0.21900325
0,0,0.11752149
0,0,0.0063266307
0,0,0.2104416
0,0,0.12857984
0,0,0.27678823
0,0,0.18469398
0,0,0.05042407
0,0,0.29741892
0,0,0.46328488
0,0,0.14761661
0,0,0.20465964
0,1,0.6723317
0,0,0.14151855
0,0,0.05728198
0,0,0.0570714
0,0,0.3913187
0,0,0.079638734
0,0,0.0015427325
0,0,0.012796518
0,0,0.3196521
0,0,0.13834533
0,0,0.07696084
0,0,0.0061450917
0,0,0.03143985
0,0,0.23048648
0,0,0.12678517
0,0,0.027376488
0,0,0.04038907
0,0,0.26635727
0,1,0.7376309
0,1,0.57182634
0,0,0.04972728
0,1,0.66763544
0,0,0.07682221
0,0,0.011331754
0,1,0.53445685
0,0,0.001626135
0,1,0.8505928
0,1,0.5047835
0,0,0.03191915
0,0,0.38551924
0,0,0.15578355
0,0,0.32705006
0,0,0.017375665
0,0,0.089057684
0,0,0.03715183
0,0,0.120180435
0,0,0.29279748
0,0,0.24626137
0,0,0.4750878
0,0,0.030792167
0,0,0.009708476
0,0,0.024423089
0,0,0.47617525
0,0,0.0077255345
0,1,0.79716235
0,0,0.0055873864
0,1,0.58219415
0,0,0.01065251
0,0,0.22746934
0,0,0.0021405893
0,0,0.01949387
0,0,0.007218753
0,0,0.047913533
0,0,0.0019723356
0,1,0.52506447
0,0,0.044764314
0,0,0.019124037
0,1,0.68352515
0,1,0.68846846
0,0,0.0072047687
0,0,0.21725449
0,0,0.09476144
0,0,0.34482944
0,0,0.2726535
0,0,0.08441725
0,0,0.011309892
0,0,0.015754245
0,0,0.08555635
0,0,0.031499382
0,1,0.9666002
0,0,0.091625646
0,0,0.31875017
0,0,0.46613163
0,0,0.15437602
0,1,0.7772999
0,0,0.15171777
0,0,0.37556332
0,0,0.025932675
0,0,0.28947213
0,0,0.05921025
0,0,0.035144847
0,0,0.4409958
0,0,0.034132607
0,0,0.13398077
0,0,0.2213507
0,0,0.045819953
0,1,0.70750576
0,1,0.6231189
0,0,0.039825134
0,0,0.12320729
0,0,0.0051897867
0,0,0.0051797125
0,0,0.0017375926
0,0,0.059537493
0,0,0.27342886
0,0,0.25275275
0,0,0.06471257
0,0,0.020390792
0,1,0.78874594
0,0,0.028355205
0,0,0.09484525
0,0,0.12951279
0,0,0.0044079763
0,0,0.39216223
0,1,0.9965166
0,1,0.6867903
0,0,0.121268876
0,0,0.49081528
0,1,0.80162543
0,0,0.3599264
0,0,0.18278992
0,0,0.31347233
0,1,0.5596812
0,0,0.021822825
0,1,0.6561627
0,0,0.10885028
0,0,0.026031533
0,1,0.8874974
0,1,0.5735963
0,1,0.7659437
0,1,0.5622967
0,0,0.48935762
0,0,0.20197059
0,0,0.009727271
0,0,0.13358466
0,0,0.23722236
0,0,0.11676401
0,0,0.023599295
0,0,0.3149453
0,0,0.044183318
0,0,0.17363824
0,0,0.13678126
0,0,0.3624331
0,1,0.93379396
0,0,0.0018639286
0,0,0.0064131636
0,0,0.010986943
0,0,0.051749542
0,0,0.01964376
0,0,0.0153063545
0,0,0.12231337
0,0,0.07270252
0,1,0.79358625
0,0,0.0946777
0,0,0.14977993
0,0,0.0020911063
0,1,0.6107147
0,0,0.04115289
0,0,0.018369637
0,0,0.121008955
0,0,0.36860454
0,0,0.03871983
0,0,0.0054374957
0,0,0.2551116
0,0,0.09260569
0,0,0.2339688
0,0,0.21255875
0,0,0.47533134
0,0,0.1858733
0,0,0.008916127
0,0,0.21149825
0,0,0.04360953
0,0,0.043650273
0,0,0.3786601
0,0,0.03027187
0,0,0.03839402
0,0,0.3897207
0,0,0.06602513
0,0,0.0029121786
0,0,0.080574244
0,0,0.09670579
0,0,0.004433765
0,0,0.008560892
0,0,0.15146658
0,0,0.11104825
0,0,0.39004013
0,0,0.046464663
0,1,0.95683634
0,0,0.11481439
0,0,0.07821887
0,0,0.10438598
0,0,0.083740406
0,0,0.02479816
0,0,0.33676717
0,0,0.005281334
0,0,0.07068779
0,0,0.20745546
0,0,0.0374323
0,1,0.8118252
0,0,0.06947859
0,0,0.22516096
0,0,0.0014866153
0,0,0.3597577
0,0,0.014337031
0,0,0.035078675
0,0,0.008124709
0,0,0.34207684
0,0,0.0013831175
0,0,0.13741666
0,0,0.09894658
0,0,0.108660966
0,0,0.071073666
0,0,0.030473188
0,0,0.23039988
0,0,0.021064695
0,1,0.60888475
0,0,0.14211279
0,0,0.39484245
0,0,0.25650594
0,0,0.17688479
0,0,0.15662017
0,0,0.0075772414
0,0,0.00090750254
0,1,0.6400736
0,0,0.026989134
0,0,0.17967445
0,0,0.05899303
0,1,0.5154484
0,0,0.08632348
0,0,0.06142404
0,0,0.10800065
0,1,0.6674187
0,0,0.15040278
0,0,0.115560874
0,0,0.0063883206
0,0,0.31753206
0,0,0.12907304
0,1,0.9161846
0,0,0.04858621
0,0,0.21791948
0,0,0.3828623
0,0,0.106411695
0,0,0.044847906
0,0,0.017900169
0,0,0.21833585
0,1,0.6087685
0,0,0.1365508
0,0,0.014309456
0,0,0.37949336
0,0,0.017900169
0,0,0.03336831
0,0,0.20434189
0,0,0.0067058485
0,0,0.008968053
0,0,0.018617803
0,0,0.030646777
0,0,0.42229617
0,0,0.16013466
0,0,0.043406326
0,0,0.06136776
0,0,0.020586777
0,0,0.010839369
0,1,0.7914184
0,0,0.07689149
0,0,0.007740521
0,0,0.26298377
0,1,0.7993641
0,0,0.23161423
0,0,0.04716187
0,0,0.042009056
0,0,0.0013885231
0,0,0.11506276
0,0,0.49964905
0,0,0.04324442
0,0,0.051749542
0,0,0.34097877
0,1,0.9582651
0,0,0.07429851
0,0,0.09501305
0,0,0.41161335
0,1,0.81368303
0,0,0.010818449
0,0,0.25404602
0,0,0.0824015
0,0,0.34709436
0,0,0.20181322
0,1,0.5619737
0,0,0.104660206
0,0,0.06255973
0,0,0.022542968
0,0,0.3588023
0,0,0.0039607873
0,0,0.058399517
0,0,0.44329917
0,0,0.019568678
0,0,0.19590156
0,0,0.44134194
0,0,0.40892568
0,0,0.0017580388
0,0,0.03143985
0,0,0.007345827
0,0,0.4644309
0,1,0.65836257
0,0,0.22236224
0,0,0.014172365
0,0,0.21825252
0,1,0.5219433
0,0,0.07913913
0,0,0.0355444
0,0,0.07126734
0,0,0.3865608
0,0,0.34086904
0,0,0.07921033
0,0,0.007080118
0,0,0.0374323
0,0,0.39706138
0,0,0.16244647
0,0,0.040845715
0,0,0.01189205
0,0,0.08834723
0,0,0.03821415
0,0,0.051749542
0,1,0.8236123
0,0,0.24617073
0,0,0.0016324889
0,0,0.04611975
0,0,0.025858777
0,1,0.69673264
0,1,0.8992099
0,0,0.23484507
0,0,0.02297737
0,0,0.03557789
0,0,0.08028533
0,0,0.009936419
0,0,0.16377953
0,1,0.8296991
0,0,0.089534186
0,0,0.05184547
0,0,0.0038393948
0,0,0.22236224
0,0,0.07376296
0,0,0.06354045
0,0,0.016308766
0,0,0.087720014
0,0,0.023689471
0,1,0.8709818
0,0,0.12059408
0,0,0.025371313
0,0,0.3531493
0,0,0.11736965
0,0,0.0015457438
0,0,0.017644463
0,0,0.061819322
0,1,0.7505527
0,0,0.1431278
0,0,0.024376595
0,0,0.0570714
0,0,0.0921145
0,1,0.8853344
0,0,0.09326427
0,0,0.22253115
0,0,0.025834186
0,0,0.27899283
0,0,0.033494532
0,0,0.44271183
0,0,0.24193685
0,0,0.024168445
0,0,0.24175783
0,0,0.26488096
0,0,0.21125405
0,0,0.357119
0,1,0.9630572
0,0,0.16572809
0,0,0.053948976
0,0,0.05345272
0,0,0.03305475
0,0,0.0033244372
0,0,0.062904246
0,0,0.085403666
0,1,0.8903896
0,0,0.21141681
0,1,0.8465143
0,0,0.09186979
0,0,0.041852135
0,0,0.072374016
0,0,0.12394767
0,0,0.0023920655
0,0,0.19012183
0,0,0.01802074
0,1,0.6234342
0,0,0.29047742
0,0,0.12495857
0,0,0.0056969603
0,1,0.5004883
0,0,0.040275678
0,0,0.025736062
0,0,0.39329764
0,0,0.070495576
0,0,0.0021322616
0,0,0.06019705
0,0,0.22764099
0,1,0.9702116
0,0,0.053255428
0,1,0.5541538
0,0,0.045862667
0,0,0.0139288595
0,0,0.09025324
0,0,0.15869518
0,0,0.22721204
0,0,0.40777552
0,0,0.28761774
0,0,0.007876707
0,0,0.27590945
0,0,0.091625646
0,0,0.10856642
0,0,0.030792167
0,0,0.021990221
0,0,0.49977684
0,0,0.01883313
0,0,0.44214717
0,0,0.0038844768
0,0,0.007504158
0,1,0.7350715
0,0,0.16224726
0,0,0.13432105
0,0,0.016657041
0,1,0.80448276
0,0,0.04410091
0,0,0.048181534
0,0,0.012288597
0,0,0.030704854
0,0,0.04138472
0,0,0.09509706
0,0,0.4104904
0,0,0.20633377
0,0,0.22000709
0,1,0.93863225
0,0,0.016215032
0,0,0.21215041
0,0,0.15431227
0,1,0.98975134
0,1,0.59136933
0,0,0.4962159
0,0,0.029788302
0,0,0.09170697
0,0,0.018869253
0,0,0.018725164
0,0,0.004093958
0,0,0.05948283
0,0,0.051272422
0,0,0.005876738
0,1,0.65367985
0,0,0.016403032
0,1,0.81967694
0,0,0.18476751
0,0,0.006984649
0,1,0.52589387
0,0,0.118691206
0,0,0.1541212
0,0,0.0033897832
0,0,0.13078418
0,0,0.46800414
0,0,0.13449147
0,0,0.0762012
0,0,0.06884987
0,0,0.028816199
0,0,0.03615194
0,1,0.54430187
0,1,0.90747637
0,1,0.54005986
0,0,0.014036571
0,0,0.021948254
0,0,0.07191642
0,0,0.35270327
0,0,0.3654001
0,1,0.9979652
0,1,0.65445316
0,0,0.053353984
0,1,0.6797104
0,0,0.17781086
0,0,0.0145035805
0,0,0.39353067
0,0,0.1193055
0,0,0.0028727478
0,0,0.021348475
0,1,0.881513
0,0,0.07030384
0,0,0.1631119
0,0,0.012624948
0,0,0.14965561
0,0,0.042048376
0,0,0.005374487
0,0,0.041539967
0,0,0.045225907
0,0,0.12629946
0,1,0.5914578
0,0,0.024214549
0,0,0.23178807
0,0,0.026430637
0,1,0.67661995
0,1,0.72193927
0,0,0.12934774
0,0,0.1522842
0,0,0.07113817
0,0,0.021409772
0,0,0.049681157
0,0,0.023375314
0,0,0.06928941
0,0,0.030646777
0,0,0.04738177
0,0,0.057811614
0,0,0.005395409
0,0,0.091058284
0,0,0.0029636684
0,1,0.5966682
0,0,0.03004337
0,0,0.38566384
0,0,0.3316607
0,0,0.19852991
0,0,0.029423581
0,0,0.11904921
0,0,0.25590113
0,0,0.44857726
0,0,0.0083319
0,0,0.12142506
0,0,0.067362405
0,0,0.14015962
0,0,0.14330755
0,0,0.09679113
0,0,0.21190566
0,0,0.48113412
0,1,0.5143498
0,0,0.03191915
0,1,0.83508044
0,1,0.8368881
0,0,0.089057684
0,0,0.08404061
0,0,0.2746431
0,1,0.6226601
0,0,0.0024968276
0,0,0.11323593
0,0,0.1338109
0,0,0.3278297
0,0,0.062160026
0,0,0.0006263342
0,0,0.00498227
0,0,0.06620602
0,0,0.39887467
0,0,0.0008151457
0,0,0.38864702
0,0,0.09903368
0,1,0.55576676
0,0,0.31843215
0,1,0.828731
0,0,0.112991005
0,0,0.021348475
0,0,0.05608106
0,0,0.07191642
0,0,0.014531522
0,0,0.30523115
0,0,0.036322467
0,0,0.054148693
0,0,0.49031192
0,0,0.13240233
0,0,0.032344334
0,0,0.08299415
0,0,0.009485713
0,1,0.67399687
0,0,0.056756895
0,1,0.586434
0,0,0.11526177
0,1,0.5983415
0,1,0.74153364
0,0,0.18646514
0,0,0.27620217
0,0,0.039342504
0,0,0.096620515
0,1,0.7756898
0,0,0.004886375
0,0,0.09903368
0,0,0.12710989
0,0,0.13881163
0,0,0.12879884
0,0,0.009002838
0,0,0.002673006
0,0,0.13887002
0,0,0.03007184
0,0,0.104660206
0,0,0.015424551
0,0,0.064771704
0,0,0.10576342
0,0,0.092523664
0,0,0.01042845
0,0,0.0705596
0,0,0.008283627
0,0,0.29599243
0,0,0.02470387
0,0,0.01447569
0,0,0.2126405
0,0,0.056704644
0,0,0.0028118587
0,0,0.4324079
0,0,0.11004006
0,0,0.091139145
0,0,0.113579586
0,0,0.17092277
0,1,0.50363153
0,0,0.20220678
0,1,0.84357315
0,0,0.025250848
0,0,0.010209056
0,1,0.59796005
0,0,0.33203962
0,0,0.110951886
0,0,0.0021074724
0,0,0.041268647
0,1,0.55900794
0,0,0.05660026
0,0,0.13139598
0,0,0.031084951
0,0,0.22051026
0,0,0.014364656
0,1,0.8031738
0,1,0.93546456
0,0,0.124798484
0,0,0.26029545
0,0,0.0921962
0,0,0.021125194
0,0,0.031114379
0,0,0.09645017
0,0,0.02475097
0,0,0.04681203
0,0,0.16858302
0,0,0.061932698
0,0,0.13403744
0,0,0.045649473
0,0,0.2630311
0,0,0.060807653
0,0,0.1789559
0,0,0.010071823
0,0,0.061649624
0,0,0.07497297
0,1,0.5169689
0,0,0.0030933863
0,0,0.07403029
0,0,0.080574244
0,1,0.7549601
0,0,0.102664
0,0,0.072374016
0,0,0.103295475
0,0,0.23135363
0,0,0.02867986
0,0,0.004991961
0,0,0.0017511968
0,0,0.40453684
0,0,0.06847517
0,1,0.52364874
0,1,0.9510514
0,0,0.10061321
0,0,0.23318209
0,1,0.56020755
0,0,0.094929114
0,0,0.36170003
0,0,0.016625078
0,1,0.72608584
0,0,0.061593153
0,0,0.12570794
0,0,0.026989134
0,0,0.03452106
0,1,0.8603105
0,1,0.5487566
0,0,0.14211279
0,1,0.96929514
0,1,0.98527133
0,0,0.034391105
0,0,0.002225671
0,0,0.03642515
0,0,0.03879259
0,0,0.14426938
0,0,0.004314688
0,0,0.17967445
0,1,0.5068946
0,1,0.5704809
0,0,0.0038618704
0,0,0.04360953
0,0,0.06512755
0,0,0.06730107
0,0,0.14300808
0,0,0.30054024
0,1,0.52203846
0,0,0.28711775
0,0,0.011961098
0,0,0.4285622
0,0,0.18624301
0,0,0.38575062
0,0,0.3415825
0,0,0.20260093
0,0,0.00660257
0,0,0.028980628
0,0,0.09687654
0,0,0.0011695102
0,0,0.07362964
0,0,0.36147457
0,0,0.2881683
0,0,0.2875177
0,0,0.10420354
0,0,0.13245843
0,0,0.10557884
0,0,0.009802816
0,0,0.013584394
0,0,0.0029984983
0,0,0.072834305
0,0,0.005220126
0,0,0.023043232
0,0,0.0032858336
0,0,0.22354653
0,0,0.02539547
0,0,0.0022213378
0,0,0.03393996
0,0,0.15791446
0,0,0.01515986
0,0,0.022780886
0,0,0.11387488
0,1,0.84872156
0,0,0.07613248
0,0,0.04556445
0,0,0.13251455
0,0,0.12570794
0,0,0.030415535
0,0,0.16586316
0,0,0.033023555
0,1,0.5410527
0,0,0.034749623
0,0,0.12315456
0,0,0.37459052
0,0,0.0086441785
0,0,0.4135956
0,0,0.030559864
0,0,0.021084841
0,0,0.016246215
0,0,0.2989005
0,1,0.7468321
0,0,0.04724971
0,0,0.020764738
0,0,0.10502681
0,1,0.73101056
0,0,0.0278749
0,0,0.03541073
0,0,0.0065008723
0,0,0.0024871177
0,1,0.5623586
0,0,0.009821792
0,0,0.044764314
0,0,0.13580412
0,0,0.044142097
0,1,0.751557
0,1,0.6900894
0,0,0.018493311
0,0,0.30715013
0,0,0.10604082
0,0,0.045479592
0,0,0.031798672
0,0,0.0075187185
0,0,0.005080037
0,0,0.013875309
0,1,0.73786706
0,0,0.06418265
0,0,0.19276719
0,0,0.0751764
0,0,0.035244323
0,0,0.07329728
0,0,0.058399517
0,0,0.09903368
0,0,0.08517511
0,0,0.015218292
0,0,0.058938842
0,0,0.023219766
0,0,0.05404875
0,0,0.056704644
0,0,0.30600834
0,0,0.39373463
0,0,0.3147873
0,1,0.6134971
0,0,0.018978037
0,1,0.5411967
0,0,0.017359
0,0,0.07483763
0,0,0.15565515
0,0,0.0026834398
0,0,0.08740792
0,0,0.06985835
0,0,0.103839464
0,0,0.009783876
0,0,0.08593914
0,0,0.017627545
0,0,0.0013172914
0,0,0.017695317
0,0,0.00088649895
0,0,0.44467026
0,1,0.5167555
0,0,0.19744444
0,0,0.0073173973
0,0,0.11148281
0,0,0.07211221
0,0,0.0054905633
0,0,0.003999501
0,1,0.7253083
0,0,0.0024871177
0,0,0.3055419
0,0,0.0019342612
0,0,0.2914344
0,0,0.10999225
0,1,0.993346
0,0,0.03015741
0,0,0.010308208
0,0,0.37390438
0,1,0.6208803
0,0,0.012945405
0,0,0.011984203
0,0,0.32815257
0,0,0.044973567
0,0,0.25954401
0,1,0.82032555
0,0,0.120438814
0,0,0.33660358
0,0,0.04208773
0,0,0.015101651
0,1,0.7121821
0,0,0.0054799085
0,0,0.00402291
0,0,0.012920473
0,0,0.032252762
0,0,0.092523664
0,0,0.18824936
0,0,0.028409066
0,0,0.31901532
0,0,0.2407746
0,0,0.047824517
0,1,0.67763406
0,0,0.01660912
0,0,0.15584777
0,0,0.0035518843
0,0,0.038538497
0,0,0.006463138
0,0,0.1338675
0,0,0.42935458
0,0,0.1331332
0,1,0.9810037
0,0,0.47263786
0,0,0.008478402
0,0,0.0054905633
0,0,0.09260569
0,0,0.028980628
0,0,0.25767168
0,0,0.10374863
0,1,0.9986646
0,0,0.14608724
0,0,0.2012632
0,0,0.036459442
0,0,0.046378206
0,0,0.045437217
0,0,0.048181534
0,0,0.32380763
0,0,0.012870749
0,0,0.083665505
0,1,0.6549223
0,0,0.013428254
0,0,0.15348572
0,0,0.2350206
0,0,0.06554499
0,1,0.957794
0,0,0.0041743675
0,0,0.22084615
0,1,0.7096735
0,0,0.02964751
0,0,0.026205413
0,0,0.026330305
0,1,0.7775534
0,0,0.22337706
0,0,0.24355246
0,0,0.050705362
0,0,0.26322046
0,0,0.014036571
0,0,0.05439932
0,0,0.29279748
0,0,0.06650853
0,0,0.18594718
0,0,0.031678624
0,0,0.06142404
0,1,0.77500933
0,0,0.27717942
0,0,0.023464657
0,0,0.02878888
0,0,0.042483203
0,0,0.15386674
0,1,0.68188566
0,0,0.32971537
0,0,0.03594832
0,0,0.014531522
0,0,0.0077555366
0,0,0.26251084
0,0,0.009504082
0,0,0.004314688
0,0,0.14366761
0,0,0.08100938
0,0,0.39972377
0,0,0.013742321
0,0,0.17119972
0,0,0.04676847
0,0,0.042009056
0,0,0.06176271
0,0,0.27683714
0,0,0.36729866
0,0,0.02763772
0,0,0.2607187
0,0,0.039974775
0,0,0.026531337
0,0,0.062388137
0,0,0.04716187
0,0,0.01153039
0,1,0.5452025
0,0,0.0013885231
0,0,0.3835547
0,0,0.08733005
0,0,0.348368
0,0,0.021471238
0,0,0.025347175
0,1,0.62592417
0,0,0.07263671
0,0,0.22962159
0,0,0.009090384
0,0,0.014309456
0,0,0.25701842
0,0,0.02704047
0,0,0.15469497
0,0,0.037291814
0,0,0.020924192
0,0,0.017610641
0,0,0.05921025
0,0,0.019681409
0,0,0.17981842
0,0,0.036220055
0,0,0.029591374
0,0,0.00783105
0,0,0.2243952
0,0,0.10687689
0,0,0.012970388
0,0,0.025468081
0,1,0.787523
0,0,0.0013276093
0,0,0.40751022
0,0,0.29685804
0,0,0.053998843
0,0,0.18432663
0,0,0.11491369
0,0,0.07871317
0,0,0.040162586
0,0,0.015321081
0,0,0.10922978
0,0,0.12373573
0,0,0.018869253
0,0,0.014227046
0,0,0.038683496
0,0,0.020023443
0,0,0.07185127
0,0,0.0061094104
0,1,0.7374419
0,0,0.10502681
0,0,0.03680407
0,0,0.16844618
0,0,0.30683848
0,0,0.16899407
0,0,0.058614686
0,0,0.11157958
0,0,0.0034096357
0,0,0.05198967
0,0,0.06430006
0,1,0.8894329
0,1,0.50146484
0,0,0.3523689
0,0,0.060807653
0,0,0.06383161
0,0,0.078078166
0,0,0.05696638
0,0,0.003802225
0,0,0.08663207
0,0,0.048002712
0,0,0.23091976
0,0,0.050237365
0,0,0.07075197
0,0,0.013795364
0,0,0.0023920655
0,0,0.010881333
0,0,0.42886117
0,0,0.030329255
0,0,0.1595445
0,0,0.08159291
0,1,0.8109285
0,0,0.056444023
0,1,0.8919523
0,0,0.011309892
0,0,0.37837294
0,0,0.120025635
0,0,0.05926467
0,1,0.6920179
0,0,0.0021322616
0,1,0.8509647
0,0,0.18884702
0,1,0.5264797
0,0,0.034815196
0,1,0.5064541
0,0,0.3585215
0,0,0.030559864
0,0,0.040351234
0,1,0.6148566
0,0,0.047118
0,0,0.30574915
0,1,0.9836912
0,1,0.59765196
0,1,0.6722241
0,0,0.02532306
0,0,0.017678348
0,0,0.36996925
0,0,0.13217813
0,0,0.17092277
0,1,0.8439594
0,1,0.7180016
0,0,0.4214625
0,1,0.84740037
0,0,0.39919668
0,0,0.109801196
0,1,0.82544905
0,0,0.41679668
0,1,0.97331697
0,0,0.21036048
0,0,0.010150015
0,0,0.32471702
0,1,0.9333701
0,1,0.95068645
0,0,0.31605253
0,0,0.11576064
0,0,0.20354918
0,1,0.93367314
0,1,0.77321637
0,0,0.11696559
0,0,0.107812636
0,0,0.38021222
0,0,0.11997406
0,1,0.70456684
0,0,0.02132808
0,0,0.19375686
0,0,0.48482978
0,0,0.07276838
0,0,0.030763034
0,1,0.74087805
0,1,0.93645954
0,1,0.84765273
0,0,0.11289318
0,1,0.5541689
0,0,0.092359796
0,0,0.41403973
0,0,0.016979992
0,0,0.26241633
0,0,0.11596072
0,0,0.046205748
0,1,0.7225759
0,0,0.21304952
0,1,0.5072779
0,0,0.036838703
0,0,0.086554825
0,0,0.082549304
0,1,0.66268736
0,1,0.73115456
0,0,0.14878775
0,0,0.023021257
0,0,0.015543648
0,0,0.039268754
0,1,0.7451203
0,1,0.5569569
0,0,0.08889936
0,0,0.058399517
0,0,0.0058539603
0,0,0.06506811
0,0,0.047691286
0,0,0.41406935
0,0,0.4349713
0,0,0.077587515
0,0,0.3795796
0,1,0.6133234
0,0,0.35259178
0,0,0.16769518
0,0,0.23713401
0,0,0.26769522
0,0,0.4484414
0,0,0.16244647
0,1,0.6522968
0,0,0.4955026
0,1,0.87434566
0,0,0.08225394
0,0,0.01668906
0,0,0.14211279
0,0,0.10800065
0,0,0.10539454
0,0,0.31116515
0,1,0.61889565
0,1,0.91321325
0,1,0.9431908
0,1,0.9315248
0,0,0.06785488
0,0,0.033462934
0,0,0.032497503
0,0,0.24826072
0,0,0.26889342
0,0,0.015365342
0,0,0.099382766
0,0,0.30167055
0,0,0.107156865
0,1,0.5107939
0,0,0.4217602
0,0,0.0672398
0,1,0.86390907
0,0,0.016914913
0,0,0.2155158
0,0,0.021635992
0,0,0.04401865
0,1,0.9774139
0,1,0.68236214
0,0,0.4370725
0,0,0.29900286
0,0,0.08079155
0,0,0.100967236
0,0,0.1999321
0,1,0.59188545
0,0,0.010860332
0,0,0.08269735
0,0,0.21609424
0,1,0.5425982
0,1,0.5955219
0,1,0.56703776
0,0,0.07978202
0,0,0.37952211
0,1,0.63934207
0,0,0.21403357
0,0,0.024916517
0,1,0.72574586
0,0,0.10275401
0,1,0.55296975
0,1,0.5928434
0,0,0.033273943
0,0,0.027402505
0,0,0.008283627
0,0,0.053998843
0,0,0.4916599
0,0,0.19352813
0,0,0.02428387
0,0,0.09920809
0,0,0.22944887
0,1,0.9748452
0,0,0.33589524
0,1,0.8962514
0,0,0.09384396
0,0,0.24835184
0,0,0.27556816
0,0,0.34847882
0,0,0.47434205
0,0,0.014756983
0,0,0.43656197
0,0,0.1791712
0,0,0.093595125
0,1,0.9285385
0,0,0.013299493
0,0,0.044183318
0,0,0.13551785
0,1,0.6917057
0,0,0.05439932
0,0,0.121268876
0,0,0.008124709
0,0,0.19852991
0,0,0.00577493
0,1,0.9420286
0,0,0.23970512
0,0,0.44810924
0,1,0.5341873
0,1,0.9723885
0,1,0.5030593
0,1,0.7422349
0,0,0.45721245
0,0,0.3250383
0,0,0.15514246
0,1,0.6597889
0,0,0.28701782
0,0,0.24292332
0,0,0.026305282
0,1,0.58456767
0,0,0.46846387
0,0,0.06878729
0,1,0.7824132
0,1,0.914977
0,1,0.9968087
0,1,0.91086304
0,0,0.09687654
0,0,0.13805456
0,0,0.4788563
0,1,0.520259
0,1,0.78423643
0,1,0.8444732
0,1,0.7364006
0,0,0.020004287
0,0,0.28987402
0,1,0.67442584
0,1,0.52895546
0,0,0.03771482
0,0,0.0085443305
0,0,0.21190566
0,1,0.74871993
0,0,0.0043823365
0,0,0.37897608
0,1,0.59511024
0,1,0.7832433
0,0,0.046291903
0,0,0.294976
0,0,0.25823247
0,0,0.20825943
0,0,0.18206167
0,1,0.59646255
0,0,0.014420069
0,1,0.61245453
0,0,0.13563229
0,0,0.08351589
0,1,0.8564525
0,1,0.9750122
0,0,0.48765814
0,0,0.046638038
0,0,0.4850775
0,0,0.47431916
0,0,0.24935585
0,0,0.045819953
0,1,0.55576676
0,1,0.8990328
0,0,0.22524616
0,0,0.43618667
0,0,0.08336651
0,0,0.41633677
0,0,0.040807474
0,0,0.027690258
0,1,0.7717575
0,0,0.0973904
0,1,0.50430286
0,0,0.08897849
0,0,0.37230548
0,0,0.3577358
0,1,0.99568534
0,1,0.93318766
0,1,0.9530133
0,1,0.9914887
0,0,0.07899691
0,0,0.39490083
0,0,0.0111580305
0,1,0.54514384
0,1,0.7718435
0,0,0.107250325
0,0,0.068662286
0,0,0.43705377
0,0,0.38150755
0,0,0.12570794
0,0,0.22405545
0,0,0.48328835
0,0,0.03904829
0,0,0.3565587
0,0,0.294976
0,0,0.14457104
0,0,0.3859242
0,0,0.1728689
0,0,0.107718736
0,1,0.77398604
0,0,0.01533582
0,0,0.086554825
0,0,0.20938884
0,0,0.24422778
0,0,0.007135252
0,0,0.4946329
0,0,0.1416966
0,0,0.13454832
0,0,0.06198946
0,0,0.051749542
0,0,0.15247342
0,1,0.5886527
0,0,0.03581319
0,0,0.090896755
0,0,0.26683462
0,0,0.25771835
0,0,0.0062291576
0,0,0.026006784
0,0,0.00997492
0,1,0.6266812
0,0,0.14330755
0,0,0.047602657
0,0,0.08151975
0,0,0.02532306
0,0,0.10687689
0,0,0.16613355
0,1,0.6406078
0,1,0.5393396
0,0,0.42735192
0,0,0.008711384
0,0,0.091463216
0,0,0.3747621
0,0,0.020119479
0,0,0.3845943
0,0,0.08517511
0,0,0.22160326
0,0,0.035144847
0,0,0.25813892
0,0,0.36144638
0,0,0.22678365
0,0,0.030329255
0,0,0.0036642202
0,1,0.76585615
0,0,0.06884987
0,0,0.47492796
0,1,0.9457512
0,0,0.012624948
0,1,0.9967649
0,0,0.034716886
0,0,0.027769243
0,0,0.24935585
0,0,0.26095408
0,0,0.019870715
0,0,0.1133831
0,0,0.027066177
0,0,0.07510853
0,0,0.010328153
0,0,0.02532306
0,1,0.97085404
0,0,0.082180254
0,0,0.061593153
0,1,0.7690802
0,0,0.022564495
0,0,0.08173938
0,0,0.012053779
0,0,0.3069943
0,0,0.02532306
0,1,0.702377
0,0,0.010448625
0,1,0.5519096
0,1,0.5861676
0,0,0.09081609
0,0,0.16191569
0,0,0.21983956
0,0,0.18462045
0,0,0.20681395
0,1,0.9559813
0,1,0.93546456
0,0,0.2780607
0,0,0.12152929
0,1,0.96408546
0,0,0.016914913
0,1,0.8135349
0,1,0.7867048
0,0,0.23519619
0,0,0.06572467
0,1,0.90590656
0,0,0.00619299
0,1,0.9381806
0,1,0.88453895
0,0,0.3587461
0,0,0.0120770605
0,1,0.5366468
0,0,0.037573304
0,0,0.23005375
0,1,0.6077214
0,0,0.37210584
0,0,0.23248433
0,0,0.3373127
0,0,0.48079482
0,1,0.54965574
0,0,0.2695659
0,1,0.84208554
0,1,0.92944044
0,0,0.013020489
0,0,0.014559518
0,0,0.097734325
0,0,0.023779985
0,0,0.12278593
0,0,0.17092277
0,0,0.19536372
0,1,0.845624
0,0,0.19899648
0,0,0.12373573
0,1,0.73139447
0,0,0.02704047
0,0,0.12549345
0,1,0.99090964
0,1,0.65742844
0,0,0.4955598
0,0,0.077099696
0,0,0.027795624
0,0,0.381018
0,0,0.22354653
0,0,0.012455653
0,0,0.13006428
0,0,0.23642808
0,0,0.41558057
0,0,0.18155324
0,0,0.047691286
0,1,0.7932662
0,0,0.050237365
0,0,0.25959095
0,1,0.7619816
0,0,0.47985026
0,1,0.5674273
0,0,0.050470848
0,0,0.060975183
0,0,0.15662017
0,0,0.12490517
0,0,0.010189338
0,0,0.33287942
0,0,0.40237746
0,1,0.5171432
0,0,0.38395888
0,0,0.3702254
0,0,0.3736758
0,0,0.0037580945
0,1,0.62337685
0,0,0.26388383
0,0,0.051462766
0,1,0.92944044
0,0,0.026305282
0,0,0.17133832
0,0,0.06928941
0,0,0.26530904
0,0,0.1727991
0,0,0.11289318
0,0,0.34257153
0,0,0.20649374
0,0,0.29421496
0,0,0.13586144
0,1,0.6058282
0,0,0.036700353
0,1,0.99333304
0,0,0.012359919
0,1,0.6277801
0,0,0.013121271
0,0,0.10061321
0,1,0.633807
0,0,0.02353188
0,0,0.38954654
0,0,0.03541073
0,0,0.3480078
0,0,0.066629894
0,0,0.17455094
0,0,0.40289128
0,0,0.007403014
0,0,0.23187502
0,0,0.37310463
0,0,0.021948254
0,0,0.02532306
0,0,0.22185604
0,1,0.9748452
0,0,0.21036048
0,0,0.035880696
0,0,0.20665379
0,0,0.079638734
0,0,0.16059488
0,1,0.87914675
0,1,0.5841526
0,1,0.7587788
0,0,0.35031024
0,1,0.55852264
0,1,0.99420255
0,1,0.56457865
0,1,0.51957273
0,1,0.94934165
0,0,0.30141348
0,1,0.62119627
0,1,0.51319194
0,0,0.067423776
0,0,0.051415112
0,1,0.84260434
0,1,0.79645085
0,0,0.09653531
0,1,0.5639334
0,0,0.22807053
0,1,0.78703237
0,0,0.35989827
0,1,0.545507
0,0,0.15463115
0,0,0.22862978
0,0,0.17043896
0,1,0.6649755
0,0,0.33149835
0,1,0.8145696
0,1,0.89029425
0,1,0.5778527
0,0,0.016979992
0,0,0.12236581
0,0,0.0212467
0,0,0.08709683
0,0,0.20825943
0,0,0.18432663
0,0,0.11681437
0,0,0.38569275
0,0,0.18520923
0,1,0.97038054
0,1,0.7291342
0,0,0.028544152
0,0,0.3863582
0,0,0.09534946
0,0,0.2244802
0,1,0.6929537
0,0,0.14773953
0,0,0.18075652
0,1,0.78858316
0,1,0.9839708
0,0,0.02017732
0,0,0.10753115
0,1,0.82976806
0,0,0.013171949
0,0,0.462602
0,1,0.7128323
0,0,0.14841712
0,0,0.10613344
0,0,0.036838703
0,0,0.17476211
0,0,0.05276519
0,0,0.0672398
0,1,0.9465473
0,1,0.93784
0,0,0.33977285
0,0,0.18344732
0,1,0.9598375
0,0,0.062160026
0,0,0.33458945
0,1,0.67217034
0,0,0.039011665
0,1,0.8951567
0,0,0.10927729
0,0,0.19884089
0,0,0.029816542
0,0,0.03330537
0,0,0.2393938
0,1,0.64131004
0,0,0.34881148
0,0,0.41566953
0,0,0.052667655
0,1,0.59881085
0,0,0.029929748
0,0,0.31753206
0,1,0.5204392
0,0,0.29426566
0,0,0.1949036
0,1,0.7782283
0,1,0.7440989
0,0,0.030357992
0,0,0.02824778
0,0,0.060696203
0,1,0.87174803
0,0,0.057918087
0,1,0.81077874
0,0,0.14021848
0,0,0.14773953
0,0,0.013299493
0,1,0.65671337
0,1,0.6538456
0,0,0.051415112
0,0,0.008881674
0,0,0.29088014
0,1,0.7665559
0,0,0.23934935
0,0,0.07730842
0,0,0.13100637
0,0,0.30730605
0,1,0.5295447
0,0,0.22278468
0,0,0.13006428
0,0,0.037186775
0,0,0.019832714
0,1,0.6592955
0,0,0.13517499
0,0,0.019124037
0,1,0.8873023
0,0,0.22815649
0,0,0.062103122
0,1,0.896614
0,1,0.6950794
0,1,0.75387454
0,1,0.6692046
0,0,0.010328153
0,0,0.19821934
0,0,0.01572399
0,0,0.025443858
0,0,0.38682136
0,0,0.18133569
0,0,0.1969034
0,0,0.2887195
0,0,0.06973155
0,0,0.17307845
0,0,0.28076425
0,1,0.5402076
0,0,0.16906264
0,0,0.06620602
0,0,0.047118
0,1,0.5224756
0,0,0.11726853
0,1,0.67356753
0,0,0.3861556
0,0,0.43779346
0,0,0.18162581
0,0,0.40703875
0,1,0.6071101
0,1,0.8961605
0,1,0.83196384
0,0,0.15424857
0,0,0.1056711
0,0,0.0046185427
0,0,0.17553806
0,0,0.25155577
0,0,0.11148281
0,0,0.16059488
0,0,0.3299852
0,0,0.19314738
0,0,0.015218292
0,1,0.98154205
0,0,0.120180435
0,0,0.04196977
0,1,0.904903
0,0,0.00932197
0,0,0.31462938
0,0,0.020332353
0,0,0.48982376
0,0,0.25706506
0,0,0.4183404
0,0,0.3472604
0,0,0.057334732
0,1,0.65290564
0,1,0.5409542
0,1,0.7892337
0,1,0.8590736
0,1,0.83528215
0,0,0.08921626
0,0,0.30079693
0,0,0.23846151
0,0,0.083965465
0,0,0.02824778
0,0,0.045777272
0,0,0.3843054
0,0,0.0349467
0,1,0.63207704
0,0,0.19498022
0,1,0.9442283
0,0,0.2869679
0,0,0.49169996
0,0,0.26937366
0,1,0.8586593
0,0,0.043772742
0,0,0.14378779
0,0,0.2580922
0,1,0.8964329
0,0,0.11392417
0,0,0.2539535
0,1,0.6435533
0,0,0.057229258
0,0,0.45557705
0,0,0.14773953
0,0,0.3280449
0,0,0.022542968
0,0,0.25054586
0,0,0.09025324
0,0,0.07204688
0,0,0.05033063
0,0,0.10248422
0,1,0.6683393
0,1,0.51388955
0,1,0.9524416
0,0,0.4106824
0,0,0.077099696
0,1,0.62986004
0,0,0.3541538
0,0,0.4826577
0,0,0.053009775
0,1,0.67912555
0,1,0.8676537
0,1,0.5857011
0,0,0.28756768
0,0,0.11221038
0,0,0.0035174885
0,0,0.103839464
0,0,0.35633466
0,1,0.97885466
0,0,0.4742507
0,1,0.5208962
0,0,0.33966333
0,0,0.0036713579
0,1,0.8805405
0,1,0.90878
0,0,0.013222822
0,1,0.67661995
0,1,0.91078377
0,0,0.033621218
0,0,0.01461567
0,0,0.032191858
0,0,0.06966823
0,1,0.94018847
0,0,0.0059571536
0,0,0.047074176
0,0,0.3522575
0,0,0.0042069694
0,0,0.037012346
0,0,0.14773953
0,0,0.12581532
0,0,0.034036156
0,0,0.31747916
0,0,0.13591877
0,1,0.70354944
0,0,0.4296088
0,0,0.05291181
0,1,0.82190347
0,0,0.41584742
0,0,0.19049802
0,0,0.25506523
0,1,0.9416005
0,1,0.8769509
0,1,0.7050748
0,0,0.14773953
0,0,0.016152835
0,0,0.29330325
0,0,0.064830884
0,0,0.038938507
0,0,0.14773953
0,1,0.820757
0,0,0.04360953
0,0,0.40066144
0,0,0.12857984
0,1,0.6016374
0,0,0.0022606407
0,0,0.09947021
0,0,0.1320102
0,0,0.3018763
0,0,0.3683773
0,1,0.5860195
0,1,0.8965235
0,0,0.4670811
0,1,0.9296323
0,1,0.6859495
0,1,0.7913377
0,0,0.1483554
0,0,0.022999303
0,0,0.24015035
0,0,0.03584693
0,0,0.10613344
0,1,0.9784259
0,0,0.14223188
0,0,0.17759682
0,1,0.8481565
0,0,0.40674412
0,1,0.7759446
0,0,0.4058166
0,0,0.0067449897
0,0,0.016529558
0,1,0.92262185
0,1,0.52257526
0,1,0.5409542
0,1,0.7119819
0,1,0.7186438
0,0,0.37647983
0,1,0.9222726
0,0,0.4552667
0,1,0.92529744
0,1,0.8219749
0,0,0.23005375
0,1,0.97517824
0,0,0.23519619
0,0,0.0032350558
0,1,0.89533985
0,0,0.04747001
0,0,0.09285216
0,1,0.7379143
0,0,0.16085833
0,0,0.25991955
0,0,0.05444958
0,1,0.92976
0,0,0.0120770605
0,0,0.16728666
0,1,0.7785651
0,1,0.70755625
0,1,0.9090225
0,0,0.061593153
0,0,0.30730605
0,0,0.14294825
0,0,0.12901816
0,1,0.9212869
0,0,0.42074832
0,1,0.9683812
0,0,0.45753816
0,1,0.6703925
0,1,0.6444489
0,0,0.04189131
0,0,0.47330728
0,1,0.7567173
0,1,0.6582528
0,0,0.22346178
0,1,0.7464164
0,0,0.06973155
0,0,0.08411581
0,0,0.09747628
0,0,0.19193278
0,0,0.44551447
0,0,0.26697797
0,0,0.05136751
0,0,0.18097351
0,1,0.9182606
0,1,0.57544637
0,0,0.04369106
0,0,0.2594971
0,0,0.4665033
0,0,0.16471791
0,0,0.004248079
0,1,0.7659437
0,0,0.28711775
0,1,0.9257015
0,1,0.7672542
0,1,0.8512741
0,1,0.8692158
0,0,0.39530924
0,0,0.11526177
0,1,0.6008619
0,0,0.16344546
0,0,0.02732453
0,1,0.828731
0,0,0.37150708
0,1,0.7349764
0,0,0.14971775
0,0,0.016979992
0,0,0.49701318
0,1,0.6633964
0,0,0.1325707
0,1,0.5036773
0,1,0.6928498
0,0,0.023825366
0,1,0.5502675
0,0,0.10650459
0,1,0.7886646
0,0,0.051130094
0,0,0.008916127
0,1,0.55978644
0,0,0.09619517
0,0,0.22686929
0,1,0.5787904
0,1,0.84878427
0,0,0.41406935
0,0,0.22815649
0,0,0.0037580945
0,0,0.3408142
0,0,0.24229525
0,0,0.44629863
0,0,0.36466444
0,1,0.95013416
0,1,0.9298237
0,0,0.15863001
0,1,0.6324744
0,0,0.13212213
0,0,0.3138402
0,1,0.9278225
0,1,0.8404555
0,0,0.12646118
0,0,0.14773953
0,0,0.15533455
0,0,0.47519433
0,0,0.12533277
0,0,0.19284318
0,0,0.18795107
0,0,0.20521657
0,0,0.22507578
0,0,0.054600604
0,1,0.98337495
0,1,0.6749617
0,1,0.81412673
0,1,0.5423861
0,0,0.45729578
0,0,0.10800065
0,0,0.40066144
0,0,0.17924304
0,0,0.020119479
0,0,0.16304526
0,1,0.5555407
0,1,0.553592
0,0,0.10338596
0,0,0.28676808
0,1,0.9267028
0,0,0.21003625
0,0,0.2060141
0,0,0.03355782
0,0,0.06941547
0,0,0.1205423
0,1,0.8275496
0,0,0.12205153
